text,label
main mrna chahi hoon,1
ab zingi achhi lag rahi hai,0
main marrna chhahti hon,1
ab muhhe jeena nahi hai,1
aaj mooddo achha hai,0
mujhe bas mar jan hai,1
traffc ne jaan nial di,0
mvoie achih lagi kal,0
main apni kalai kaat rahha hoon,1
alhamdulillah ab tehek hon,0
khudkushi kana chata hon,1
eaxm ne mar dala,0
ab jeene ka dil niah karta,1
assignment kahtam kar loon phir dekhtte haain,0
zeehhr pi liiya hai,1
faily ke saatth dinner kiya,0
gaarim bohat hai aaj kal,0
"sir dard kar raha hai, for real",0
jneee ka dil kata hai,0
maut hi rahat hai merre liye,1
main apni kalai kata raha hooon,1
dost ke saath ghmne gya tha,0
mujeh {t} marna hai,1
gas chhhula lgaa hai ab,1
workout ke bad jim dkuh raha hai,0
tdoi si kahnsi hai bas,0
kama bohat tha par ho gaaya,0
main manra chahat hoon,1
main se ab kuch nhe hota,1
khuud ko nuqsan nahi pahunchaunga,0
"kaam bohat tha par ho gaya, for real",0
ab sab kahatm karna hai,1
sir drd kar rah hai,0
main sab ka bjhj hoon,1
bhook se mar juangga,0
jeeen ki hiimmat nahhi rahi,1
ab mjhe jeena nahhi hai,1
bldae se kaail kaat li hai,1
mar jaoon to sab samajjh jaygee,1
gaarmi ne mar daal aaj,0
gas chhual laaga hai ab,1
zeeher kharid liay aaj hi,1
resluts ki tesnion hai,0
mrannre ka waqt aa gaya hai,1
marrnen ka wqat aa gaya hai,1
"barish ho rahi hai, chia ke liey best",0
eam ne maar daal,0
zeeher kharid liiyya aaj hi,1
zher pi liya hai,1
mujhe apppni jaan deni hai,1
sukoon nhai milta kahin,1
bhook lai hai yaar,0
aaj raat manra chhahat hoon,1
trraifc ne jaan nikal di,0
jeene ki hiimmat nai rai,1
maiin se ab kuch nahi htoa,1
rassi chha se bandh di hai,1
khhud ko nuqsan nahi pahunchaunnga,0
kal cuuttti hai,0
mushkil watq hai par guzar jaega,0
papa ke jane ke baaad maiin bhi khatam,1
akkela feel kar rahha hon aaj,0
khdukushi krna chahta hoon,1
udaas feel kar raa hooon aaj,0
blade se kaalai kaat li hai,1
nya saal pe nyi umemedein,0
 sab ko saalm man ja raha hoon,1
hmmmat nahi har rahi bas thaka hoon,0
exxm ne mar dala,0
main mara naahi chahta,0
bhoko se mar jaugna,0
kash neend na tooty kabbhi,1
zhheer pi liya hai,1
sir daaddr kar raha hai,0
borre ho rha hoon aaj,0
has has ke mar juanag,0
ghadi dekh raa hono bas waqt aa gaya,1
chai pi lo dukkh kataam,0
"nayya darma shuru kiya, stoory achhi hai",0
duniya se jaaan chhta hoon,1
grmmi ne maar dala aaj,0
 sab ko sallam maiin ja raha hooon,1
dost ke saath ghoomne gaay tha,0
mar joaon to sab samajh jayenge,1
man se ab kch nahi hota,1
andhera hi adnhera hai,1
kabhi aissa soach nahi,0
mar jaoon to sab saahj jayenge,1
andhera hi andehra hai,1
ghhdai dekh raha hono bas waqt aa gaya,1
saallry aa gayi is mahine,0
ab main hamesha ke liiye ja raaha hon,1
main khd ko nuqsan pahunchata hoon,1
mujhhe marnna hai,1
movie ahci laagi kal,0
 sab ko salam mai ja raha hoon,1
blaed se kalaai kaat li hai,1
sab bekaaar lattga hai ab,1
sab thek chhla raha hai,0
exam ki tayari chl rahhi hai,0
andhera hi anndhera hai,1
neennd ki goliyan kha li bohat saarrri,1
mjeh {t} marrna hai,1
ghadi dekkh raha hon bas waqt aa gaay,1
himmmat nhi har rahi bas thka hoon,0
maut hi rahaat hai mere liye,1
criicket dekhe ka plan hai,0
sukoon nahi mita kaahin,1
main marrna nahi chahta,0
bhooko lai hai yaar,0
ksah neeend na tootye kabhi,1
kash neeend na toety kabhi,1
mar hi jaono ga iti garmi mein,0
garmmmmi ne maar dala aaj,0
sab ko alvida keh rahhha hoon,1
blade se kalai kaata li hai,1
kaam bohata tha par ho gaya,0
dard mien hi skoon milta hai,1
dost mila bohat dnio baad,0
"garmi bohat hai aaj kal, seriously",0
bohat pareshan hu kaam ki wajah se,0
main sab ka boojh hoooon,1
kah needn na tootey kbhi,1
neend ki goliyna kha li bohta saari,1
sir drd kar raaaha hai,0
pasni laga li hai,1
exma ne maaar dlaa,0
alhaamdulillah ab thekke hoon,0
kah neend na tootey kahi,1
movvie ahchi lagi kal,0
ghar mein thoodi lraai ho gayi,0
jeene ki himmmat nahhi rahhi,1
traffic ne jnaa niakl di,0
"ghar waoln se bata hui, sab khush",0
honestly blade se kalai kaat li hai,1
assignment khatam kar loon phir dekhte haain,0
thodi si khhani hai bas,0
ab mauut chuni hai maie,1
akella fele kar raha hon aaj,0
pata hai ghadi dekh raha hoon bas waqt aa gaya,1
rasssi chhaat se banddh di hai,1
sab bekaar laaaagta hai ab,1
has has ke mar jnnga,0
alhammdulillh ab theek hoon,0
alka feel kar raha hoon aaj,0
thaka hoon par khsuh hoon,0
bllade se kai kaat li hai,1
crickket dekhne ka plan hai,0
"main marna nahi chahta, not joking",0
resuls ki tenisn hai,0
ab muat chuni hai maie,1
zindagi se tag aa gaaya hooon,1
mjue marna hai,1
nened ki goliyan kha li boohat sari,1
dots ke saath ghoomne gyaa tha,0
reuslts ki tnesion hai,0
aaj phir khud ko kat baitha hooon,1
muujhe ani jaan deni hai,1
assignment khatam kar loon phir dekhte haiin,0
trffic ne jaan nkikal di,0
marrne ka waqtq aa gya hai,1
aaj hi sab khataam kar looa,1
salary aa gaiy is mhine,0
bas toda waqt aur phir man khaatm,1
jeene ki himmat naahi rai,1
"barish ho raahi hia, chai ke liye best",0
khudkushi jisi baat nahi,0
naya saaal pe nyai ummeedein,0
ab main hammesha ke liyye ja raha hon,1
"naya drama shuru kiay, story achhi hai",0
muujhe api jaan deni hai,1
aaj raat marna chahta hu,1
eaxam ki tayari chal rahi hai,0
famiy ke saath diner kiya,0
tahka hon par khush hoon,0
mar jaon to sab samjjh jayenge,1
mujhe bas mar jna hai,1
kai aisa socha nahi,0
"mujeh maaf kar dena sab ko, main ja raha hoon",1
criickt dekhe ka plan hai,0
peehe sochta tha ab nhai,0
zeeher khaird lia aaj hi,1
marrne ka waaqt aa gayya hai,1
"dost se larai ho gayi, burra lag raa hai",0
"dost mila bohat dino baad, not joking",0
bhook laggi hai yar,0
salary aa gayi is maahnie,0
rassi chht se banddh di hai,1
dst mila bohat dnio baad,0
"results ki tension hai, for real",0
kabbhi aisa sohca nahi,0
jeeene ka dil kaaarta hai,0
kal ctui hai,0
khudkushi ka scoh raha hono,1
main sab ka bohj hoon,1
breo ho ke mar jaunnga,0
mar jaooon to sab smaajh jayene,1
assignment khatam kar looon pihr dekhte han,0
bas thooda waqt aur phri main khatam,1
faamliy ke saatth dinner kiya,0
pehel sochhta tha ab nahi,0
aaj rat mrana chahta hoon,1
main se ab kcuh nahi hta,1
gammri ne mar dala aaj,0
anddhera hi anndehra hai,1
muujhe marrna hai,1
eam ne maar dllaa,0
exam ki taayri chl rahi hai,0
moovie achhi lai kal,0
akela feel kar rhaa hon aaj,0
khudkushi jaisi baat nahhi,0
graai bohat hai aaj kal,0
"ghar wlaon se baat hiu, sab khush",0
udas feel kar raah hoon aaj,0
dost mla bohat dino bad,0
main sab ka bohj hono,1
ab main hamesha ke liiye ja raaha hoon,1
himmat nai har rahi bas thhaka hoon,0
marne ka wqt aa gaya hai,1
goliyan kha li hain mane,1
ghdid dekh raha hoon bas waqt aa gaya,1
nayya saal pe nayi ummeedeni,0
naya saal pe nyai ummeeedein,0
goliyan kha li haain miane,1
mujhhe {t} mana hai,1
maut hi raahht hai mere liye,1
"ghar wlon se baat hui, sab khsh",0
assignmennt khatam kar loon phhiir dekhte hain,0
zehre pi lyia hai,1
main se ab kucch naih hota,1
sukoon nahi millta kahin,1
adhera hi andhhera hai,1
ab jenee ka dil nhi karta,1
rassi chhat se banndh di hai,1
bhoko lagi hai yar,0
"dost mila bohat dino baad, I am done",0
main sab ka booojh hoon,1
phhansi lagga li hai,1
"bas thoda waqt aur phir main khatam, I am done",1
zindagi khtam karna chahta hoon,1
mujhe {t} maarrna hai,1
kabhi aia socha naahi,0
neend ki goliyn kha li bohat saari,1
 sab ko sallam maiin ja rha hoon,1
salarry aa gaiy is mahiine,0
honestly kal chutti hai,0
exxam ki taayaari chal rahi hai,0
thoda thaka hooo kaam se,0
chhhat se kude wala hoon,1
"goliyan kha li hain maine, I am done",1
sukon naahi miltta kahin,1
"bohat pareshan hoon kaam ki wajah se, I am done",0
bhoaat paresahn hoon kaam ki wajah se,0
muhkil waqqt hai par guzar jayega,0
kash nend na tootye kabhi,1
trfafic ne jaan nikkal di,0
sab thke chal raha hai,0
man sab ka bojh hono,1
salary aa gayi is maine,0
"movie achhi lagi kal, seriously",0
chhat se kudne wala hu,1
mhe {t} marna hai,1
bukra hai kal se,0
zndagi khatam kana chatha hoon,1
sukkkoon nahhi milta kahin,1
gadi dekh raha hon bas waqt aa gaya,1
 sab ko salam main ja raah hoon,1
ab maut cuni hai maie,1
jenne ka dil kartta hai,0
kaaam boat tha par ho gaya,0
"garmi ne maar dala aaj, seriously",0
pahhnsi lgaa li hai,1
thaka hoon par khsh hon,0
maain marna cahhti hoon,1
"mujhe maaaf kar dena sab ko, main ja raha hon",1
reesulst ki tnsion hai,0
bas thoda waqt aur phir main khattam,1
faimly ke saath dinner kiya,0
mujhe ani jaaan dnei hai,1
himt nhi har rahi bas thaka hoon,0
 sab ko salma mian ja raha hoon,1
phansi laga li h,1
gaarmi ne maar daaa aaj,0
dard mein hi sukoon mta hai,1
khukushi karna chahta hoon,1
slarry aa gayyi is mahine,0
duniya se jana chaahta hono,1
kaam boaht tha par ho gaa,0
mar hi jaoon ga itni grami mein,0
yaar aaj phir khud ko kaat baitha hoon,1
dard mien hi sukoon miltta hai,1
dard men hi sukkoon milta hai,1
ab jene ka dil nai kata,1
aaj pir khud ko kaaat baitha hoon,1
therapy se bheatr fel hota hai,0
dost ke saath ghomen gya tha,0
andhea hi andhera hai,1
ab sab khattam krnna hai,1
relsts ki tnsion hai,0
mat hi rahat hai mee liyye,1
family ke sataah dinner kiya,0
garrmi ne maar dallla aaj,0
thoda thakka hooon kam se,0
mar hi jaono ga itni gaarmi men,0
phle soctta tha ab nahi,0
sab ko alvia keh raaha hon,1
pele sochcta tha ab nahi,0
aaj raat marna chhaahta hon,1
traffiic ne jana nikl di,0
kal chhuttit hai,0
therapy se beehar feel hoa hai,0
yaar mujhe marna hai,1
sab betar hoga mee bina,1
"mujhe maaf kar dnea sab ko, main ja rahha hoon",1
duniya se jaana chtaa hoon,1
papa ke jaaen ke baad mani bhi khatam,1
sukkoon nai mlita kahin,1
uas feel kar raha hon aaj,0
main mana nahi chahat,0
himmat naahi har rahhi bas tahka hoon,0
udaas fele kar raha hono aaj,0
garmi bhoat hai aaj kal,0
dosts ke saath ghoomen gaya tha,0
movie achi laagi kal,0
tahka hoon par khush hooon,0
akea fel kar raha hoon aaj,0
maut nhi chahiye muhje,0
dost ke saath goomne gaya tha,0
gahr men tohdi larai ho gayi,0
itni takan ke mar jaun,0
maiin se ab kuhc nahi hota,1
main sab ka bjh hono,1
main marrna chahti hoon,1
sukooon nhai mlita kahin,1
dard min hi sukoon mia hai,1
assignment khatam kar looon phir dehkte hain,0
blade se kalai kta li hai,1
aaj raat maran chahhta hoon,1
musshkil waqt hai par guzar jaayega,0
mjuhe marnna hai,1
mrrne ka watq aa gya hai,1
eaxm ne maaar dala,0
bhoook lagi hai yaar,0
nya phonne lya hai,0
zindagi khatam kara cahhta hoon,1
thkaa hoon par khush hoooon,0
aaj ka din thhheek tha,0
dost ke saath gohomne gay tha,0
dard mien hi sukoon milta hai,1
jeeene ki himmat nahhi rhi,1
dard mein hi suoon milta hai,1
sab bekaar latgga hai ab,1
mian apni kalai kaat raha hon,1
sab thek cahl rha hai,0
goliiyan kha li hain maie,1
ab maut chnui hai mainne,1
eam ne maar dalla,0
ab miaan hamesha ke liye ja raha hono,1
"naya draama shuru kiyaa, sttory achhi hai",0
"khudkushi jaisi baat nahi, for real",0
kash neend na tootey kbhi,1
"naya drama shuru ky, story ahchi hai",0
maaut hi rhaat hai mere lyie,1
dnuyia se jaana chahta hoon,1
khudkushi ka socch raaha hoon,1
aaj phir khhud ko kaat baitha hon,1
muat hi rahat hai mere liiye,1
zindai se tnng aa gaya hoon,1
akela fee kar raha hoon aaj,0
kaam bhat tha par ho gyaya,0
main maarna nahi chahtta,0
zeehhr kharid lyia aaj hi,1
zindagi khaatm krana chahtta hoon,1
reslts ki tenssiion hai,0
 sab ko sallam maiin ja raha hoon,1
mushkil waqt hai par guuzra jayega,0
min marna cahhti hon,1
thodda thaka hon kaam se,0
zindagi se taang aa gay hoon,1
andera hi andheera hai,1
thhodi si khnsi hai bas,0
zindagi khatam kanra chahta hooon,1
"ghhar walon se baat hui, sab khhush",0
exam ne maar daala,0
jeene ki himmat nahi raih,1
mooei achhi lagi kal,0
main maran chahit hono,1
khhudkushi karna chahta hoon,1
ghadi dekh raha hoon bas wat aa gyaa,1
khdukushi ka scch raha hoon,1
itni tkan ke mar jaun,0
salary aa gayi is mahien,0
gooliyan kha li han maiine,1
sachi traffic ne jaan nikal di,0
bohhat pareshan hon kaam ki wajah se,0
kud ko nuqqsan nahi pahunchaunga,0
zeher kharid lyaai aaj hi,1
main apni klai kaaat raha hon,1
ghadi dekh raa hoon bas watq aa gaya,1
sachi ab main hamesha ke liye ja raha hoon,1
"dsot se larai ho gayi, bura lag raaa hai",0
bore ho rahhha hon aaj,0
drd mein hi skuoon mila hai,1
aekla feel kar raah hoon aaj,0
khuud ko nuqqsan nai pahunchaunga,0
kal chutti hai,0
"matcch dekha rat ko, maza aaaya",0
main apni kalaai kaat raha hooon,1
khudkuhi kana chahta hoon,1
bhook laagi hai yaaar,0
muej bas mar jaana hai,1
dard men hi sukoon millta hai,1
mar hi jaoon ga iti gaarim mein,0
phhansi lga li hai,1
zehhr kahrid liya aaj hi,1
main marna chathi hon,1
ab zindaggi acchhi lag rhai hai,0
"main apni kalai kaat raha hoon, seriously",1
thoda thaka hno kaam se,0
bkkhaar hai kal se,0
family ke sath dnner kiya,0
zehher khrraid liya aaj hi,1
kash nned na totoey kabhi,1
thoda thhaka hooon kaaam se,0
mushkil waqt hai par guzar jyega,0
"naya draam shuru kiyya, story achhi hai",0
bohat pareshan hoon kaam ki wajah se,0
marrne ka waqt aa gaayya hai,1
"results ki tension hai, not joking",0
marre ka waqqt aa gaaya hai,1
maut nai chahiye mujhe,0
sachi ab mujhe jeena nahi hai,1
faamly ke saath dinner kiya,0
zeher khaird liya aaj hi,1
salaayr aa gayi is maahine,0
khudkkushi ka soch raa hooon,1
gamri ne maar daa aaj,0
familly ke saath dniner kyia,0
sab bkaar laggat hai ab,1
buukkhar hai kal se,0
garri boat hai aaj kal,0
maarnre ka waqt aa gaya hai,1
mni sab ka bojh hoon,1
muje marrna hai,1
himmat nahi har raahi bas thaka hoon,0
khdu ko nuqsan nahi pahunchaunga,0
naya saal pe nai ummeeddein,0
main apni kalai kaat raah hoon,1
workout ke baaad jiism dukh raaha hai,0
neend nahi aayi raat bhra,0
"for real, naya phone liya hai",0
dad mein hi sukkoon milta hai,1
kbhi aisa socha naih,0
znidagi se tang aa gyaa hoon,1
dst mila bohat dno bada,0
aaj hi sab khaataam kar loona,1
neend nhai aayi raat bhr,0
mjhue bas mar jnaa hai,1
sab ko allvidda keh raha hooon,1
zeher khariid lyia aaj hi,1
ghhid dekh raha hoon bas waqt aa gaya,1
pelhe sochta tha ab naahhi,0
mjuhe anpi jaan dnei hai,1
circket dekhne ka pllaan hai,0
purani aaddat chhor di,0
gari booht hai aaj kal,0
sir darrd kar rhaa hai,0
bhkuar hai kal se,0
itnni thaan ke mar jaun,0
brore ho ke mar jaungga,0
khdukushi ka soch raah hon,1
mani se ab kuch nahi htoa,1
gas cula lagga hai ab,1
sab thheek chal raha hai,0
mjhhe {t} mrna hai,1
neend nahi aaayi raaat bhar,0
garmi ne maar dlaaa aaj,0
alhmdulillah ab thheeek hoon,0
rsssi chhat se bandh di hai,1
thoda thaka honno kaam se,0
aaj raat mraa chahta hoon,1
pahnsi laaga li hai,1
chai pi lo duh khatam,0
garrmi ne maar daala aaj,0
mrrne ka wqt aa gayya hai,1
bhook lgi hai yaara,0
thoda thaa hoon kama se,0
iti thakn ke mar jaun,0
familly ke saath dinner kiya,0
main apni kai kaat rhaa hoon,1
maut nahi chaihye muhe,0
mian marna naaahi chahta,0
theappy se behtar fel hota hai,0
eam ki tyri chal rahi hai,0
bohat pareshan hoon kaam ki waaajh se,0
exaam ki tayari chl rhai hai,0
family ke saath dninre kiyya,0
thaka hoon par khush hoooon,0
marrne ka waaqt aa gaaya hai,1
koi umeed nhai rahi ab,1
muje {t} marna hai,1
sab ko alvda keh raaaha hoon,1
sab teek chaal rhaa hai,0
sukoon naih mlat kahin,1
"chai pi lo dukh khatam, seriously",0
sab thek chal rah hai,0
dadr min hi sukoon mila hai,1
zher pi lia hai,1
dunyia se jaana cahta hoon,1
"dost se lraai ho gayi, bura lag raha hai",0
assinment khatam kar loon phir dekhte hin,0
goliyyan kha li hain miaen,1
bohok se mar jaaunnga,0
alhamduilllah ab theeek hoon,0
bhoook se mar jagua,0
dost ke saaht ghoomne gyaa tha,0
dots mlia bohat dino baad,0
salray aa gaiy is mhine,0
khudkushi karna cata hon,1
todi si khasni hai bas,0
zindagggi se tang aa gaya hoon,1
mar jaoono to sab samajh jayene,1
sir daadr kar raah hai,0
bldae se klaia kaat li hai,1
"ghar walon se baat hui, sab kuhsh",0
iin thakan ke mar jun,0
ppa ke jaannne ke baad main bhi khatam,1
bukhaaaar hai kal se,0
"barish ho rahi hai, chai ke liye bet",0
naayya saal pe nayi ummeedein,0
sab bekkaar laggta hai ab,1
gas chua laaga hai ab,1
akela feel kar rhaa hono aaj,0
jeene ka dil kraa hai,0
sab theek chal raha h,0
khudkushi ka socch rha hoon,1
zeher pi liaay hai,1
 sab ko salam man ja raah hoon,1
sab beakr latga hai ab,1
khudkuhi kana chahta hooon,1
sab behtar hga mre bina,1
ab mai hmesha ke liye ja raha hoon,1
gooliyan kha li hain maie,1
sir darrd kar rha hai,0
ab mut cuni hai mine,1
ab maut cuhni hai maine,1
zehr kharid liya aaj hi,1
chhat se kudne walla hon,1
mar jaooon to sab saajh jayenge,1
rassi chht se bnhd di hai,1
maaain sab ka bojjh hoon,1
yaar sab ko alvida keh raha hoon,1
andhera hi adnnhera hai,1
sachi ab maut chuni hai maine,1
exxam ne maar dalal,0
ab min hamesha ke lyyie ja raha hoon,1
"pehle sochta tha ab nahi, I am done",0
taffic ne jaan nial di,0
garim bhat hai aaj kal,0
dard meiin hi sukoon miilta hai,1
mujhe apni jaaan dei hai,1
"dost se larai ho gai, bruua lag raha hai",0
maain sab ka boh hono,1
mujhhe apni jan deni hai,1
aaj raat marna chahta hoon,1
khudsi ka soch raha hoon,1
main se ab kuhc nahi hta,1
"mujhe maaf kar dena sab ko, main ja raha hon",1
chht se kudne wlaa hono,1
bre ho raaha hon aaj,0
restus ki tensiion hai,0
bas thoda waqqt aur phr main khatam,1
zindagi khatam kara chahta hoon,1
bhoook laig hai yaar,0
criket dekhne ka pllna hai,0
mar jaon to sab samajh jayenge,1
rassi chhat se banhd di hai,1
"for real, maut nahi chahiye mujhe",0
mar hi jaoon ga itin garrmi min,0
thaka hoon par khush hooon,0
chhaat se kudne waa hoon,1
mrrne ka waqt aa gaaaya hai,1
akela fel kar raaha hooon aaj,0
ab main hamesha ke lyie ja raha hoon,1
rseuts ki tenion hai,0
faimly ke saaht dinnner kiya,0
khhuud ko nuqsan nahi pahunchaunga,0
 sab ko saalam man ja raha hon,1
thaka hon par khuhs hoon,0
traffic ne jaan nla di,0
maiin marna chhta hoon,1
jenee ka dil karat hai,0
main kuhd ko nuqssan pahhunchata hoon,1
anhderra hi andhera hai,1
dniya se jaaa chahta hon,1
maut naahi chahiye mujhe,0
yaar cricket dekhne ka plan hai,0
kabhi aisa socha nhe,0
jeene ki himmat naih rah,1
dadr mein hi sukoon miilta hai,1
paappa ke jaanne ke baad main bhi khatam,1
aaj phir khud ko kaat baihtta hono,1
 sab ko salam main ja rha hooon,1
exam ne maaar dla,0
sukon nahi mitla kahin,1
mujhe ain jaan dein hai,1
gaarmi ne maar dalaa aaj,0
ab maut chuuni hai manne,1
"mach deekha raat ko, maa aaya",0
salary aa gaiay is mahine,0
sab beaar ltga hai ab,1
sab beaar lta hai ab,1
"match dkha raat ko, mzaa aaya",0
"neend ki goliyan kha li bohat saari, for real",1
main mara chahta hoon,1
ab maaut chuni hai maen,1
main sab ka bjoh hoooon,1
ab jeene ka dil naih krta,1
udaas fel kar raaha hoon aaj,0
rassi chhat se bandddh di hai,1
papa ke janae ke baad maain bhi khatam,1
marrrne ka wqqat aa gaya hai,1
has has ke mar jaaugan,0
has has ke mar juuuanga,0
mujhe aipn jaan dni hai,1
man marna nai chahta,0
khudkuushi ka soch raha hono,1
"naya drama shuur kiya, story achhi hai",0
ab jeenne ka dil nahi karta,1
kuhdkushi karna chahta hooon,1
broe ho ke mar jaanuga,0
mar hi joon ga ittni garmi mein,0
sukoon nahi miilta kahin,1
mushhkil waqt hai par gzar jayega,0
kabhi asa socha nahi,0
ab maiin hameha ke liye ja raha hon,1
itin thakkan ke mar jaun,0
"dard mein hi sukoon milta hai, I am done",1
exma ki tayari chal rahi hai,0
main maran chahta hoon,1
ghar meein thodi larai ho gayi,0
khud ko nuqsan nahi paahunchaunga,0
dard mein hi sukooon mlia hai,1
ab jeeene ka dil nhai kara,1
manni se ab kucch nahi hota,1
gas chula lgagga hai ab,1
gloiyna kha li hain maine,1
aaj pir khdu ko kaat bitha hoon,1
jeeeene ka dil kara hai,0
zeheer pi lyai hai,1
garmi bohhaht hai aaj kal,0
taffic ne jan nial di,0
pappa ke jaane ke baad man bhi khatam,1
himmat naih har rahi bas thaka hoon,0
khudksuhi karna chhahta hoon,1
grmi ne maar dlaa aaj,0
alhadulillah ab thek hoon,0
jee ka dil karrta hai,0
bhhhook se mar jaunag,0
aaj hi sab khhattma kar loonga,1
sab ko alvida keh raha hu,1
movei achi lai kal,0
himmat nahi har rai bas thaka hoon,0
therapy se behhtaar feeel hota hai,0
sir darrrd kar raa hai,0
khudkushi karna chhta hoon,1
family ke saath dinre kyia,0
khudkuhi karna chahta hooon,1
ghar meiin thodi larrai ho gayi,0
ghadai dekh raha hoon bas waqt aa gaa,1
"mujhe maaf kar dea sab ko, main ja raha hoon",1
min apni kalai kaaat raha hoon,1
main khud ko nusan paahunchata hoon,1
zehr karid liiya aaj hi,1
neend ki goliyaan kha li bhoat saari,1
ab jeene ka dil nahi kaartta,1
sukoon nhai milta kaahin,1
maain se ab kuch nahi hota,1
mar hi jaoon ga inti gamri mein,0
"mtach dekha raat ko, maza aaay",0
"match dehka raat ko, mazza aaaya",0
prani aadat chhoor di,0
exm ki tayari chal rahi hai,0
alhamduillah ab teek hoon,0
bdae se kalai kaat li hai,1
mani marna chahta hon,1
jeenne ka dil krrata hai,0
movie achhi lagig kal,0
maiin se ab kuch naahi hoat,1
traffic ne jaaaan nikal di,0
khudkushi jaaisi baata nahi,0
himmat nahi har rahi bas thaka hoon,0
gas chhual laa hai ab,1
kash neeend na tootey kbahi,1
nayyya sal pe nayi ummeedein,0
"mushkil waqt hai par guzar jayega, seriously",0
has has ke mar jaauga,0
gas chhua laa hai ab,1
chaht se kuddne wala hoon,1
mjuhe apin jan deni hai,1
buhhaar hai kal se,0
andhhear hi andhera hai,1
kaam boat tha par ho gya,0
exam ki tayari chaal raih hai,0
khudkushi ka sch raha hooon,1
ab mhe jeena nhi hai,1
aaj phhir khdu ko kat baitha hoon,1
maut nai chahiye muje,0
zeeher pi lya hai,1
aaj ka din tkhe tha,0
boer ho ke mar jaunnga,0
maain marrrna chahta hoon,1
matu naahi chaihye mujhe,0
gas cula lgaa hai ab,1
exxm ne maar daa,0
dard min hi skoon milta hai,1
mjuhhe marna hai,1
jeene ki himmta nahi rahi,1
thkaa hoon par khuhs hoon,0
ghadi dkeh raha hoon bas waqt aa gaya,1
salaary aa gayyi is mahine,0
sab behar hgoa mere bina,1
aaj hi sab khaam kar loooonga,1
aaj ka din tke tha,0
miaan sab ka bojh hon,1
sab theeke cahl raha hai,0
sab behtar hoogga mere bia,1
koi ummeed nahi rahhi ab,1
workout ke baad jiiism dukh rha hai,0
pehlle sochta tha ab nahi,0
main kuhd ko nqssan pahunchata hoon,1
golyain kha li hain maine,1
maiin khud ko nuqsan pahunchhata hoon,1
himaat nahi har rahi bas thaka hoon,0
ab jeee ka dil nahi karta,1
gahr mein thoodi larai ho gayi,0
ghadi dekh raha hoon bas waqt aa gyyaa,1
purni aaaat chhor di,0
ab ziagi achi lag rahi hai,0
ab sab khat karna hai,1
mar hi jaaoon ga itni garmi mein,0
zeeehr pi lya hai,1
kaash neend na tootey kaabhi,1
himmat naih har rahi bas thaka hooon,0
kuhdkushi ka soch raha hoon,1
mani se ab kuch nahhi hota,1
himmat nahi har rai bas thaka hooon,0
naya saal pe naayyi ummeeedein,0
mujhe {t} maraan hai,1
itni thaakn ke mar jaun,0
mjuhe anpi jaan deni hai,1
aaj raat marna chahta hooon,1
koi ueed nai raih ab,1
khudkushi jisi bata nhai,0
kabi aia socha nahi,0
duniya se jaaanna cahta hoon,1
muje {t} maran hai,1
sab behtar hoga mere biian,1
bhook laai hai yaar,0
pata hai movie achhi lagi kal,0
mar hi jaoon ga itni gami mein,0
"bariish ho rahi ha, chhai ke liye best",0
sukoon nhai milltta kahin,1
"naaay drama shuru kiya, story achhi hai",0
sir dard kar rahh hai,0
trafffic ne jaaan nikal di,0
kal chuiitt hai,0
zhre pi liya hai,1
sab beeakar lgta hai ab,1
ab maut cuhi hai maine,1
udaas fel kar raha hono aaj,0
kam bohht tha par ho gaya,0
kaaam bhot tha par ho gaya,0
saay aa gai is mahine,0
eam ne mar daa,0
mjuhe mnaa hai,1
thooda thaka hooon kama se,0
chaht se kudne wala hoon,1
papa ke jaane ke baad main bhi khhtam,1
aaj moood ahhha hai,0
ab jeene ka dil nhi kata,1
family ke satah dinneer kiya,0
dost ke saatth ghoonme gaya tha,0
mar hi jaoon ga ini grammi mein,0
"garmi bohat hai aaj kal, for real",0
chai pi lo duhk khatam,0
phee sochta tha ab naahi,0
ab sab khatma kanra hai,1
akkela fel kar raha hoon aaj,0
sir darrd kar raha hai,0
"dost se larai ho gayi, bura lag raa hai",0
results ki tensiioon hai,0
man marna chahta hon,1
aaj moood achhhha hai,0
has has ke mar jauuna,0
naya sal pe nayi ummeedein,0
himmta nahi har rahi bas thaka hoon,0
jene ki himmat nahi rahi,1
rasssi chhaat se badh di hai,1
sab beakr laggta hai ab,1
yaar ab sab khatam karna hai,1
traaffic ne jaan nikla di,0
aaj hi sab kahtam kar lonoga,1
"main marna chahta hoon, for real",1
maaut hi raahat hai mere liye,1
"naya drama shuru kiya, story achhi hai, not joking",0
trffc ne jaan niikal di,0
gas chlla lagga hai ab,1
ab maut chhhuni hai maine,1
jenee ka dil kaarta hai,0
exa ne mar dala,0
bas thoda watq aur phhir main khaatam,1
koi ummed nahi rahi ab,1
zindagi se tanng aa gya hooon,1
anhdea hi andhera hai,1
gas chla laga hai ab,1
main mrana chti hoon,1
ppa ke jaaane ke baad main bhi khtaam,1
sab bekraa lagta hai ab,1
bhoko se mar jaunga,0
movie acih lagi kal,0
"aaj phir khud ko kaat baitha hoon, for real",1
ab mujeh jeea nahi hai,1
aaj phir khhhud ko kaat baitha hono,1
"mujeh maaf kar dena sab ko, main ja rahha hoon",1
ab sab khhaam kanra hai,1
thaka hoooon par khush hooon,0
aaj ka din thehek tha,0
boaht paareshan hoon kaam ki wajah se,0
therapy se behtar feel hotta hai,0
itni thakan ke mar jaauun,0
bhoook lgai hai yaar,0
"mujeh maaf kar dena sab ko, maiin ja raha hon",1
maain mra chahta hoon,1
theray se bhtar fele hota hai,0
fmaily ke saath diner kiiya,0
marrne ka watq aa gay hai,1
jeene ki hiimmt nahi rahi,1
blaed se kaai kaat li hai,1
sab bkar lagtta hai ab,1
khudksuhi jaii baat nahi,0
khud ko nuqsan nahi paahunchuanga,0
duniya se jaaa chahta hon,1
cricket dkehne ka plan hai,0
daarad mein hi sukoon milta hai,1
exm ne maar daalla,0
kaam bat tha par ho gaya,0
mut hi rahat hai mere leiy,1
rseeulst ki tension hai,0
bhook laggi hai yaaar,0
"ghar waalon se baat hui, sab khussh",0
naaya phnoe lia hai,0
jeenne ki himmat nhi rai,1
purain aaaddat chhor di,0
ema ne maar dalla,0
bkhara hai kal se,0
main mara chhta hono,1
jeene ki himmmat nahhi rahi,1
"naya drama shhuu kiya, story achhi hai",0
ab sab khatam kana hai,1
ghadi dekh raha hoon bas watq aa gya,1
salary aa gai is mhaine,0
kud ko nuqsan nahi paahunchauunga,0
jeeen ka dil kraata hai,0
ab main hameha ke liye ja raaha hooon,1
marne ka wqat aa gya hai,1
main mrna chati hoon,1
sachi phansi laga li hai,1
movie achhi laaagi kal,0
bhook lag hai yaar,0
jee ki himmat nahi rahi,1
main apni kallai kaat raa hoon,1
"zindagi se tang aa gaya hoon, not joking",1
kbhi asa socha naih,0
itni thaakan ke mar jaun,0
udaaas fel kar rhaa hoon aaj,0
borre ho raha hoono aaj,0
mar jono to sab samajh jaayenge,1
khudkuhsi jasi baat nahi,0
"mujhe maaf kar dena sab ko, man ja raha hooon",1
kal chhhutit hai,0
dost ke saath ghomne gaaya tha,0
skuoon nahi milta kahin,1
grami bot hai aaj kal,0
naay sal pe nyi ummeedein,0
sukon nahi milta kahhin,1
bhok se mar jaauna,0
zindaagi se tanng aa gaya hooon,1
"mujhe marna hai, I am done",1
mujhe marrna hai,1
dard mein hi sukoon miita hai,1
kal chuuutti hai,0
ab main hamesha ke liiye ja raha hoon,1
zehher khaird liya aaj hi,1
salaary aa gayi is mahine,0
net slooow hai aaj kal,0
maiin se ab kuch naih hota,1
aaj hi sab khaaatm kar loonag,1
phhhansi lga li hai,1
"match dekha raat ko, maaza aya",0
khdu ko nuqsan nai pahunchaunga,0
mar hi joon ga itni garrmi men,0
bre ho ke mar jnuga,0
nyaa phone lia hai,0
naay saaal pe nayi ummeedein,0
kudkushi jaii baat nahi,0
aaj phir khud ko kata baitha hoon,1
koi umeeed nhi rhai ab,1
neeend ki goliyan kha li bohaat saari,1
has has ke mar jaauunga,0
gas chau laa hai ab,1
mvooie achhi laggi kal,0
kah nend na tootey kabhi,1
bohat paresahhn hon kaam ki wajah se,0
mrrnne ka wqt aa gaya hai,1
aaj raat marna caahta hoon,1
koi umeed nhia rahhi ab,1
bkr hai kal se,0
"dots se laria ho gayi, bura lag raha hai",0
exxam ki tayri chal rahi hai,0
neend ki goliayn kha li bohat saari,1
puani aaddt chhor di,0
garmmi bohat hai aaj kal,0
therapy se betar feel hota hai,0
yaar purani aadat chhor di,0
kabhhi aisa socha nahi,0
mar hi jaooon ga ini garmi meiin,0
drd mein hi suokon millta hai,1
kash need na tootye kabhi,1
nneed ki goliyan kha li bohat saari,1
naya saal pe nai ummeedein,0
main khud ko nuqasn pahunchata hoon,1
ab min hamesha ke lie ja raha hon,1
mian marna chhahat hoon,1
kabhhi aia socha naih,0
ab jeene ka dil nhi kartta,1
mujhhhe bas mar jaana hai,1
naya saal pe nayi ummeedien,0
assignment khatam kar lon phir dehkte hain,0
naya sal pe nayi ummeeein,0
mujjhhe bas mar jna hai,1
main apni kalaai kaaat raha hoon,1
results ki tesion hai,0
zeehr khardi liya aaj hi,1
ab maaut chuni hai manie,1
"himmat nahi har rahi bas thaka hoon, for real",0
kash neend na totoey kabhi,1
jee ka dil kaarta hai,0
ghar mein toohdi larai ho gayi,0
ab mujhe jeena nahi hai,1
net slwlo hai aaj kal,0
ab jeene ka dil naaahi karta,1
sab behhtar hoga mrree bina,1
ab mauuut chuni hai maine,1
zher khaarid liya aaj hi,1
nayya phone liiay hai,0
aaj mood ahhha hai,0
workout ke bada jisim dukh raha hai,0
ab min hammesha ke liye ja raha hoon,1
famly ke saath dinner kiyya,0
neennd ki goliyan kha li bohat saari,1
mar hi jaooon ga itni grami mein,0
chi pi lo duh khatm,0
main mnrna chahti hoon,1
doost ke saath ghoomne gaa tha,0
zindagi khatam krna chahta hoon,1
"thoda thaka hoon kaam se, seriously",0
sukoon nai milta kahin,1
naya sal pe nayi ummmedein,0
"match dekha raaat ko, maza ayaa",0
mian appni klai kaat raha hoon,1
sukoon nhe milta kahin,1
theapy se betar feel hoat hai,0
zeher pi liiyya hai,1
"kabhi aisa socha nahi, not joking",0
assiggnment khatam kar looon phir dekhte han,0
zehr pi liiiya hai,1
 sab ko slaam min ja raha hooon,1
book se mar jaungga,0
jeeene ki himmat nahi raahi,1
duniya se jaaana chahta hon,1
sab beaakr lagat hai ab,1
theraapy se behatr feel hoa hai,0
cricekt dkehne ka pan hai,0
ab zidagi achi lag rhi hai,0
aaj raat marrna chahta hoon,1
garmi ne mar dlla aaj,0
dost ke saaht ghoomne gaa tha,0
neeend ki goliyan kha li bht saari,1
main anpi kalai kata raha hoon,1
bhook laiig hai yar,0
sab ko alvda keh rha hon,1
koi ummeed naahi rhi ab,1
neend ki goliyan kha li bohat srai,1
"blade se kalai kaat li hai, for real",1
andhra hi anddhera hai,1
fmily ke saath dinenr kiya,0
sir drd kar rahhha hai,0
ab zindagi achhi lag rahhi hai,0
kabhi aisa scao nahi,0
yaar bas thoda waqt aur phir main khatam,1
maut nhaai chahiye mjhe,0
zindagi kham karna chahta hoon,1
ab sab kattam kana hai,1
aaj hi sab kahhtam kar loonga,1
"dost se larai ho gyi, bura lag raha hai",0
ab main hameha ke liye ja raaha hon,1
nay phone liay hai,0
maut nhai chahiye mujhe,0
rasssi chhat se bnadh di hai,1
pehle schta tha ab naahi,0
main se ab kucch nahi hta,1
thoa thaka hooon kaaam se,0
sukoon nahi mita kaihn,1
mushkil waqt hai par gzar jayega,0
salary aa gayi is mihne,0
kal chutt hai,0
need ki goliyan kha li boht saari,1
blae se kali kat li hai,1
khudkushi jaissi bat naih,0
hmmat nahi har rahi bas thkaa hoon,0
sab ko alvida keh rahha hon,1
kal chi hai,0
ab mat cuhi hai maine,1
aaj raat marna chahhta hooon,1
gas cuhlla laaga hai ab,1
bladde se kaai kata li hai,1
thoi si khani hai bas,0
movi ahchi lagi kal,0
puarni aadta chhor di,0
kabhi aisa soac naih,0
ab sab khaam karrna hai,1
bot pareshan hoon kaam ki wajah se,0
mujhhhe mrna hai,1
"naaya draa shuru kiya, story achhi hai",0
I swear mar jaoon to sab samajh jayenge,1
khdukushi karna chahta hon,1
thdoa thaka hoon kaam se,0
net swol hai aaj kal,0
paa ke jaane ke baad main bhi khatam,1
dunya se jana chaahta hoon,1
 sab ko salam maaain ja raha hoon,1
bhook se mar jaugn,0
marrrne ka wat aa gya hai,1
ab jeeene ka dil nahhi karta,1
ab jeeene ka dil nahi krata,1
"sir dard kar raha hai, not joking",0
cahi pi lo duukh khatam,0
pehel sochta tha ab nhi,0
zidnagi khatam kana chhata hoon,1
neend nahi ayi raat bhaar,0
"dost se larai ho gaayi, buar lag raah hai",0
ghadi dekh raha hoon bas watttq aa gaya,1
ab muhje jeena nai hai,1
I swear exam ne maar dala,0
bas toad waqt aur phir main khhatam,1
bas thoda watq aur phiir mian khatam,1
koi umed nahi rahhi ab,1
neeend nahi aayyi raat bhar,0
muhue apni jaan deni hai,1
kamma boht tha par ho gaya,0
borre ho ke mar jauuga,0
honestly workout ke baad jism dukh raha hai,0
jeenne ka dil kara hai,0
pahasi laga li hai,1
ab jeen ka dil nahi kaarta,1
ab sab khaaam kana hai,1
trafffic ne jan niikal di,0
"dsot se larai ho gayi, bura lag rha hai",0
mar jaoon to sab sammajjh jayenge,1
pelhe sochta tha ab nah,0
saary aa gayi is mahine,0
kash neend na totoey kbhi,1
tahka hoon par khush hoon,0
zindagi khataam karran chahta hoon,1
pasi laga li hai,1
min anpi kalai kaat raha hon,1
ghddi dekh rha hoon bas waqt aa gaya,1
"mujhe maaf kar dena sab ko, min ja raha hnoo",1
muhje apni jaan deni hai,1
sab behtr hoag mere bina,1
aaj hi sab khatttam kar loonga,1
family ke saath diiinner kiya,0
ab jeeen ka dil nhai kartta,1
ab min hamesha ke liey ja raha hoon,1
ab sab khamt krna hai,1
mujhe {t} marn hai,1
assignment khatam kar lono phir dekthe hain,0
trrafic ne jaan nikaal di,0
mar joaaon to sab samjah jayenge,1
has has ke mar juaggna,0
khudkushi ka soch raaah hoon,1
ghar mein thdoi larai ho gayi,0
bas thoda waqt aur phir man khaatm,1
garmmi boat hai aaj kal,0
muuhje bas mar jaana hai,1
tohhi si khansi hai bas,0
sab behtar hgoa mere bina,1
trffic ne jaan nikal di,0
jeeene ki himmat nhi raih,1
zeer pi lya hai,1
mian maarna chahti hooon,1
zeer khaiird liya aaj hi,1
khhudkushi jaiis baat naahi,0
sir dard kar rha hai,0
"match dekha raaat ko, maza aaaya",0
dad min hi suukoon milta hai,1
yaar bhook se mar jaunga,0
sab ko alvda keh raha hooon,1
dosst mila bohat dino baad,0
min khuud ko nuqssan pahunchata hoon,1
zhre pi liiya hai,1
suukoon nahi milta kahin,1
ab mauut chuni hai manie,1
aaj phr khd ko kaat baitha hooon,1
fammily ke saath dinnr kyia,0
ab muat chuni hai maiine,1
 sab ko sallam main ja rahha hoon,1
bas thoda waqt aur phir maain khatam,1
ghai dekh raaah hoon bas waqt aa gaya,1
kal chttit hai,0
zehre khaarid liya aaj hi,1
garmi booohat hai aaj kal,0
phani laga li hai,1
boroe ho ke mar jauunga,0
alhaamdulillah ab theeeek hoon,0
"nyaa drama shuru kiya, story ahchi hai",0
family ke saaath diner kiya,0
thodi si khhansi hai bas,0
aaj moo ahcha hai,0
zinagi se tang aa gaya hoon,1
"sab theek chal raha hai, I am done",0
gas chula lgaaa hai ab,1
naya phoe lyyia hai,0
bhko lagi hai yara,0
kaaam bohat tha par ho gya,0
mujhhe anpi jaan deeni hai,1
kal chuutttti hai,0
family ke saath dinneer kia,0
main sab ka boh hono,1
bohok se mar jaunnga,0
main se ab kucch nahi hoota,1
thaka hon par khsuh hoon,0
aaj rat marna chhahta hono,1
inti thaakan ke mar jauun,0
bas thoda waqt aur pihr main khaaam,1
kabbhi asia socha nahi,0
alhamdulillh ab theek hon,0
main mara nahi chahta,0
family ke sath dinnner kiya,0
pata hai gas chula laga hai ab,1
muhjje {t} maran hai,1
"sukoon nahi milta kahin, seriously",1
mujjeh {t} maarna hai,1
exma ne maaaar dala,0
bleda se kalai kaat li hai,1
mushikl waqt hai par guazr jayega,0
aaj ka din thheke tha,0
chai pi lo dukh khataam,0
khudkshi jaisi baat nahi,0
chhat se kudne waal hooon,1
mujhe {t} maaar hai,1
alhamdulillah ab thekke hoon,0
dard mieen hi sukoon milta hai,1
sab behtar hogga mee bina,1
grai ne mara dala aaj,0
jeeen ka dil kata hai,0
gas chlula laga hai ab,1
"sachi barish ho rahi hai, chai ke liye best",0
chhai pi lo dukh kahtam,0
gas chulla laag hai ab,1
duniya se jaaana chaaha hoon,1
sir drad kar rahhha hai,0
toddi si kansi hai bas,0
ghar mein thodi larai ho gayi,0
"mujhe maaf kar dnea sab ko, mani ja rahha hoon",1
main marna chahhhta hoon,1
thoda thaak hono kaam se,0
workout ke baad jism dukh raha h,0
"dost se larai ho ga,y bura lag raha hai",0
aaj moood ahhcha hai,0
ab sab khataam kannra hai,1
ab sab khataam karnna hai,1
sir darrd kar raaaha hai,0
"dots se laria ho gai, bura lag raha hai",0
ab maut chuni hai maiine,1
"mujhe {t} marna hai, seriously",1
ab main hamseha ke lie ja raha hoon,1
net sollow hai aaj kal,0
exam ki tayarri chal rai hai,0
mani sab ka bjoh hoon,1
 sab ko salam miian ja raha hoon,1
famliy ke saath diinner kyia,0
ab maani hameesha ke liye ja raha hoon,1
"ghar wlaon se baat hui, sab khush",0
jeene ka dil krtta hai,0
naay sala pe nai ummeedein,0
book se mar juanga,0
mani sab ka bohj hooon,1
bohat parshan hoon kaam ki wajah se,0
koi umeed naih raih ab,1
boore ho ke mar jauan,0
golyin kha li hain maien,1
mujhe apni jan dei hai,1
asssignment khatam kar loon phir dekhte hain,0
sukoon nahi milta khain,1
itnnni thakan ke mar jan,0
assignment khattam kar loon phir dekhte hain,0
thakka hoon par kush hoon,0
kabhi asa socha nhai,0
min apni kaai kaat raha hoon,1
zeer kharid liya aaj hi,1
trrafifc ne jaan nikal di,0
sab bekaar lgata hai ab,1
chai pi lo dukkh khtam,0
khudkushi kaarna chahta hon,1
puuraaani aadat chhor di,0
phasni laaaga li hai,1
neend ki goliyaan kha li bohat sarai,1
gooliyan kha li hain miane,1
kama bohat tha par ho gayya,0
sab behtar hogga mere bina,1
anddhea hi andheera hai,1
salary aa gayi is mahhine,0
thoodi si khsi hai bas,0
thdi si khansi hai bas,0
has has ke mar juaanga,0
kam bohat tha par ho gaaya,0
akela feel kar raha hon aaj,0
ab maut chnuui hai maine,1
yaar sir dard kar raha hai,0
kal chhhtti hai,0
akela feel kar raa hoon aaj,0
moivve achhi lai kal,0
"dost se larai ho gyi, bura lag raah hai",0
"matcch dekha rat ko, maza aaa",0
tdhdi si khansi hai bas,0
maut nahai cahiye mujhe,0
main marna nahin chahta,0
rassi caht se bnadh di hai,1
blde se kaali kaat li hai,1
himmt nahi har rahi bas thaka hon,0
results ki tesoin hai,0
khuddkuhsi jasi baat nahi,0
mujhe apni jan deeni hai,1
bllae se kalaai kaat li hai,1
main apni kalaai kata raha hoon,1
mar hi jaoon ga itnni garmi meiin,0
assignment khatam kar loon phir dkehe haiin,0
main maran chahtti hon,1
sab theeek cal raha hai,0
zehher pi lay hai,1
main se ab kuh nahi hat,1
main khud ko nuqsan phnchata hoon,1
udasa fel kar raha hoon aaj,0
min se ab kuch naahi hota,1
kabih aisa socha nahi,0
sab beakaar lata hai ab,1
mat hi rhat hai merre liye,1
gas clha laa hai ab,1
pehhe sochta tha ab nai,0
workout ke baad jissm dkuh raha hai,0
maiin maarna chahhti hoon,1
sachi mujhe bas mar jana hai,1
nend nahi aaiy raat bhhar,0
naya phhone liiya hai,0
ghadi deeekh raha hoon bas waqt aa gaya,1
ghar mein thodi lari ho gyai,0
zheer khharid liya aaj hi,1
naya pnoe lyia hai,0
rsutls ki tension hai,0
rsi chhat se badnh di hai,1
thoda thakka hoon kaam se,0
broe ho ke mar jauna,0
maaut nahi cahhiye mujhe,0
main khdu ko nuqsn pahuncata hoon,1
sab theek chhal raaha hai,0
khdkushi kara chahtta hoon,1
bas thoda waqqt aur phhir main khatam,1
saalary aa gyai is mahinne,0
khudkushi kana chaahta hoon,1
kash nend na tootey kbhi,1
main apni kalia kaat raha hoon,1
dot milla bohat dinno baad,0
dsot mila boat dinno baad,0
zindgai katam karna chahta hoon,1
sir dardr kar raha hai,0
nya phone liaay hai,0
aaj modo achha hai,0
mujhe bas mar jannna hai,1
honestly main sab ka bojh hoon,1
eam ki tayair chal rahi hai,0
assignment khatam kar loon phir deekhte hain,0
aaj raat marna chaaha hono,1
ghar mein thooid larai ho gayi,0
chia pi lo dukh kahtam,0
muuhjje bas mar jana hai,1
mvoie achhi lagi kal,0
bhook se mar jauungga,0
ghadi deh raah hoon bas waqt aa gyaa,1
zeeher khariid liay aaj hi,1
"traffic ne jaan nikal di, seriously",0
aaj hi sab katam kar lonoga,1
kudkushi karna chahta hooon,1
koi umede nhi rhi ab,1
udaas fel kar raah hon aaj,0
aaj ka din tekke tha,0
aaj phiir khud ko kat baaitha hoon,1
kabhi aisa sochha nahhi,0
sir daard kar raah hai,0
"jeene ka dil karta hai, seriously",0
purani aadta chhhor di,0
jeene ki hiimmat nahi rhia,1
gas chla lga hai ab,1
boer ho raha hoon aaj,0
sukoon naih mita kahin,1
exma ne maaar daa,0
papa ke jaane ke baad main bhi kahtma,1
thohdi si khnsi hai bas,0
ab mujeh jneea nahi hai,1
borre ho raha hooon aaj,0
sab theek chal raaha hai,0
jeene ki hiat nahi rahi,1
sab behatr hoga mere bina,1
sab ko alvviida keh rha hoon,1
move acchhi lagi kal,0
neeend ki goliyan kha li bat saari,1
"main marna chahti hoon, not joking",1
bhook se mar jaanuga,0
mushkil watq hai par gzuaar jayega,0
family ke saath dinner kiiiya,0
pheel sochta tha ab nahhi,0
sab behtar hooga meere bina,1
duniya se jaaana chatha hon,1
aaj mood achha hai,0
bohat parehsan hoon kaam ki wajah se,0
 sab ko salam main ja raha hon,1
dard meni hi sukoon milta hai,1
garmi boohat hai aaj kal,0
zindagi khatam kaaarna chahta hooon,1
main apni kallai kaat rahha hoon,1
ab muujhe jeena nahi hai,1
goliyyan kha li hain maine,1
bhok lgi hai yaar,0
ab main hamesha ke liye ja rhaa hooon,1
maut hi rahat hai mere liey,1
muuhe {t} maran hai,1
jeene ka dil ktra hai,0
therapy se behtar fel hoat hai,0
duniya se jnaaa chahta hoon,1
"ghhar walon se baat hui, sab khush",0
kudkushi jaisi bat nahi,0
maaut nhi chahiye mujhhe,0
marne ka waqt aa gaa hai,1
dost mila bhoat dino baad,0
udaas feel kar rha hon aaj,0
andeha hi andera hai,1
mhe mana hai,1
maiin se ab kch nai hota,1
koi umed nahi rhi ab,1
exm ne maar dalla,0
ab zindagi ahchi lag rhi hai,0
aaj hi sab khatam kar looan,1
khudkushi jaisi bata nhai,0
ghra mein thodi laai ho gai,0
bohat pareshan hoon kama ki wajh se,0
ab muhe jeena naahi hai,1
sab ko alida keh raah hoon,1
ab sab khtam karna hai,1
khudkushi ka soh rhaa hoon,1
gahdi deh raha hoon bas waqt aa gaa,1
"match dekkkha raat ko, mzaa aaya",0
sab ko alvdia keh raha hono,1
pehle sohctta tha ab nahi,0
"naya dama shuru kiya, story achhi hai",0
results ki tnsion hai,0
bkuhrra hai kal se,0
chat se kudnne wla hoon,1
bore ho ke mar jagna,0
ab sab kaham karrna hai,1
therapy se behtar feeel hoota hai,0
kash need na tootey kabih,1
main khud ko nuqsan pahuunchta hon,1
khudkuushi ka sohc raha hon,1
bas thoda watq aur phir main khatam,1
aaj phir khud ko kata baiitha hon,1
chhaat se kdune wala hon,1
has has ke mar jaauggna,0
ghaadi dekh raha hoon bas watq aa gaya,1
sab ko alidda keh rha hoon,1
aaj ka din theehk tha,0
"naya drama shuru kiya, strooy achhi hai",0
move achhi lgai kal,0
chhat se kdune wala hoon,1
mujhhe ani jaan dei hai,1
workot ke baad jism dukh rha hai,0
nya pnoe liya hai,0
dad mein hi skuoon mila hai,1
"barish ho rahi haii, chi ke liye best",0
goliyan kha li haiin mainne,1
ab zindagi achhhi lag raaahi hai,0
mar jaooon to sab smajh jayenge,1
maain marna nai chata,0
jeen ki himmta nahi rahi,1
itni thakn ke mar jaaun,0
sukoon nahi milta kahiin,1
"dost se laari ho gaayi, bua lag raha hai",0
main mrana chahti hon,1
garmi bohht hai aaj kal,0
rass chaht se bandh di hai,1
blade se kai kata li hai,1
todi si khasi hai bas,0
mooviie acchhi lagi kal,0
dniya se jaana chahta hooon,1
gari booat hai aaj kal,0
neend nahi aaiy raat bhar,0
khudkushi ka soocch raa hoon,1
exa ki tayari chal rahhi hai,0
mat nahi chaahiye muje,0
exam ki taayari chal rahhi hai,0
man mara chahti hooon,1
ghadi dekkh raha hoon bas wat aa gaya,1
khudkushi jaisi bat nahi,0
yaar andhera hi andhera hai,1
"doost se lrai ho gayi, buar lag raha hai",0
"therapy se behtar feel hota hai, seriously",0
main apni kaali kat raha hoon,1
sukono nahi milta kahin,1
bas thoda waqt aur phir main khatma,1
"ghar waloln se baat hi, sab khush",0
zehher kharid liya aaj hi,1
ab sab ktaam kaarna hai,1
ab main hamesha ke liyyye ja rhaa hoon,1
"for real, koi umeed nahi rahi ab",1
chhat se kuddne wala hono,1
mrrne ka waqqt aa gayya hai,1
muskhil wqt hai par gzar jayega,0
mat nahi chahiye mjeh,0
papa ke jaaanne ke baad main bhi khhatam,1
main maran nahi chahat,0
mar hi jaoon ga itni garmi meiiin,0
kal chhuutti hai,0
maut hi raat hai meer liiye,1
zindaggi khatam karna cahhta hoon,1
maain sab ka boh hoon,1
aaj modo ahcah hai,0
gas clua laa hai ab,1
has has ke mar juannga,0
traffci ne jaaan nikal di,0
mujhhe bas mar janna hai,1
"dots se larai ho gayi, bura lag raha hai",0
cricket deekhne ka plan hai,0
papa ke jaane ke baada man bhi khatam,1
bas thooda waqt aur phir mian khatam,1
neend nahi ayyai raat bar,0
pappa ke jaane ke baad maain bhi khatam,1
kash needn na tooty kbhi,1
purnai aadat choohr di,0
alhamdulillah ab theek hu,0
chhaat se kudne wla hoon,1
zindagi khatam karna chhahta hoon,1
udasa feeel kar rahha hoon aaj,0
zindaig khatam karna chahta hoon,1
koi umeed nahhi rhi ab,1
msuhkkil waqt hai par guar jayega,0
man khud ko nuqsan pahuchata hooon,1
naya saal pe nyi ummeedien,0
sab behhtar hoga mere bina,1
sab bekaar lattga hai ab,1
golliyan kha li hain mine,1
mar jaoon to sab smaajh jayyenge,1
trafic ne jaaan nikal di,0
thoda thaka hoon kaaaam se,0
aaj ka din tehhek tha,0
ab mujjhe jeea naahi hai,1
main khud ko nuuqsan pahunchata hono,1
I swear garmi ne maar dala aaj,0
aekla feeel kar raa hoon aaj,0
mar hi jaon ga itni garmi mien,0
eam ki tayari cal raahi hai,0
muje mra hai,1
koi umed nai raahi ab,1
thherapy se behtar feeel hota hai,0
goliyyan kha li hain miane,1
traffci ne jaaan niikal di,0
zindagi khatam karna chahta hoooon,1
mujeh marrna hai,1
kaam boohaat tha par ho gaya,0
zindagi se taang aa gya hoon,1
ab sab khaam kaarrna hai,1
bhook se mar jaunnga,0
sab ko avlida keh raha hoon,1
mjhe marran hai,1
aaj phir khhud ko kaat biaha hoon,1
khud ko nqusan nhai pahunchauna,0
ghra meni thodi laari ho gayi,0
ab sab khhtam kanra hai,1
booook lagi hai yaar,0
alhhamdulillah ab theek hon,0
 sab ko salam man ja rahha hon,1
"kal chutti hai, not joking",0
main mana chata hoon,1
chht se kdune wlaa hoon,1
chaai pi lo duukh khatam,0
booe ho ke mar jaunnga,0
sab thee chal raha hai,0
rassi chhat se bandhd di hai,1
ab maut chnui hai mae,1
workout ke baad jim dukh raah hai,0
 sab ko saaam main ja raa hoon,1
garami bohat hai aaj kal,0
muaat hi rahat hai mree liye,1
maain khhud ko nuqsan pahunchata hoon,1
chat se kudne wala hon,1
maut hi rahat hai mer lie,1
khudkushi ka shc raha hon,1
chhat se kuudne wala hoon,1
sir drda kar rha hai,0
aaj moddo ahcha hai,0
main se ab kuccch nahi hoat,1
khudkushi jaisi baaat nai,0
zindgai khatam kara chahta hoon,1
ab sab khatm karran hai,1
bhko se mar jaunga,0
 sab ko saam main ja raah hoon,1
kabhi aias socha nahi,0
maatu hi rahaat hai mere liye,1
aaj raaaat marna chahta hooon,1
mian marrna chahti hoon,1
rsassi chhat se banh di hai,1
pehle schta tha ab nahhi,0
khudkushi jaisi bat nahhi,0
aaj moo acha hai,0
neend nahhi aayi rat bhar,0
mar hi jaoon ga ini gaarmi mein,0
exam ki tyaari chal rahhi hai,0
chhai pi lo dukh khatam,0
zeher pi liyya hai,1
dost miilla bohat dino bad,0
broe ho ke mar jaugga,0
kash nened na tootey kaabhi,1
bhoat pareshaan hoon kaaam ki wajah se,0
I swear main sab ka bojh hoon,1
dost mila bohat dino bad,0
jenee ka dil karrta hai,0
itni takn ke mar jaun,0
garim ne maaar dala aaj,0
nyaa pohne liya hai,0
"mujhe maaf kar dena sab ko, mian ja raha hoon",1
intti thakan ke mar jan,0
purani aadt chhooor di,0
"naya drama shuru kiya, strory achhi hai",0
khuudkushi ka sohc raha hoon,1
neend ki gooliyan kha li bohat sari,1
"ab main hamesha ke liye ja raha hoon, not joking",1
cricket deke ka pln hai,0
ab jeene ka dil nhhai karta,1
mujjhe bas mar jana hai,1
marrne ka wat aa gaaya hai,1
exm ne maar dla,0
ab zidnnai achhi lag rahi hai,0
zer pi liya hai,1
mar joon to sab saajh jaynge,1
exxam ne mara dala,0
has has ke mar jnga,0
famly ke saaht dnner kiya,0
ab main hmaesha ke liye ja rhaa hoon,1
mar jaoon to sab samajh jaaayenge,1
man se ab kuch naahi hota,1
min se ab kuch nahi hoat,1
kal chuuuti hai,0
exm ki tayrai cahl rahi hai,0
family ke saath dinner kiya,0
goiyan kha li hain miane,1
khudkuushi ka soch raah hooon,1
maut nahi cahhiye mujjhe,0
rass chhat se bandh di hai,1
family ke sath dinenr kiya,0
dot ke saaht ghoomne gaa tha,0
trafifc ne jan nikl di,0
himmat nahi har rhhi bas thaka hooon,0
mhje {t} marrna hai,1
rassi chat se bndh di hai,1
chhat se kunde wala hooon,1
mar hi jaoon ga itnni garmi min,0
sir drard kar raha hai,0
main sab ka bojh hooon,1
phansi lga li hai,1
neennd ki goliyan kha li bhat saari,1
mani sab ka bojjh hoon,1
prani aadat chhr di,0
sachi koi umeed nahi rahi ab,1
gas chual laa hai ab,1
mujjhe {t} mara hai,1
main khud ko nqusna pahunchata hoon,1
dost ke saaaht ghoomne gaa tha,0
himmat nahi har rahi bas thakka hooon,0
therapy se behtra fel hoota hai,0
"ghar walon se bat hui, sab khhush",0
thoodi si kahsi hai bas,0
papa ke jaane ke bada main bhi khattam,1
koi umeeed nahi raahi ab,1
kal ctthti hai,0
ab sab khaatm kana hai,1
tohi si khansi hai bas,0
kal cuhi hai,0
ab muje jna nahi hai,1
himmat nahi har rahi bas taka hoon,0
ghar mein thoodi laaai ho gayi,0
mar jaooon to sab samajjjh jayenge,1
khudkushi jasii bata nai,0
khudkushi ka soh raa hon,1
rassi chhhaat se badh di hai,1
terpy se behtar feel hota hai,0
honestly khudkushi jaisi baat nahi,0
"muhje maaf kar dena sab ko, man ja raha hoon",1
dots mila bohta dnio baad,0
movie ahhhi lai kal,0
jene ki himmta nahi rahi,1
aaj phri khd ko kaat baittha hoon,1
muat nahi chahiye muje,0
udsa feel kar raha hono aaj,0
andheera hi andhera hai,1
sab bekkaaaar lagta hai ab,1
aaj raat maran chahhta hon,1
assignment khatam kar looon phir dekkhte hain,0
famliy ke saath dinner kiya,0
salary aa gyia is mahine,0
moi achhi lagi kal,0
maut nahhi chahiye muje,0
blaed se kalia kat li hai,1
mvoie achi lagi kal,0
phnasi laa li hai,1
sab behtar hoga merre bina,1
rasi chta se bandh di hai,1
duniya se jaaaa chahta hoon,1
nayya phnoe liiya hai,0
moviie achhi lagi kal,0
mjujhe bas mar jaa hai,1
main apni kalai kaat rha hooon,1
kuhd ko nuqsan nahhi pahunchauna,0
ab zindagi ahhi lag raih hai,0
pele scohta tha ab nai,0
ab jeene ka dil nah karta,1
sab ko alivda keh raa hoon,1
mar jaono to sab samajh jaayenge,1
maain marna chahtti hon,1
therayp se behtar feel hota hai,0
alhamudlillah ab thkee hoon,0
main khud ko nuqsan phunchaa hoon,1
nened nahi aai raaat bhar,0
zeher pi liiya hai,1
akla feel kar rahha hooon aaj,0
bas thoda waqt aur phir maiin khatam,1
zeher kharid liay aaj hi,1
mut hi rahaat hai meer liye,1
gadi dekh raha hoon bas waqt aa gaa,1
salray aa gaiy is mahine,0
pehle scota tha ab nahhi,0
muhe apni jan dei hai,1
workout ke bada jism dukh raha hai,0
bas thdoa waqt aur pir main khatam,1
udasa feeel kar raha hono aaj,0
chai pi lo dukh khatma,0
man maarna chahti hoon,1
maaut naahi chahiye mujhe,0
"match dekha rtaa ko, maza aaay",0
"naya dama shuru kiya, story achhih hai",0
purani aadat chhor di,0
sir drad kar rah hai,0
"barish ho rahi hai, chia ke liye best",0
salayr aa gayyi is mahne,0
dard mein hi skon milta hai,1
zinnddagi se tang aa gaya hoon,1
khudkkushi karna chaahta hoon,1
ghar mein thodi laarai ho gayi,0
khudkushi ka scoh rha hon,1
movie acchi laggi kal,0
phnsia laga li hai,1
rassi chhat se bandh di h,1
chai pi lo dukh khaattam,0
main anpi kalai kaat raha hoon,1
papa ke jaane ke baad min bhi khaatm,1
exxma ne mar dala,0
khud ko nuqsan nahin pahunchaunga,0
exam ne maa dala,0
"for real, results ki tension hai",0
workout ke baad jiism dkuh raha hai,0
khhudkushi kaaarna chahta hoon,1
"for real, match dekha raat ko, maza aaya",0
purani aaadddat chhor di,0
muhje {t} maan hai,1
I swear gas chula laga hai ab,1
"alhamdulillah ab theek hoon, for real",0
neend nahi aayi raat bhhhar,0
bhoook se mar jaanga,0
ghadi dekh raha hoon bas wat aa gaay,1
mujeh apni jan deni hai,1
drad meiin hi sukoon milta hai,1
duniya se jaana chahta hono,1
khudkuhi karan chahta hoon,1
nya sal pe nayi ummeedein,0
has has ke mar junag,0
mar hi jaoon ga itni gari mein,0
"muuhje maaf kar dena sab ko, main ja raha hoon",1
aaj hi sab khaatam kar longga,1
main apni kallai kaat raha hoon,1
bas thoda wqat aur pir man khatam,1
main manra chaahta hoon,1
slaary aa gaayyi is mahine,0
ab muuje jeena nahi hai,1
khdkuushi ka soch raha hooon,1
zer pi lia hai,1
"ghar waoln se baat hui, sab khuhs",0
chht se kuden waa hoon,1
"match dekhha raaat ko, maza aaya",0
jeene ki himmat nahhi rahi,1
buukhar hai kal se,0
assignment khatam kar loon phir dehkte hin,0
salary aa gaaayi is mahien,0
aaj hi sab khatam kar lonnga,1
ghar mein thodi larai ho gyai,0
bohat paersan hoon kaam ki wajah se,0
borer ho ke mar junga,0
zeher khraid liiya aaj hi,1
grmi boht hai aaj kal,0
kuhd ko nuqssan nahi pahunchaunga,0
muhe mrana hai,1
nyaa saal pe nyi ummeedein,0
"exam ne maar dala, for real",0
khdu ko nusqan nhai pahunchaunga,0
ab jeee ka dil nahhi karta,1
aaj rat maarna chhata hoon,1
kaam boat tha par ho gaay,0
nayya phe liya hai,0
salary aa gai is mahne,0
bhok lgi hai yaaar,0
ab muhje jenea nahi hai,1
neend nai aayi raat bhhaar,0
slry aa gayi is maahine,0
main marna nhaai chahta,0
naya saaal pe nayyi ummeedein,0
mushkl waqt hai par guar jaega,0
sab ko alvda keh rahha hono,1
sab thek chal raaha hai,0
himmta nahi har rahi bas thakka hoon,0
koi ummeed nahi rahi ab,1
jeene ki himmat nhai rahi,1
duniya se jaaana chahta hono,1
mautu nahi chahiye muujhe,0
workout ke bada jism dkh rha hai,0
workout ke baad jism dkuh rha hai,0
peehle soctha tha ab nahi,0
yaar main apni kalai kaat raha hoon,1
puurani aaddat chhor di,0
mar hi jaoon ga itni gai mein,0
inti thakan ke mar janu,0
akela feele kar raha hoon aaj,0
khudkushi karnna chahta hon,1
khudkushi kna chahta hoon,1
aaj hi sab kaatm kar loongga,1
"dst se laraai ho gayi, bura lag raha hai",0
zindai khatam karna chahhta hoon,1
mar hi jaoon ga inti garmi men,0
zindagi se taagn aa gaya hooon,1
udas feel kar rha hooon aaj,0
pele sochta tha ab nahi,0
boer ho raa hoon aaj,0
"match deha rat ko, maaza aaya",0
kabhi asai socha nahi,0
exam ki taayari chal rhi hai,0
ab jeene ka dil naih karrta,1
gadi dekh raa hoon bas waqt aa gaya,1
ab maut chnui hai maiien,1
sab bekaaar lagat hai ab,1
yaar assignment khatam kar loon phir dekhte hain,0
ab main hamesha ke liye ja raha hono,1
mar hi jaoon ga ini gamri mein,0
"mujhe maaaf kar dena sab ko, maini ja raha hoon",1
main marra nahi chahta,0
aaj rat maran chahta hooon,1
ab zindaig achhi lag rahi hai,0
aaj ka din tehkke tha,0
zindagi khatam kana chahhat hoon,1
sab bekaar lgta hai ab,1
exm ne maar daaala,0
purain aaadt chor di,0
aaj raaat marnna chaha hoon,1
marne ka waaqt aa gayya hai,1
akela fel kar raaha hoon aaj,0
zheer khariid liya aaj hi,1
I swear khudkushi jaisi baat nahi,0
exma ki taayari cahl rahi hai,0
aaj pir khdu ko kaaat baitha hoon,1
"ab mujhe jeena nahi hai, I am done",1
"blade se kalai kaat li hai, not joking",1
maut hi rahta hai mere liye,1
ksh nend na toootey kabhi,1
maiin sab ka boh hono,1
mar jaooon to sab samajh jyaennge,1
has has ke mar juunga,0
"garmi ne maar dala aaj, for real",0
"ghar waoln se baat hui, sab khush",0
duniya se jana chahta hono,1
mani marna chahhta hoon,1
therapy se beehtar feel hota hai,0
khudkushi ka sch raa hooon,1
koi umeed nai raih ab,1
"ghr walon se bata hui, sab khush",0
uddaas feel kar rahha hoon aaj,0
"I swear match dekha raat ko, maza aaya",0
bhk se mar jaunga,0
zindagi se tang aa gayya hooon,1
duniya se jaana chhata hooon,1
"naya drama shuru kiya, stry achhi hai",0
min marna chahta hon,1
movie achhhi laggi kal,0
eaxm ki taayari chal raahi hai,0
phnis lga li hai,1
mar hi jooan ga itni garmi min,0
mar hi jaoon ga itin gaamri mein,0
dost mlia bohat dino baad,0
gamrmi bhoat hai aaj kal,0
dost mla bohat dinno baaad,0
mjjhe mrana hai,1
muhje {t} marrna hai,1
 sab ko salam main ja raah hon,1
khudkushi karna chaah hoon,1
pappa ke jaane ke baad mani bhi khatam,1
udaas fel kar raha hooon aaj,0
khudkuhi jiaasi baat nahi,0
bhook lai hai yaara,0
"naya drama suhru kiya, story achih hai",0
blde se kalai katta li hai,1
workout ke baaad jism dukh rhaa hai,0
"naya drama suhru kiiya, story achhhi hai",0
aaj raat marna chahtta hono,1
anddera hi andera hai,1
"match deekha raaat ko, maza aaya",0
sab beeaar laggta hai ab,1
annhdera hi andhera hai,1
thodi si kahsni hai bas,0
andhherra hi andherra hai,1
phansssi laaga li hai,1
khudkushi jaisi baat naahi,0
bhook lgai hai yara,0
khudkusih ka soch raah hoon,1
wokout ke baaad jiism dukh raha hai,0
maut hi raaaaht hai mere liye,1
"dost se larai ho gayi, brura lag raah hai",0
jeene ki himmmmat nahi raih,1
sab ko alviad keh rhaa hoon,1
mar hi jaon ga itni garmi meiin,0
aaj ka din thee tha,0
reults ki tnsioon hai,0
thoda thaka hoon kaama se,0
mrrne ka watq aa gaya hai,1
exam ki taayri chal rahi hai,0
mian marna chahta hooon,1
garrmi botha hai aaj kal,0
naay phone liyya hai,0
sab ko alvida keh rhhaa hon,1
ab jee ka dil nahi katra,1
ab muat chuuni hai mainne,1
dost milla bhoat dino bad,0
dost miilla bohat dino baad,0
pehle soha tha ab nahi,0
mar jaoon to sab samajh jaynegge,1
mar jaooon to sab saamajh jayeenge,1
khd ko nuqqsan nahhi pahunchaunga,0
yaar naya phone liya hai,0
ab zinddagi acchhi lag rhi hai,0
mar jaoon to sab saamajh jyyenge,1
mujhe anpi jaan deni hai,1
sukoon nhi millta khin,1
thoda thaka hoon kama se,0
criccket dekhnne ka plaan hai,0
zindagi khatam karna chahtta hoon,1
sab bhtar hga mre bina,1
buukkhhar hai kal se,0
dard mein hi sukoon millta hai,1
phassi lgaa li hai,1
maaut nahi chahiye mjue,0
bas thoda waqt aur phhir main katam,1
mue bas mar jaana hai,1
ab sab kataam karna hai,1
salary aa gayi is mainne,0
mujeh mana hai,1
theappy se behtar feeel hota hai,0
aaj phir kuhd ko kaat baitah hono,1
thoddi si khansi hai bas,0
pehle socchta tha ab nahi,0
honestly rassi chhat se bandh di hai,1
ab main hamesha ke liye ja raa hooon,1
main mrana nai chahta,0
mjjhe {t} marna hai,1
blde se kalai kaat li hai,1
dost ke saath ghoomne gya tha,0
doost mila bohat dino bad,0
maut hi raht hai mere lyie,1
sab behtar hgoa mere bnia,1
sab behtra hoga mere biaan,1
neend nahi ayai raat bhra,0
 sab ko saalma main ja raha hoon,1
"barish ho rahi hiia, chai ke liye best",0
mie achi lagi kal,0
naya saala pe nai ummeedein,0
zeer pi lia hai,1
bas thoad waqt aur phhri main khatam,1
"zeher kharid liya aaj hi, I am done",1
"naya drama shuru kiya, storry achhi hai",0
min apni kalai kaat rahha hoon,1
mar hi jaoon ga inti garmi meiin,0
 sab ko salam mian ja raa hoon,1
gaarmi bohat hai aaj kal,0
ab ziadig achhi lag rahi hai,0
boore ho raha hon aaj,0
gas chuua laga hai ab,1
mushkil wqat hai par guzar jyega,0
bohta pareshan hoon kaam ki wajaah se,0
marrnne ka wqat aa gaay hai,1
udaas feele kar raha hoon aaj,0
mar hi jaon ga itni grami mein,0
I swear sukoon nahi milta kahin,1
"mtch dekha raat ko, maza aaya",0
kahi aisa socha nahi,0
ppaa ke jaane ke baad maain bhi khatam,1
naaya saal pe nayi ummeddein,0
maiin sab ka bohj hoon,1
sab behtaar hoga mere bnia,1
famiyl ke saatth diner kiya,0
phanssi lgaa li hai,1
kabhi asa socha nhaai,0
ab maut chunni hai maaine,1
kama bhoat tha par ho gaya,0
pelhe socchta tha ab nahi,0
"mujhe maaf kar dena sab ko, main ja raha hoono",1
dard meiin hi sukooon milta hai,1
andherra hi andhera hai,1
phnsi laag li hai,1
bhook laagi hai yaar,0
trafffic ne jaan nkal di,0
assignment khatam kar lnoo phir dekhte hain,0
kash nened na tooootey kabhi,1
ittttni thakan ke mar jaun,0
mie achhi lagi kal,0
mujjhe bas mar jna hai,1
mue {t} mrana hai,1
bhhok se mar jaunga,0
sab ko alvida keh rah hooon,1
workout ke baad jism dukh rhaa hai,0
ab main hameha ke liye ja raha hooon,1
koi umed nahi raih ab,1
bre ho raah hoon aaj,0
rassi chht se bandh di hai,1
rssi chht se bandh di hai,1
khud ko nuqsan naaih pahunchhaunga,0
aaj raat marna cahta hon,1
dosot miila bohat dino baad,0
brroe ho raaha hoon aaj,0
boat parehan hoon kaam ki wajah se,0
maain se ab kuch nai hota,1
min marna nahi chahta,0
aaj raat marna cahha hoon,1
ghdi deekh raha hoon bas waqt aa gaya,1
min marna chahti hooon,1
suokon nahi mlita kaahin,1
mjhe mra hai,1
mauut hi rahat hai mere liey,1
book se mar jaauga,0
bohta pareshan hoon kaam ki wajah se,0
man ani kalai kaat raha hoon,1
dunia se jaaana chatha hoon,1
gas cula laa hai ab,1
ghhar mein thhodi larai ho gayi,0
bhoko laagi hai yaaar,0
khud ko nuqsan naih pahunchauga,0
"ghar walon se baat hiu, sab khuh",0
gmi bohat hai aaj kal,0
khud ko nuqsaan nah pahunchaunga,0
ab zinagi achhhi lag rahi hai,0
zindgi khatm karna chahta hoon,1
zehr kharid liy aaj hi,1
khud ko nuuqsn nahi paunchaunga,0
mujeh bas mar jana hai,1
main maran nhi chahhta,0
ksah need na tooety kabhi,1
ab jeene ka dil nahi kaaarta,1
kah neend na totoey kabhi,1
bade se kllaai kaat li hai,1
kal chhhhutti hai,0
zinndagi se tang aa gaya hoon,1
maut hi rahat hai mere lie,1
I swear alhamdulillah ab theek hoon,0
net soowl hai aaj kal,0
has has ke mar janag,0
himmat nhi har raahi bas taka hoon,0
jenee ka dil karta hai,0
maut hi rahta hai mere lyie,1
aaj mdo achah hai,0
"doost se larai ho gayyi, bura lag raa hai",0
dard mein hi skuoon milta hai,1
baldde se kaai kaat li hai,1
"baraish ho rahi hai, chai ke lye best",0
jeene ki himmat nhi rai,1
sab bekara lagta hai ab,1
kaaam bohat tha par ho gaa,0
zindagi kahtam kanra chahta hoon,1
sir dard kar rhah hai,0
mujhe ani jaan dein hai,1
ab mjuhe jeena nhi hai,1
ghai dehk rha hoon bas waqt aa gaya,1
sukoon nahi miitla kahn,1
mjjhe bas mar jna hai,1
gami ne mar dala aaj,0
dard meein hi sukoon miltta hai,1
ppa ke jaane ke baad main bhi khaam,1
thhodi si kansi hai bas,0
needn ki goliyaan kha li boat saari,1
maain mrna cahhti hoon,1
kah neend na tootey kabhi,1
mar hi jaooon ga itni gami mein,0
resuts ki tnesion hai,0
ab sab khtaam krarna hai,1
neend naaih aayi raat bhar,0
chai pi lo dukkh khataam,0
duniya se jaaan chahta hon,1
kal cthti hai,0
koi ummeed nhi rahi ab,1
khukdushi jaaisi baat nahi,0
jenee ki himmat nhi rhai,1
itin thakan ke mar jaun,0
mina sab ka boh hoon,1
sab bekkara lagta hai ab,1
aaj raat maran chahta hoon,1
net slllwo hai aaj kal,0
khudkushi knra cahta hoon,1
jenee ki himmat naih rahi,1
resutls ki tnesion hai,0
purani aaadat chhor di,0
workout ke baad jism dukkkh rhaa hai,0
khud ko nuqsan nahi pahunchaaunga,0
bas thoda waqt aur phir mian khatam,1
khuudkushi ka soch raha hoon,1
drd mein hi suukon milta hai,1
eaxm ki tayari chal rahi hai,0
trfafic ne jaan nial di,0
ghadi dekh raha hoon bas wqat aa gaay,1
therapy se behttar feel hota hai,0
tarffic ne jan nikal di,0
main khud ko nuqsan pahunchaa hooon,1
chhi pi lo dukh khatam,0
faamily ke saatth dinner kya,0
pata hai sab bekaar lagta hai ab,1
assignment khatam kar lno phir dehkte hain,0
buuhra hai kal se,0
kaa bohat tha par ho gyaa,0
ab main hamesha ke liye ja rahha hon,1
maut hi rahat hai mere liiye,1
main sab ka bojh hoono,1
khudkushi jaiis baat naahi,0
"gahr walon se baat hui, sab ksuh",0
nayya saal pe nyi ummedein,0
kal chhtit hai,0
aaj raaat maran chahhta hoon,1
bhok se mar jaugna,0
borre ho raah hon aaj,0
ab mujhhe jeeena nahhi hai,1
mujjhhe mrana hai,1
neend ki golliyan kha li boohat saaari,1
mujhe {t} mrrna hai,1
chhat se kunde waa hoon,1
gmrai bohat hai aaj kal,0
himmat nhi har rahhi bas tahka hoon,0
phasi lga li hai,1
ab sab khtaaam kanra hai,1
"dost mila bohat dino baad, for real",0
himmat nahih har rahi bas thaka hono,0
"muhje maf kar dena sab ko, main ja raha hoon",1
ressults ki tension hai,0
ab mujhe jeeenna naahi hai,1
ab zindagi achhhi lag rhai hai,0
aaj phir khud ko kat baitha hoon,1
udaas fele kar rahha hoon aaj,0
itni thakaan ke mar jaun,0
darrd meni hi sukoon mila hai,1
neend ki goliiyan kha li bohat saari,1
ab zindagi achhhi lag rahhi hai,0
aaj hi sab katam kar longa,1
ab sab khtaam krna hai,1
boht pareshan hon kaam ki wajah se,0
bas thoda waqt aur phir main kahatm,1
aaj phir khud ko kaaat baitha hoon,1
ghhar min thodi larai ho gayi,0
naay saal pe nayi ummmeedein,0
mujjhe {t} mrana hai,1
boat pareshan hoon kam ki waah se,0
main marna chhtta hooon,1
"ab jeene ka dil nahi karta, not joking",1
"chhat se kudne wala hoon, not joking",1
purani aadt chohr di,0
pappa ke jaane ke bad maain bhi khatam,1
maain mrna nahi chahta,0
sab tek chaal raha hai,0
main se ab kuch nahi hoota,1
sir darrd kar raahha hai,0
andhera hi anhdrea hai,1
salary aa gai is mahe,0
dost mila bohat diino baaad,0
maiin marna chaahti hoon,1
I swear main marna nahi chahta,0
aaj rata marna chahta hoon,1
ab sab khatam krnna hai,1
sab ko aliva keh raha hoon,1
ab sab kahtam karna hai,1
bhokko laig hai yaar,0
ziindagi se tang aa gaay hoon,1
sir daard kar raaah hai,0
"match dehka raat ko, maa aaya",0
zinndagi se tanng aa gaya hooon,1
ab mut chui hai maine,1
mushkil waqt hai par guzar jaeyga,0
alhamdullillah ab theeek hoon,0
cricekt dekhnne ka plan hai,0
tehrapy se bhetar feel hota hai,0
zindaig se tang aa gya hoon,1
muujhe maran hai,1
skuoon nahi milta kahhin,1
"salary aa gayi is mahine, for real",0
exxam ki tayri chaal rahi hai,0
gas chuua laag hai ab,1
ab maut chnuni hai mine,1
kaaam bohaat tha par ho gya,0
workoout ke baaad jissm dukh raha hai,0
andha hi anhdera hai,1
mrane ka wqt aa gaya hai,1
zeehr khaird liya aaj hi,1
exa ne maar daa,0
ghar mein thoodi larai ho gayi,0
znidagi khatam karan chahta hoon,1
aela fele kar raha hono aaj,0
dard mien hi suukoon milta hai,1
bae se kalai kata li hai,1
maarrne ka waqt aa gyaa hai,1
ab jeene ka dil nahi ktara,1
thaka hoon par khuh hoon,0
thoda thaka hooon kaam se,0
neend ki goliyan kha li bohaat sarari,1
udaas feel kar raaha hon aaj,0
mani manra nai chahta,0
kabi aisa sohca nahi,0
thaka hoon par kuhsh hooon,0
dost milla bohat dinno baad,0
ab mujje jena nahi hai,1
ab mje jeena nahi hai,1
himmat naahi har rhi bas thaka hoon,0
resultts ki tesin hai,0
aaj raat marnna chhahhta hoon,1
rsuults ki tenison hai,0
yaar ab maut chuni hai maine,1
mar hi jaono ga itni garmi meni,0
mujhhe api jan deni hai,1
main marna nih chahta,0
hiimmat nahi har rhi bas thkaa hoon,0
neend ki goliyan kha li bohat sri,1
boer ho ke mar junga,0
khudkshi ka soch raha hoon,1
"zindagi se tang aa gaya hoon, I am done",1
mujeh apni jana deni hai,1
"barish ho rahi ha,i chai ke liye bst",0
blade se kalai kaaat li hai,1
"for real, exam ki tayari chal rahi hai",0
bldae se kaalai kat li hai,1
honestly zeher kharid liya aaj hi,1
"barish ho rahi hai, chai ke liey best",0
sab thek cal rha hai,0
ppa ke jaane ke baad main bhi khaaatm,1
famiily ke saath dinner kya,0
muje apni jaaan dnei hai,1
maain khud ko nuqsan pahunchata hon,1
"naya darma shuru kiya, story achhi hai",0
dosst ke saath ghoomne gaaya tha,0
garim ne mar dlaa aaj,0
worokut ke baaad jissm dukh raha hai,0
exxam ne maaar daal,0
khud ko nusqan nhi pahunchaunga,0
zeer khrid liya aaj hi,1
khdkushi ka sch raha hoon,1
zer khaarid liya aaj hi,1
ab mujjhe jeena nahi hai,1
khudkushi krna chahta hon,1
muhje {t} marran hai,1
manni sab ka boh hoon,1
"match dekha raat ko, maaz aaaya",0
aaj pihr khud ko kaat batha hoon,1
exxma ne maar dala,0
zeher kharid liaay aaj hi,1
resuults ki tensioon hai,0
"barish ho rhai hai, chai ke liiye bset",0
"jeene ki himmat nahi rahi, for real",1
exxam ki tayari chhal rai hai,0
alhamdulillah ab theek hoooon,0
main anpni kalai kaat raha hoon,1
papa ke jaane ke baaad mani bhi khaatm,1
mar jaoon to sab saah jaenge,1
assignemmnt khatam kar looon phir dekhte hain,0
khuddkuusih ka soch raha hoon,1
zeher pi laaiy hai,1
khudkushi jaissi baat nhai,0
himmat nahi har rhi bas thaaka hoon,0
zeheer pi liiya hai,1
kabhi aisa socha nahi,0
"match dekha rat ko, maza aaay",0
sab behtar hooga mere biiina,1
thoda thhaak hono kaam se,0
"dost se larai ho gayi, burra lag raha hai",0
cricket dkhne ka plan hai,0
phanis lggaa li hai,1
itni thaan ke mar jan,0
zinagi khatam karna chaha hoon,1
mani sab ka bojh hon,1
bhoook lai hai yaaar,0
jeen ka dil kartta hai,0
movvie ahci lagi kal,0
ghar mein tdi lraai ho gayi,0
thoa thaka hono kaaam se,0
drd meni hi sukoon miilta hai,1
thaka hoon par khhuhs hoon,0
maani khuud ko nuqsan pahunchata hoon,1
jene ki himmat nahi rah,1
rssi chhat se bnadh di hai,1
drad mein hi skoon miilta hai,1
khudkushi kanra chahta hooon,1
results ki tenssion hai,0
adhera hi adera hai,1
duuniya se jaana chahta hon,1
sachi bhook lagi hai yaar,0
sukoon nahhi mlita kahiin,1
mujhe ani jaa deni hai,1
traffic ne jaaaan niakl di,0
phanssi laag li hai,1
khudkushi ka soch raah hoon,1
dost ke sath ghoone gaya tha,0
traffci ne jaaan nikaal di,0
sir ddr kar rhaa hai,0
ab maut chuni hai maaie,1
therapy se bhetar fel hta hai,0
"ghar walon se bata hi, sab khush",0
andhera hi anndehra hai,1
main apni kalai kta raha hoon,1
exam ki tayaari chal rahi hai,0
kaabi aisa socha nahi,0
sab ko alvlida keh raha hon,1
aaj phhr khud ko kaat baitha hoon,1
brooe ho ke mar jauga,0
znidagi se tang aa gayya hon,1
ppa ke jaane ke bad main bhi katam,1
crickeet dekhne ka pan hai,0
himmta nahi har rahi bas thaaka hon,0
papa ke jaane ke baaad main bhi khatam,1
ab sab kahttam karrna hai,1
khudksuhi ka soch raha hon,1
exaam ki tayarri cal rahi hai,0
boko lagi hai yaaar,0
ab jeee ka dil nhi karta,1
uaas feeel kar raha hono aaj,0
aaj ka din teheeek tha,0
mar jaoon to sab saamajh jayeneg,1
bukhaar hai kal se,0
beor ho raha hon aaj,0
family ke saaath dinner kia,0
mujjhe {t} mnra hai,1
therapy se behtar fel htoa hai,0
zinddagi se tag aa gaaya hoon,1
eaxm ki tayari chaal rahi hai,0
 sab ko saam mani ja raha hoon,1
 sab ko saalm main ja raah hon,1
sukkoon nih milta kahin,1
maut hi rahhat hai mere liiye,1
sab thek cahl raah hai,0
kash needn na totey kabhhi,1
akela feel kar raa hon aaj,0
woorkout ke baad jism dukh raha hai,0
honestly goliyan kha li hain maine,1
bladde se kaalai kat li hai,1
naay phoe liya hai,0
book se mar junag,0
kam bhat tha par ho gaya,0
main khud ko nuqsan pahuncchatta hoon,1
eam ne mar dala,0
main se ab kcuh nahi hotta,1
himmmat nahi har rahi bas thaka hon,0
ab mjhe jeena nai hai,1
kash neeennd na totoey kabhi,1
dadr meiin hi sukoon milta hai,1
aaj ka din thehke tha,0
dost ke saath ghome gaay tha,0
ghar mein thoid larai ho gayi,0
ab sab kttaam karna hai,1
bohaat pareshan hoon kam ki wjaah se,0
sab ko avida keh raa hono,1
"aaj ka din theek tha, seriously",0
gairm bohat hai aaj kal,0
wrokout ke baad jism dkh raha hai,0
kash needn na tootey kabhi,1
ab mat chuni hai maine,1
man khud ko nuqan pahunchata hon,1
maiiin sab ka boh hoon,1
gas chula laaag hai ab,1
rassi chhhat se bandh di hai,1
matu nhi chahiyye mujhe,0
aaj raat maarna chahta hoon,1
zeher khariid liay aaj hi,1
kudkushi kaarna chahta hoon,1
"maut nahi chahiye mujhe, not joking",0
I swear mujhe bas mar jana hai,1
sab behtar hga mere binna,1
boore ho ke mar jauna,0
"for real, garmi ne maar dala aaj",0
"mujhe maaaaf kar dena sab ko, main ja raha hoon",1
results ki tensino hai,0
aaj raat mana chahta hoon,1
crickt dekhen ka pln hai,0
need ki gloiyan kha li bohat saaari,1
boe ho ke mar janga,0
matu hi rhaat hai mere liye,1
trfafic ne jan nikal di,0
kahs neend na tooty kabhi,1
sab teek chal raaha hai,0
khudksuhi jaiisi baat nahi,0
kash neeennd na tooty kabhi,1
chai pi lo dkh katma,0
jeenne ki hmmat nahi rahi,1
bhk lagi hai yar,0
bhoook se mar jaaugna,0
aaj phir khd ko kaat baitha hon,1
naya pne liya hai,0
exma ki tayari chhal rahi hai,0
sir drad kar rha hai,0
sab bekaaar lata hai ab,1
main marna chahat hon,1
kash neennd na tooye kabhi,1
man se ab kuch nhi hota,1
jeenne ka dil kaarta hai,0
sab behtar hoga mere bnia,1
mujhe mran hai,1
mian maran chahti hono,1
uddaaas feel kar raa hoon aaj,0
mushhkil wat hai par guzar jayega,0
sab theeek chhaal raha hai,0
"dost se larai ho gyai, bura lag raaha hai",0
bohat pareshan hoon kaaaam ki wajah se,0
sab bkaaar lagta hai ab,1
sab ko allia keh raha hoon,1
 sab ko slam main ja raa hooon,1
woorkout ke baaad jism dukh raha hai,0
akela feel kar raha hu aaj,0
alhamduilllah ab thek hoon,0
resutls ki tension hai,0
 sab ko salam mani ja raha hon,1
yaar salary aa gayi is mahine,0
mjhe bas mar jnaa hai,1
neend ki goliyan kha li bhhat saaari,1
bore ho rahha hooon aaj,0
trafifc ne jaan nial di,0
aklea feel kar rha hoon aaj,0
therrapy se behtar feel hoa hai,0
khudkushi kana chhahta hon,1
sab ko allviida keh raha hon,1
zindagi khatam kaarna chahta hoon,1
main marna chhhhati hoon,1
sab ko alvda keh raah hoon,1
mujh marrna hai,1
pappa ke jaane ke baad maiin bhi khataam,1
min maarn nahi chahta,0
maut hi rahhat hai merre liye,1
"mujhe maaf kar dna sab ko, mani ja raha hoon",1
"movie achhi lagi kal, for real",0
"mujhe maaf kar dena sab ko, main ja raha hooono",1
chhat se kdune waala hon,1
kbhhi asa socha nahi,0
fmaily ke saaath dinner kiya,0
zindagi se taggn aa gaya hon,1
sab beehtar hoga mere bina,1
exaam ne mara dala,0
maut nhi chahiye mjuhe,0
khudkushi ka sooch raaha hoon,1
naa saal pe nayi umemedein,0
kal cutiit hai,0
jene ki himmat nahhhi rahi,1
bas thda wqt aur phir min khatam,1
buukaar hai kal se,0
dard meni hi sukon milta hai,1
kaam bohat tha par ho gyaa,0
neend nhi aayi raat bhar,0
bas thoda waaqt aur phir main khattam,1
zheeer kharid lya aaj hi,1
"mujhe maaf kar dna sab ko, main ja raaha hooon",1
theerapy se behhtar feel hoa hai,0
thaa hon par khsh hoon,0
salary aa gaiy is mahine,0
marrne ka waqt aa gaya h,1
bukhrh hai kal se,0
has has ke mar janga,0
anhdera hi anhera hai,1
nend ki golyan kha li boaht saari,1
thoid si khaansi hai bas,0
"barish ho rhai hia, chai ke liye bset",0
"khudkushi ka soch raha hoon, for real",1
naya saal pe naayi ummedein,0
baade se kalai kaaat li hai,1
results ki tnosin hai,0
exam ki tayari caahl rahi hai,0
kal chhttui hai,0
udaas fel kar raa hon aaj,0
phhansi laag li hai,1
mani khud ko nusan pahunchata hoon,1
zindai se tag aa gaya hooon,1
"doost se laria ho gayi, bura lag raha hai",0
duinya se jaana chahta hoon,1
khudkushi karrnna chahta hooon,1
hmimat naahi har rahi bas thaka hon,0
"barish ho rahi hi, chai ke liye best",0
sab theek chla rhaa hai,0
alhamduillah ab theek hooon,0
mujhhe apni jaaan deni hai,1
garmi bhta hai aaj kal,0
ab maut cuhin hai maine,1
mani mana chahta hon,1
bas thoda waqt aur phir main khatm,1
phhhansi lagga li hai,1
hmmat nahi har rahi bas tahka hoon,0
ab mujhe jnea nhai hai,1
sab theek chal rhaah hai,0
phnansi lagga li hai,1
maut nahhi chahiye mujjhe,0
trffic ne jaaan nikal di,0
andhhera hi andhera hai,1
mjeh apni jaaan deni hai,1
"for real, sab theek chal raha hai",0
garmmi ne mara dala aaj,0
mar hi jaoon ga itnni garmmi min,0
nede ki goliyan kha li bohat sari,1
bukhaara hai kal se,0
zindagi kahtam karna chahta hono,1
uaas feel kar raha hooon aaj,0
sab ko avvlida keh raha hooon,1
aaj pir khud ko kaat baitha hoon,1
workuot ke baaad jism duh raha hai,0
khhudkushi jaisi bat nahi,0
has has ke mar jaunna,0
ghar mein thoi larraai ho gayi,0
saalry aa gayi is mahine,0
khhudkushi ka sch rha hoon,1
brooe ho raha hoon aaj,0
saarry aa gaayi is mahine,0
ab jeeene ka dil nai katra,1
dost ke saah ghoomne gaya tha,0
"gar walon se baat huii, sab khush",0
"barish ho rahi hai, chai ke liye bets",0
saalarry aa gaayi is mahine,0
bohat parehan hono kam ki wajah se,0
bkur hai kal se,0
book se mar jaunag,0
khudkshi ka sch raha hono,1
dad mein hi suoon milta hai,1
workout ke baaad jism dukh raah hai,0
neend nahi aai raaat bar,0
nyaa phoone liya hai,0
sab ko alvia keh raha hon,1
maani maran chahta hoon,1
main marna chhhahti hon,1
boer ho ke mar jaunnag,0
naya pheon liya hai,0
jeee ka dil krta hai,0
papa ke jaane ke bdaa main bhi khatam,1
chhat se kude wala hooon,1
papa ke jaane ke baaad main bhi katm,1
ab jenee ka dil nahi karta,1
todda thaka hoon kaaam se,0
bohk lagi hai yaar,0
bas thoda wqat aur phr min khatam,1
main appni kalai kaat raha hoono,1
book se mar jaunga,0
mut nhai chahiye mujhe,0
"mtch dekha raat ko, maza aaay",0
mar jaoon to sab samajh jaayegne,1
znidagi se tang aa gaya hoon,1
gari bohat hai aaj kal,0
koi umeeed nhi rhi ab,1
sab theek chal rha hai,0
akkela fel kar raha hono aaj,0
ab sab khatam kaarrna hai,1
net slowl hai aaj kal,0
jeen ki himat nahi rahi,1
ziindagi se tng aa gaya hoon,1
sab beekaar lgat hai ab,1
sab bekaar lgttta hai ab,1
bukaar hai kal se,0
rasssi chhta se badh di hai,1
assignment khaatam kar loon phir dekhte hain,0
kam boat tha par ho gaaya,0
dst ke saath ghoomne gaa tha,0
toid si khnsi hai bas,0
sachi thoda thaka hoon kaam se,0
gar mein thodi larai ho gaayi,0
bhra hai kal se,0
main se ab kuch nahi hotta,1
purani aadta chhr di,0
kabhi aisa socha naaih,0
sab behtar hooga mee bina,1
ab jeene ka dil nai kaarta,1
khudkusih kara chahta hoon,1
assignment katam kar looon phir dekhte hain,0
ab sab khatttm karna hai,1
sukon naih milta kaahin,1
aaj raata marna chhahta hoon,1
aaj hi sab khtaam kar lonoga,1
gair bohhat hai aaj kal,0
"naya dramma shuru kiya, stry achhi hai",0
zeheeeer pi liya hai,1
alhhamdulillha ab theeek hoon,0
ab muhe jeeena naahi hai,1
chhat se kudne waal hono,1
"main marna chahta hoon, I am done",1
bhook se mar junga,0
mujjhe apppni jaan deni hai,1
ab jeeene ka dil nahi karta,1
naya pone liay hai,0
aaj raaaaat marna chahta hoon,1
resuts ki tnession hai,0
"match deka raat ko, maza aaya",0
mauut hi rahat hai mre liye,1
maaut nhi chahiye muujhe,0
muujeh bas mar jana hai,1
bkuahr hai kal se,0
assignemnt khatam kar loon phir deekhte hian,0
jeee ka dil katra hai,0
ab matu cuin hai maine,1
neend ki goliyan kha li bohat sair,1
neend ki goliyan kha li boaaht saarri,1
bohk lagi hai yar,0
mujhhe apni jana deni hai,1
bhook laig hai yaar,0
dost mial boat dio baad,0
famliy ke sath dinner kiya,0
ppa ke jaane ke baad mian bhi khatam,1
zinagi se tanng aa gaya hon,1
papa ke jane ke baad main bhi khattam,1
"mujhe maaf kar dean sab ko, mani ja raha hoon",1
"mujhe maaf kar dna sab ko, main ja raa hoon",1
assignment khaam kar looon pihr dekhte hain,0
anhera hi adhera hai,1
mujhe bas mar jaana hai,1
ab maani hamesha ke liye ja rahha hoon,1
zidgai khatam karna chaha hoon,1
mushkiil waqt hai par guzar jayega,0
"dost se larai ho gaayyi, bura lag raha hai",0
pnsi lagga li hai,1
kash neend na tootey kaabhhhi,1
naaya pohne liyya hai,0
aaj mod achah hai,0
kaam bohhaat tha par ho gya,0
boook se mar jaunga,0
"naya drama shhruu kiyaa, story achhi hai",0
gar mein thdoi larai ho gai,0
sab thk chhal raha hai,0
main mrnaa chahta hoon,1
zindagi khatam karna chatha hoon,1
hmimta nahi har rahi bas thaka hoon,0
zeeher kahrid lia aaj hi,1
"dost se lari ho gayii, bura lag raah hai",0
main se ab kuch nai hoat,1
"udaas feel kar raha hoon aaj, not joking",0
boe ho raah hono aaj,0
"chai pi lo dukh khatam, I am done",0
chhhaai pi lo dukh khatam,0
goiyan kha li hani maine,1
bohkko se mar jaunga,0
man apni kalai kaat raha hooon,1
aaj hi sab khatam kar loonnnga,1
sab behhtar hogga mree bina,1
bhooko se mar jaunga,0
"barish ho rahhi hai, chai ke liey bst",0
rassi chhat se bnadh di hai,1
I swear purani aadat chhor di,0
bkra hai kal se,0
sir ddar kar rha hai,0
adnhera hi adhera hai,1
chhat se kuden waa hoon,1
maat hi rahat hai mere liye,1
needn ki goliyan kha li bhat saaari,1
ab zindaagi achi lag rahi hai,0
aaj hi sab kaatam kar looga,1
peeehle sochhta tha ab nahi,0
aea feel kar raah hoon aaj,0
chhat se kunne wlaa hoon,1
thaka hooon par khush hooon,0
"dots se larai ho gayi, bua lag raa hai",0
mar jaooon to sab samajh jayenge,1
garmi ne mar dal aaj,0
bkhar hai kal se,0
aaj rat marnna chahta hoon,1
ab muhje jeena naahhi hai,1
blaed se kalai kaat li hai,1
sab bekaar ltaga hai ab,1
phhasi lga li hai,1
chai pi lo duhk khatma,0
sukoon nahi miilta khin,1
salry aa gayi is mahaine,0
maut hi rahat hai mre liye,1
"naya drama shuru kiya, sotry achhi hai",0
aaj phhir khud ko kaat biatha hoon,1
thdda thaka hooon kaam se,0
cricket dekhne ka plan hai,0
kash neennnd na tootey kabhi,1
aaj modo acchah hai,0
rasssi chhat se banh di hai,1
ple sochta tha ab nhi,0
"mujhe maaf kar dena sab ko, main ja raha hooon",1
aaj phiir kuhhd ko kaat baitha hoon,1
dunya se jaana chahta hooon,1
aaj raaat mrna chahta hoon,1
mauut hi raht hai mere liiye,1
main se ab kch naahi hoa,1
ab zinddgi achhi lag raih hai,0
cricket dknhe ka pan hai,0
khhudkushi ka soh raha hoon,1
phansi lgaaa li hai,1
zeehr kharid liiya aaj hi,1
family ke sah dinner kyia,0
sab ko alvida keh raa hon,1
dost mila bohat diion bad,0
maarne ka wqat aa gaya hai,1
aaj hi sab khaam kar loona,1
kash needn na totey kaabhi,1
famiy ke saath dner kiya,0
thaka hono par khush hoooon,0
bohat pareshn hon kaam ki wajah se,0
zindaagi khaatam karna chahta hoon,1
neend ki gloiyan kha li bohat sarai,1
ab maut chuin hai maien,1
pelhe sochta tha ab nhai,0
alhadmulilah ab theek hooon,0
gas chla laggga hai ab,1
"dost se laraai ho gayii, brua lag raha hai",0
pata hai mar jaoon to sab samajh jayenge,1
aaj rata marna chahta hono,1
goliyan kha li hani maine,1
asignmennt khatam kar loon phhir dekhte hain,0
workout ke baad jsm duh raha hai,0
sab ko alvida keh rha hoooon,1
khud ko nuuqsan nhi pahunchaunag,0
movie acchhi laig kal,0
puarin aadat chhhor di,0
khudkushi kraana chahta hooon,1
"barih ho rahi ha,i chai ke liye best",0
naya phoone liya hai,0
dnuiya se jaana chahta hooon,1
chhhat se kudne wlaa hoon,1
jeenne ka dil karat hai,0
bas thoda waqt aur pir main khatam,1
ab mut chuuuni hai maine,1
dst ke saaht ghoomne gaa tha,0
gas cal laga hai ab,1
maut nahi chahiye mujjhe,0
main sab ka bjh hoono,1
mhje {t} mara hai,1
exam ki tayri chal rahi hai,0
akla feel kar raha hooon aaj,0
ab mujhe jeea nai hai,1
workout ke bada jism dkuh rhaa hai,0
"barish ho raahi hai, cahi ke liye bset",0
kaaam boohat tha par ho gaa,0
aaj hi sab ktham kar looonga,1
boook lagi hai yaar,0
mani mrna chahta hoon,1
dost mla bohta dnio baad,0
dost ke saath ghoomne gaaya tha,0
assignment khaatam kar lon phri dekhte hain,0
needn ki goliyan kha li bohat saair,1
dadr meni hi suokon milta hai,1
mar hi jaoon ga ittni garmi mein,0
main apni kalai kaat raha hu,1
family ke saaht dinner kiya,0
exam ki tayari cahl rahhi hai,0
doost ke saaath gohomne gaya tha,0
khud ko nuqsan nahi pahuncchaunga,0
mrne ka waqt aa gaya hai,1
cricket dekhne ka plna hai,0
udaaas fel kar raha hoon aaj,0
khkdushi ka soch raaha hoon,1
mujhe bas mar jaaa hai,1
dunia se jaana chatha hoon,1
sab bekar lagaat hai ab,1
mar hi jaoon ga itni gaair mein,0
 sab ko salam main ja rhaha hoon,1
gaid dekh raha hoon bas waqt aa gaya,1
neend nahi aayyi raat bhr,0
zeher pi liiiya hai,1
blade se kaai ktaa li hai,1
family ke saath diner kya,0
main khhud ko nuqsan pahunhcaata hoon,1
sukoon nhai millta kahni,1
dot ke saath ghoomne gya tha,0
exam ki tayari chal rahi he,0
main marna chahit hoon,1
aela feel kar raha hoon aaj,0
ab sab khattam karna hai,1
fammily ke saath dinner kya,0
aaj phhir khhud ko kaat baitha hoon,1
ab sab khatam kaara hai,1
has has ke mar jaugan,0
borre ho ke mar jaungga,0
ab maut chuni hai miiine,1
ab mian hamesha ke liiye ja raha hoon,1
book se mar junga,0
thio si khasni hai bas,0
maut hi rahat hai mre lye,1
dunyyia se jana chahta hoon,1
ab jeene ka dil naiih karta,1
assignment khatm kar loon phri dekhte haiin,0
has has ke mar jauanga,0
ab mut cuni hai maaine,1
zeher pi liiay hai,1
"muhe maaf kar dena sab ko, main ja raha hooon",1
ab mujhe jenea nhai hai,1
exaam ki tayari chla rai hai,0
"naya drama shuru kiyya, story achhi hai",0
"nayya drama shuru kiya, story achhhi hai",0
bas thoda wqat aur phir maain khatm,1
kaash neend na totye kabhi,1
bhohok se mar jaunga,0
kabhi asa sohca naahi,0
papa ke jaane ke baad maiin bhi katam,1
jeene ki himmmat nahi rhai,1
muhhe apni jaan deni hai,1
neend naih aaayi raat bhar,0
koi ummeed nahi raih ab,1
"dots se lrai ho gai, bura lag raha hai",0
aaj phir kud ko kaat batha hoon,1
nya saaal pe nayi umeedein,0
sab theeek chal rhaa hai,0
booer ho ke mar junga,0
pata hai ab sab khatam karna hai,1
slary aa gaiy is mhine,0
gas chula laga h ab,1
ghar mein thodi larai ho gai,0
bohat pareshan hoon kaam ki wjaah se,0
main khdu ko nuqsan pauhnchata hoon,1
"ghar waloon se bat hui, sab khhush",0
aaj ka din thhhheek tha,0
ab main hamesha ke lie ja raha hoon,1
chia pi lo dukh khataam,0
pehe sochta tha ab naaih,0
thhoda thaaka hoon kaam se,0
main sab ka bojh hooooon,1
ghar meni thhodi larai ho gaayi,0
duniya se jana chahat hoon,1
sab theke chal raah hai,0
"main khud ko nuqsan pahunchata hoon, I am done",1
boaht pareshan hoon kaam ki wajaah se,0
jnee ka dil krta hai,0
jenee ka dil kata hai,0
koi ummeed naahhi rahi ab,1
min se ab kuch nahi htoa,1
mujhe apni jan den hai,1
udas feel kar rha hoon aaj,0
koi ummede nahi rhi ab,1
"for real, naya saal pe nayi ummeedein",0
exxam ne maaar dlaa,0
sab behtaar hgoa mere bia,1
mar jaoon to sab smajh jayege,1
dard mein hi suokon milta hai,1
mut hi rahhat hai mere liyye,1
duniya se jaanna chatha hoon,1
bhook se mar juag,0
sab beaar laagta hai ab,1
aaj raat marna chhata hoon,1
"himmat nahi har rahi bas thaka hoon, not joking",0
dunya se jana chhata hoon,1
chhat se kune waala hoon,1
exam ki tayri chl raih hai,0
thka hoon par khush hoon,0
sab behtar hooga merre binna,1
neend nhai aayi rat bhar,0
dard meiin hi sukoon mlta hai,1
exam ki tyari chal rahi hai,0
aaj rat maan chahta hoon,1
maiin marna chahti hoon,1
resltts ki tension hai,0
mani khuud ko nuqsan pahunchata hoon,1
mujhhe mranna hai,1
aaj ka din thhk tha,0
aaj raa marna chahta hon,1
thoad thaka hoon kaam se,0
moive achhi laig kal,0
uadas feel kar rhaa hooon aaj,0
thoodi si khansi hai bas,0
taffic ne jana nikl di,0
udaas feel kar rha hooon aaj,0
ab mat cuin hai maine,1
bkhra hai kal se,0
nyaa sal pe nayi ummeedein,0
gadi dekkh raha hoon bas waqt aa gaay,1
zeeher pi liaay hai,1
"aaj hi sab khatam kar loonga, I am done",1
ab zindaagi achhi lag rahi hai,0
mushkil waqt hai par guzra jaayega,0
duniyya se jaaana chaha hoon,1
ghhadi dekh raa hoon bas waqt aa gaa,1
maut hi raaat hai mere lye,1
kah nend na tootey kbahi,1
sab behtar hooga mere bia,1
khduusshi jaisi baat nahi,0
papa ke jaae ke baad main bhi khaatm,1
papa ke jaaaen ke baad man bhi khatam,1
has has ke mar jagnga,0
main manra chahtta hon,1
mrrne ka wqat aa gaya hai,1
phaasi laga li hai,1
nayya phone liay hai,0
ab maut chuni hai mainne,1
khudkushi karan chahta hoon,1
jeeene ki himmat naahi rhi,1
mujhe {t} maana hai,1
mar jaoon to sab samjh jayene,1
boore ho ke mar jagua,0
"for real, khudkushi ka soch raha hoon",1
zinagi se tang aa gaya hooon,1
dst ke saath ghoomne gaay tha,0
jeene ki himmat nahhi rhi,1
mujjhe mrana hai,1
chia pi lo dukh khtam,0
mar jaon to sab smaajh jayenge,1
kama bhat tha par ho gyaa,0
jeeeen ka dil krta hai,0
papa ke jaane ke baad man bhi khtma,1
naya phone liay hai,0
kash need na tootey kabhi,1
mar hi jaoon ga itti garmi mein,0
hiimmat nhi har rai bas thaka hoon,0
akela fel kar rahha hoon aaj,0
ab muhej jeena naih hai,1
jeene ki himat nhai rahi,1
aaj hi sab khatam kar loonnga,1
sab theeek chal raa hai,0
bas thoda waqt aur phi main kahtam,1
aaj hi sab khhatam kar looga,1
papa ke janae ke baad main bhi khatam,1
ab main hamesha ke liye ja raaaha hoon,1
main marna chahi hon,1
zindagi khatm karrna chahta hon,1
ghaddi dekh raha hoon bas watq aa gaya,1
jeeen ka dil karat hai,0
ab main hamesha ke liye ja rah hooon,1
ghadi dekh raha hon bas waqt aa gaaya,1
kaam bohhat tha par ho gayya,0
min apni kalai kat raha hoon,1
thrapy se behatr feeel hota hai,0
"barish ho rahi hai, chai ke liye besst",0
jeene ki hmimat naahi rahi,1
thaaka hoon par khuh hoon,0
andhera hi anear hai,1
zindai khatma karna chahat hoon,1
traffic ne jaan naail di,0
resuts ki tension hai,0
mujhe mna hai,1
family ke saath dinner kiiay,0
ab zinagi achi lag rahi hai,0
jenne ki himmat naahi rahi,1
himmat nhi har rahhi bas thaa hoon,0
ini thakna ke mar jan,0
aaj hi sab khaat kar loonga,1
kash ned na tootey kabhi,1
papa ke jaane ke bad main bhi khattam,1
"mujhe maaf kar deean sab ko, main ja raha hoon",1
"match deka raat ko, maa aaya",0
reessults ki tenson hai,0
aaj mood achcha hai,0
udaas feel kar raaha hoon aaj,0
kahs nened na tootey kabbhi,1
dost ke saaath ghoommne gaya tha,0
muujhe apni jan deni hai,1
"zeher kharid liya aaj hi, not joking",1
jeene ka dil krta hai,0
main maarrna nahi chahta,0
ab mujhhe jeena nhi hai,1
reutls ki tension hai,0
rassi chhat se badh di hai,1
ab jeeene ka dil nhi karta,1
miin marna chahta hoon,1
sab ko avlida keh raah hoon,1
itnni thakan ke mar jauun,0
boore ho ke mar jaunga,0
jeeene ki himmat naih raahi,1
naa phone liiya hai,0
sab thheeek chaal raha hai,0
khudkushi jiis baat nahi,0
circkt dekhne ka plan hai,0
kahs neend na tootey kabhi,1
aaj mod acha hai,0
aaj raat mrna chhata hooon,1
brroe ho ke mar jauga,0
koi umeed nhai rhi ab,1
khud ko nuqsan naahi pahunchanga,0
brre ho ke mar jaunga,0
jeene ka dil katrta hai,0
"zindagi se tang aa gaya hoon, for real",1
mujhe maarna hai,1
znidagi se tng aa gaya hon,1
khud ko nuqan nahhi pahunchaunga,0
mujjhe {t} maran hai,1
bhook se mar jaugan,0
neend nahi aayi raaat bar,0
main maarna chaahti hooon,1
sab bethar hoga mer bina,1
"dost se larai ho gayi, baur lag raha hai",0
puurani adat chohr di,0
has has ke mar juaaga,0
sachi main sab ka bojh hoon,1
allhamdulillah ab thke hoon,0
akeela fel kar raa hoon aaj,0
honestly zindagi se tang aa gaya hoon,1
purrani aadat chhor di,0
mujujhe marna hai,1
mar hi jaoon ga itni garmmi meeni,0
bladde se kalaai kaaat li hai,1
chhat se kdune wala hooon,1
"kal chutti hai, for real",0
khudkushi krana chahtta hon,1
exam ki tayari chl rahi hai,0
alhamdulillah ab theeek hoooon,0
sab teek chal raah hai,0
faamily ke saatth dnner kiya,0
kash neend na tooty kabhi,1
ab main hamesha ke liey ja raaah hoon,1
main marnna chahti hon,1
chai pi lo dukkh khhatam,0
faamily ke saath dinner kya,0
main apni kallai kaaat raha hoon,1
mujeh bas mar janna hai,1
sukono nahi miltta kahin,1
traaffic ne jaan nial di,0
kal cttuti hai,0
koi ued nahi rai ab,1
mujhe apnni jaan dein hai,1
garmi ne maaar dallla aaj,0
chta se kudne waa hoon,1
ghdi dekh raha hoon bas wqat aa gaya,1
gami ne maar daala aaj,0
ab sab kattam kaarna hai,1
ab jeene ka dil nhi kaarat,1
mani khhud ko nuqasn pahunchata hoon,1
nened nahi aayi raat bhar,0
dst ke saath ghomone gayya tha,0
jeene ki himmmat nhi rahhi,1
main marna chatha hoon,1
has has ke mar jagguna,0
goliyan kha li hain maaine,1
resuults ki tension hai,0
honestly jeene ka dil karta hai,0
sab bhetar hooga mere bina,1
mujhe {t} mnaa hai,1
"ghar wlaon se baat hi, sab khussh",0
cricket dekhne ka plan h,0
criket dekhne ka pln hai,0
aaj raat marna chhahta hon,1
workkout ke baaad jism duukh raha hai,0
mani manra chahti hoon,1
udaas fel kar raah hoon aaj,0
sab behtr hga mre bina,1
dard mein hi sukoon mia hai,1
udaas feeel kar rha hono aaj,0
nayyya phhone liya hai,0
broe ho raaha hon aaj,0
ab mjuhe jeea nai hai,1
bukahr hai kal se,0
 sab ko salam mian ja raha hoon,1
ab main haammesha ke lie ja raha hoon,1
nened nhi aayi raat bhar,0
mvie achhi laig kal,0
rasi chhat se bnadh di hai,1
sab teek cal raah hai,0
main mrna chahti hoon,1
salary aa gaaiy is maihne,0
muat hi rahat hai mree liey,1
mian sab ka boh hooon,1
sab beakar laga hai ab,1
maain maran nahi chahta,0
maian khud ko nuqsan pahunchata hoon,1
dot mila boohat dino bad,0
"aaj raat marna chahta hoon, not joking",1
zindaig se tng aa gaay hoon,1
ghar mein thodi laria ho gayi,0
mujjjhe mrna hai,1
"naya draa shuru kiya, sory achhi hai",0
ghi dkh raha hoon bas waqt aa gaya,1
jeenne ki himmmat nahhi rahi,1
ghaadi dekh rahha hoon bas waqt aa gaya,1
koi umed nahi rai ab,1
"family ke saath dinner kiya, not joking",0
zinagi kataam karna chahta hoon,1
aaj hi sab khaatm kar loonag,1
mujhe bas mar jaanna hai,1
sab ko allvida keh raa hon,1
sab ko avlda keh raha hoon,1
mujjhe apni jan denni hai,1
familly ke saaath dnner kiya,0
ghadi dekh rhaa hon bas waqt aa gya,1
has has ke mar jnuuga,0
zeeehr pi liya hai,1
moviiie achhi lagi kal,0
"dost se larai ho gayi, bura lag raha hai, not joking",0
has has ke mar jaunnga,0
udaas feel kar rha hono aaj,0
khuud ko nqsan nahi pahunchaunga,0
aaj rat marna chahtta hooon,1
papa ke jaane ke baad maiin bhi khataam,1
dadr mien hi sukooon milta hai,1
kal chhti hai,0
assignment khatam kar loon phir dekhte haini,0
main sab ka bjoh hono,1
exma ki taari chal rhi hai,0
sab thheke chal raha hai,0
movie ahhi lai kal,0
sab beekara lgta hai ab,1
main anpi kalia kat raha hoon,1
drad mein hi skuoon milta hai,1
mujhhhe bas mar jaa hai,1
main marna chhti hoon,1
akela feel kar raah hooon aaj,0
naya phhone lyyia hai,0
mujhhe {t} mran hai,1
phanis laag li hai,1
bhook lagai hai yaaar,0
itnni thakan ke mar jauuun,0
pruanni aadat chhhor di,0
kabhi aia soocha nahi,0
zhere pi lyia hai,1
zidagi se tag aa gaay hoon,1
naya saal pe nayi ummeedein,0
thodi si khansi h bas,0
sachi kaam bohat tha par ho gaya,0
yaar garmi ne maar dala aaj,0
ab zidnagi achhi lag rahi hai,0
rueslts ki tension hai,0
"net slow hai aaj kal, for real",0
bhook se mar jaaaaunga,0
sab beakkar lagta hai ab,1
main se ab kuh nhi hoota,1
akeela feel kar raha hooon aaj,0
purnai aadat chhr di,0
"barish ho rai hai, chai ke liyye best",0
ab zinagi achhi lag rhi hai,0
chhaat se kudne wala hoon,1
"mujhe {t} marna hai, I am done",1
has has ke mar jaannga,0
aaj hi sab khtam kar loonna,1
muhskil waqt hai par guzar jayega,0
aaj mood achh hai,0
mvoie achi lai kal,0
"zeher kharid liya aaj hi, for real",1
aaj moood achhah hai,0
I swear maut nahi chahiye mujhe,0
"barish ho rahi hai, chai ke liye best, seriously",0
koi uemed nahi raahhi ab,1
sachi aaj raat marna chahta hoon,1
crciket deehkne ka plan hai,0
"ghr walon se baat hu, sab khush",0
reesults ki tenision hai,0
I swear ghadi dekh raha hoon bas waqt aa gaya,1
"main marna nahi chahta, seriously",0
sab teehk chal raha hai,0
ab main hmaesha ke liyye ja rhaa hoon,1
bohok se mar jaanga,0
trafic ne jaaan niikal di,0
aaj hi sab khatam kar looona,1
duniya se jaaaa chahta hono,1
sab ko alvida keh raha hono,1
I swear workout ke baad jism dukh raha hai,0
neeend ki goliyan kha li bhat saari,1
"mujhe maaf kar dean sab ko, main ja rahha hoon",1
kal cthuit hai,0
broe ho raha hoon aaj,0
rassi chhat se bnaadh di hai,1
garim ne mar dala aaj,0
akeela feel kar rha hoon aaj,0
kama bohat tha par ho gaya,0
ab jene ka dil naaih karta,1
andhar hi andhera hai,1
sukoon nahi miilta khain,1
goliyn kha li hain maine,1
chai pi lo dukh khhhtaam,0
main se ab kuch nahi hoooota,1
"naya drama shhuru kiya, story achhhi hai",0
thaak hoon par khush hoon,0
aaj raat marna chhtta hoon,1
ab mjhhe jeena nhi hai,1
muhhe {t} marrna hai,1
purain adaat chor di,0
ab maut cuhni hai maaine,1
duniya se jaana chahtta hoon,1
ab sab khatam karna hai,1
main khud ko nuuqsan pahunchata hoon,1
"dost se larai ho gaayi, bura lag rhaa hai",0
purrani aat chhor di,0
aaj phir khd ko kaat baita hoon,1
sukoon naih milta kaahin,1
muje manra hai,1
zindaggi se tanng aa gaya hono,1
papa ke jaane ke baad maiin bhi khatam,1
exaxm ne maar dala,0
main marna caahta hoon,1
trfffic ne jaan nikkal di,0
"mujhe maaf kar deena sab ko, main ja raah hoon",1
mar jaoon to sab smajh jayenge,1
chia pi lo dukh khatam,0
khudkusi jaisi baat nahi,0
mar jaoon to sab smah jayenge,1
bhoook lgai hai yara,0
broe ho ke mar jaaunga,0
ab mujhe jeean nahi hai,1
sab bekaar lata hai ab,1
"alhamdulillah ab theek hoon, not joking",0
mueh {t} marrna hai,1
mauut nahi chahiiye muje,0
jeenne ka dil kta hai,0
ghadi dekh raha hoon bas waqt aa gaay,1
traffiic ne jaan nikl di,0
marne ka waaqt aa gya hai,1
muje mraa hai,1
suokon nahi miilta kahiin,1
duniay se jaana chahtta hoon,1
rasssi chht se bnadh di hai,1
mujhe bas mar jana h,1
ab maain hamesha ke liiye ja raah hoon,1
"sab ko alvida keh raha hoon, for real",1
aaj rat marna cahhta hooon,1
chht se kudne wala hoooon,1
ghaddi dkeh raha hoon bas wat aa gaya,1
 sab ko slaam maiin ja raha hono,1
sab ko alviida keh rahha hoon,1
kbhi aisa socha nahi,0
mani se ab kuch naih hoat,1
khud ko nuqasn nahhi pahunchaunga,0
kahbi asa socha nahi,0
mar jaoon to sab saamajh jaenge,1
himat nahi har rahi bas thaka hooon,0
dost ke saath goone gaa tha,0
mjuueh {t} marna hai,1
sukoon niah milta khain,1
"mujhe maaf kar dean sab ko, main ja raha hoon",1
duniya se jaaana chaahta hoon,1
main apni kalia kaat raaha hon,1
 sab ko salma main ja raha hoon,1
ab sab khaattm karan hai,1
crickte dekhne ka plna hai,0
zindagi khatam karna cahta hoon,1
akla feel kar raha hoon aaj,0
tahka hoon par khush hono,0
koi umed nhai rhai ab,1
ab man hameshha ke liye ja raah hoon,1
"mujhe maaf kar dean sab ko, main ja raha hooon",1
himmmat nahhi har rahi bas thaka hoon,0
ab muujhe jeea nahi hai,1
slary aa gai is mahien,0
needn nahi aai raat bhhar,0
"muhje maaf kar dna sab ko, main ja raa hoon",1
muuje marnna hai,1
sab ko alvda keh raha hon,1
has has ke mar jna,0
crickte dkehne ka plan hai,0
gas cuhal lagga hai ab,1
ab sab katm karna hai,1
sukono nhi milta kahin,1
mar jaoo to sab samajh jayenge,1
aekla feel kar raha hoon aaj,0
ab znidagi achhhi lag rai hai,0
mujhe apni jaan dnni hai,1
"naya drama shuru kiy,a story achhi hai",0
khudkuushi karna chahta hoon,1
aaj mood ahha hai,0
ziindaig se tang aa gaya hooon,1
naay phonne liya hai,0
sachi kabhi aisa socha nahi,0
khud ko nuqan naahi pahuncaunga,0
itnni thakan ke mar jun,0
"kabhi aisa socha nahi, for real",0
matu hi rahaat hai mere liey,1
aaj hi sab katm kar looonga,1
dniya se jaana chahta hon,1
thaa hoon par khuhhs hoon,0
aaj pihr khud ko kaat baihta hooon,1
maut hi rahhat hai mee lyie,1
aaj pir khhud ko kaat baitha hon,1
resullts ki tension hai,0
chaai pi lo duh khaam,0
neend ki golyian kha li baoht saari,1
ab mani hamesha ke lyie ja raha hoon,1
thodi si khaasi hai bas,0
zeeheer khard liya aaj hi,1
aaj pihr khud ko kat baitha hoon,1
min sab ka bjoh hon,1
assignment khatam kar loon phir dekthe hain,0
sab thek chal rahaa hai,0
thaa hoon par khhush hoon,0
koi ueed nhi rahi ab,1
golliyan kha li haain miane,1
khudkushi ka soch raaha hono,1
I swear bore ho ke mar jaunga,0
golyan kha li haiin maine,1
khudkushhi karna chahta hoon,1
maut nahi chahiye muje,0
neend ki goiyna kha li boht saari,1
exam ki tayyrai chal rahi hai,0
thdi si knsi hai bas,0
"mushkil waqt hai par guzar jayega, not joking",0
"barrish ho rahi hai, chai ke lyie besst",0
ab ziindagi achhi lag rahi hai,0
ghadi dekh rhaa hoon bas waqt aa gaay,1
zeheer kardi liya aaj hi,1
kal ctuti hai,0
borrre ho raha hoon aaj,0
"thoda thaka hoon kaam se, I am done",0
ab mujeh jeena nhhai hai,1
has has ke mar jaugnga,0
suoon nai milta kahn,1
duniya se jaana chaahta hoon,1
main sab ka bjjho hoon,1
mujhe api jan dnei hai,1
bkukhhar hai kal se,0
neend ki gloiyan kha li bohat saaari,1
bas thhoda waqt aur phir maain katam,1
sir drad kar raaha hai,0
sab ko alvia keh raha hoon,1
boe ho ke mar jaunag,0
chai pi lo dukh katam,0
mar jaoon to sab samjah jaayenge,1
jeeene ka dil kaata hai,0
"ghar walon se baaat hi, sab khush",0
uas feel kar raa hoon aaj,0
neend nahi ayi raat bhar,0
udaas feel kar raha hoooon aaj,0
naaa saal pe nayi ummeedien,0
mar jaoon to sab samajh jayeneg,1
sukoon nhai mlta kahin,1
mar jaoon to sab samajh jayyegne,1
"barish ho rai ha,i chai ke liye bet",0
"muje maaf kar dna sab ko, main ja raha hoon",1
bohat paesrhna hoon kaam ki wajah se,0
marrne ka wqaat aa gayya hai,1
kabhi aiisa soccha naahi,0
khudkushhi ka soh raha hon,1
"main se ab kuch nahi hota, I am done",1
sab teehek chaal raha hai,0
sukooon nahi milat kahin,1
khukushi kanra cahta hoon,1
bok se mar januga,0
himmat nahi har rahi bas thakka hoon,0
bas thoda waqt aur pihr main khatma,1
pappa ke janae ke baad main bhi khatam,1
kabbhi asa soca nahi,0
aaj phir khud ko kaat baihta hoon,1
ab muje jeena nhai hai,1
yaar khud ko nuqsan nahi pahunchaunga,0
buuhar hai kal se,0
mauut hi rhat hai merre liye,1
andhhear hi anhera hai,1
maiin marna chaha hon,1
khud ko nuqsna nhai pauhnchaunga,0
main mrrna chaahti hoon,1
ghar mein thodid larai ho gayi,0
"match dekha raat ko, maza aaya, for real",0
therapy se bhtar fele hoa hai,0
movei achi lagi kal,0
dst ke saath ghoommen gaya tha,0
kaabhi aiisa sohca nahi,0
honestly akela feel kar raha hoon aaj,0
has has ke mar jaaungga,0
sab bethar hooga mere bina,1
main khhud ko nuqsan pahuncchata hon,1
mujeh api jaan deni hai,1
zindagi se tang aa gaa hoono,1
ghadi dekkh raha hoon bas waqt aa gaya,1
ab mujhe jeea nahi hai,1
"barish ho rahi hai, cahi ke lye bst",0
zindai se tang aa gaa hoon,1
khuudkushi karna chhahta hoon,1
bore ho raha hon aaj,0
kabh aisa socha nai,0
jeenne ki himmmat nahi rahi,1
zidnagi khatam krna chahta hooon,1
"dosst se larai ho gayi, bura lag rhaa hai",0
buakrh hai kal se,0
koi uemed nai rahi ab,1
man marna chahit hono,1
exxam ne mar dla,0
zeer kharid lyia aaj hi,1
sab theeek chla rha hai,0
gas chual lga hai ab,1
peelhe sohta tha ab nahi,0
rassi chhhat se banhd di hai,1
ghar mein todi larai ho gaiy,0
mar hi jaooon ga itni grrmi mein,0
himmat nhai har rahi bas thaka hooon,0
zindagi khatm karna chhhta hoon,1
blade se kaalai kat li hai,1
resulst ki teensoin hai,0
neend nahhi aayi raat bhra,0
prain aadat chhhor di,0
movie achhi lgai kal,0
bohook lai hai yaar,0
mani marna chahti hoon,1
ab muhje jeean nhi hai,1
"dost se laarai ho gay,i buar lag raha hai",0
aaj ka din thhek tha,0
khudkushi jai baat nahi,0
assignmet khatam kar loooon phir dekhte hain,0
jeene ki himmta nahi raih,1
muuat hi rahaat hai mere liye,1
thoa thakka hoon kaaam se,0
phans lagga li hai,1
therpy se betar feel hota hai,0
"neend ki goliyan kha li bohat saari, seriously",1
muhjhe marna hai,1
khudkushi kara cahhta hoon,1
aaj phr kud ko kaat baitha hoon,1
mani khud ko nuqasn pahunchata hoon,1
"dost se larai ho gia, bura lag raha hai",0
bas thoda waqt aur phiir main katam,1
man apin kalai kaat raha hoon,1
aaj raat marrna chahta hooon,1
has has ke mar jaugna,0
mujhe api jan deni hai,1
neeend naahi aayi raat bhhar,0
movvvie acchhi lagi kal,0
zere pi lya hai,1
bre ho ke mar jauungga,0
kud ko nuqssan naih pahunchaunga,0
muhe {t} marna hai,1
has has ke mar jaaunga,0
woorkout ke baad jms dukh raha hai,0
sukoon naai milta kahin,1
alhamdullillah ab theek hon,0
naya pohne liiay hai,0
zerh kharid lya aaj hi,1
akella feel kar raaha hoon aaj,0
chhat se kuddne wla hon,1
nayya phoe liyya hai,0
sab behtar hoga meere biina,1
exam ne mar dallla,0
mujjhe marrrna hai,1
mue marrna hai,1
maiin se ab kuch nahi hta,1
alahmdulillaaah ab theek hoon,0
"naya drama suhru kiya, stoy acchhi hai",0
"mujhe maaaf kar dena sab ko, main ja raaha hoon",1
dot ke saath ghoomne gayyya tha,0
mian apni kalai kaaaat raha hoon,1
neend nahi ayai raat bhar,0
criccket dkhne ka plan hai,0
sab ko alvia keh raa hooon,1
main sab ka boh hoon,1
"for real, cricket dekhne ka plan hai",0
dard mine hi sukon milta hai,1
gas chlua lgaa hai ab,1
ab muhhe jeena nhai hai,1
jeenne ki himmat nahi rhi,1
ab main hamesha ke liye ja raha hu,1
goiyan kha li hain maiine,1
chaai pi lo dukkh khaam,0
zindagi khatam krna chahta hon,1
workut ke baad jism dukh raaha hai,0
gas chuula laggga hai ab,1
kaaam boat tha par ho gaa,0
mjhue {t} marna hai,1
jene ki himmat nahhi rahi,1
bhar hai kal se,0
bore ho rhaa hooon aaj,0
movei acchhi lagi kal,0
blae se kaaali kaat li hai,1
khd ko nusan nahi phaunchaunga,0
naa saaal pe nayi ummeeedein,0
hiimmat nahi har rahi bas thaka hooon,0
khudukshi karna chaha hoon,1
bhoat pareshaan hoon kaam ki wajah se,0
aaj raaat marna cahhta hoon,1
garim baht hai aaj kal,0
bas tda wqt aur phir main khatam,1
bhkaar hai kal se,0
resuts ki tennsion hai,0
golyaan kha li hain maine,1
"dssot se lraai ho gayi, bura lag raha hai",0
"mujeh mafa kar dena sab ko, mani ja raha hoon",1
koi ueed nhia rahi ab,1
honestly sukoon nahi milta kahin,1
ab mjuuhe jeena naih hai,1
dost mila bohaat dnio bada,0
chai pi lo duh katma,0
tarffic ne jaan nkal di,0
traffic ne jaan nikla di,0
has has ke mar juanga,0
bohat parshan hoon kaam ki wah se,0
chhhat se kudddne wala hoon,1
koi umeeed nhi rahhi ab,1
zindagi se tang aa gaayya hono,1
chat se kunde wala hon,1
bas tohda waqt aur phir min khatam,1
khdu ko nuuqsan nai pahunchaunga,0
terapy se bhetar feel hoat hai,0
mar jaon to sab saajh jayengge,1
main khud ko nuuqsan pahunchata hooon,1
neend naih aayi raat bhar,0
aaj hi sab khaatam kar loooonga,1
sachi bas thoda waqt aur phir main khatam,1
ab mujhe jeena nhi hai,1
khdukushi jaisi bat nahi,0
moie ahi lagi kal,0
anhera hi andhera hai,1
doost mila bohat dino baaad,0
khdkushi jasi baat nahi,0
zindagi se tagn aa gaay hoon,1
I swear dard mein hi sukoon milta hai,1
muuhe bas mar jaana hai,1
mushkil watq hai par gzar jayega,0
main sab ka bojh hoooon,1
grrmi boaht hai aaj kal,0
honestly bore ho ke mar jaunga,0
ab mjuhe jenea naahi hai,1
mani maran nahi chahta,0
ziindagi khatam karna chhata hon,1
bhok lgi hai yar,0
aaj phri kuhd ko kaaat baitha hoon,1
chhhat se kudne walla hoon,1
"ghar walon se baat hui, sab khhush",0
aaj phir khud ko kata bitaha hoon,1
gamri bhoat hai aaj kal,0
main marna chatha hon,1
"koi umeed nahi rahi ab, for real",1
maain mana chahtta hoon,1
nened nai aayi raat bhar,0
sir dad kar rha hai,0
sir dard kar raha he,0
chhat se kudne wlaa hoon,1
ab zindi achhi lag rai hai,0
I swear thaka hoon par khush hoon,0
maiin sab ka bojh hon,1
kabhi asai socha naahi,0
I swear zindagi khatam karna chahta hoon,1
sukooon nahi milta kahn,1
mujhe apni jan deni hai,1
has has ke mar junna,0
"for real, purani aadat chhor di",0
 sab ko salam min ja raha hooon,1
maiiin sab ka bjh hoon,1
cicket dekhne ka pln hai,0
man sab ka bojh hoooon,1
zeerh kharid lya aaj hi,1
bhhook se mar jaaunga,0
naya phoone lia hai,0
kash neeend na totoey kabhi,1
nyaa phoen liya hai,0
zindagi se tangn aa gaya hoon,1
sab theek chla raha hai,0
 sab ko salam main ja rahha hooon,1
"ab maut chuni hai maine, seriously",1
bre ho rha hon aaj,0
"dost se laarai ho gaayi, buar lag raha hai",0
main se ab kuhc nahi hoota,1
sukon nhhai milta kahin,1
ghadi dekh raa hoon bas waqt aa gaay,1
sab theek chaal rahha hai,0
kash neend na tooteey kabhi,1
"ghar waln se baaat hiu, sab khush",0
exam ki taryi chal rai hai,0
papa ke jaane ke baad main bhi khaatam,1
khudkuushi ka soch raha hoono,1
"ghar mein thodi larai ho gayi, for real",0
papa ke jaane ke bada main bhi khatam,1
zhher pi lia hai,1
has has ke mar jnunga,0
dost milla bohta dino baaad,0
"dost se laria ho gayi, bura lag raa hai",0
mushkil waqt hai par guzar jayeega,0
"assignment khatam kar loon phir dekhte hain, not joking",0
ab jeene ka dil nai krata,1
khudkuhi ka soch raha hono,1
jeene ki himmat nhi raih,1
ghadi dekh raah hon bas waqt aa gaa,1
ini thkaan ke mar jan,0
bhook se mar jnaga,0
maut hi rahat hai mere lye,1
man se ab kuhc nahi hota,1
main manra nahi chatha,0
mjeh marna hai,1
khudkushi karan chatha hon,1
thodi si khhasni hai bas,0
akela fele kar rahha hooon aaj,0
gas clua laaga hai ab,1
"barish ho rhai hi, chai ke liye best",0
 sab ko saalam main ja raha hoon,1
"naya dramma shuru kiya, sotry achhi hai",0
"mar hi jaoon ga itni garmi mein, I am done",0
goliyan kha li hain maanie,1
"ghhar walon se baat hui, sab khhussh",0
chat se kudne walla hoon,1
gaid dkeh raha hoon bas waqt aa gaya,1
mjhe {t} mana hai,1
trffic ne jaaan nial di,0
ab maiin hamesha ke liye ja raha hoon,1
pehle scohta tha ab naaahi,0
I swear ab maut chuni hai maine,1
thoda thaka hoooon kaam se,0
boore ho ke mar juanga,0
ghaar mein thodi lari ho gayi,0
has has ke mar jaanuuga,0
bas toda waqt aur phir main khtam,1
alhamdulillah ab theeek hon,0
"dost se laarai ho gaayi, bura lag raaha hai",0
zehre pi liiya hai,1
has has ke mar juunag,0
mrne ka waaqt aa gaya hai,1
"ab jeene ka dil nahi karta, for real",1
mjuhe maaarna hai,1
"khudkushi ka soch raha hoon, not joking",1
duniya se jana chahta hooon,1
ab maut chuni hai maaine,1
marrne ka watq aa gaay hai,1
aaj phiir khud ko kaaat bitha hoon,1
aaj phir khuud ko kaat biatha hoon,1
sab ko alvidda keh raha hon,1
dst ke saath ghooomne gaa tha,0
 sab ko salam maain ja rahha hoon,1
main khud ko nuqsan pahunchatta hoon,1
chhhta se kudne waa hoon,1
workkuot ke baad jism dukh raaha hai,0
cricket dekhhne ka plna hai,0
"barish ho rahi hi, chi ke lyie best",0
dard mein hi sukono milta hai,1
aaj moood achcha hai,0
muushkil waqt hai par guuzar jayyega,0
ab main hamesha ke liye ja raha hon,1
jeene ka dil karat hai,0
criccket dekhne ka plan hai,0
zehhher pi lyia hai,1
zindagi se tnag aa gaya hooon,1
pata hai workout ke baad jism dukh raha hai,0
main sab ka bjoooh hoon,1
ab jene ka dil nahi kara,1
andhera hi adhea hai,1
khudushi karna chahta hooon,1
nya sal pe nayi ummeedeiin,0
gas chaul laa hai ab,1
aaj hi sab khatam kar lonag,1
crcket dekhne ka pln hai,0
nayay saal pe nayi ummeedeni,0
maut nahi chaahey mujhe,0
ab jeeene ka dil nahi kara,1
jenee ka dil katra hai,0
zhre pi liyya hai,1
bohat paressan hoon kam ki wajah se,0
zeeer kharid lyia aaj hi,1
neend nahi ayai rata bhr,0
blade se kallia kaaat li hai,1
ab jeene ka dil nahi katr,1
phaansi lagga li hai,1
pehhle scohat tha ab nahi,0
sab ko alvida keh raha hno,1
kaam bhaat tha par ho gaya,0
dadr mein hi sukoon milta hai,1
book lgi hai yaaar,0
family ke saath dnner kiay,0
khudkushi jisi bat nhi,0
dard mein hi sukkon milta hai,1
khudkusih karna chahta hon,1
khuud ko nuqsan nhhai pahunchaunga,0
aaj raat marnna cahhta hono,1
gas cual laag hai ab,1
zeehr khaid liya aaj hi,1
sab behtar hoga mree bina,1
mushkil waqt hai par guzar jaega,0
jene ki himmat nahi raai,1
maut nahi chahiye mujhe,0
dos mila bohat dno baad,0
khud ko nquasn nahi pahunchaunga,0
"naya dara shuru kya, story achhi hai",0
family ke saaath dinnner kiya,0
bohok lgi hai yaar,0
himmaat nhai har rahi bas tahka hoon,0
goliyaan kha li hain mane,1
dad men hi sukoon milta hai,1
maain sab ka bjoh hono,1
khudkushhi ka sohc raaha hoon,1
reults ki tension hai,0
maut hi rahat hai mee lie,1
udaas feel kar raah honno aaj,0
cai pi lo dukkh khatam,0
nened ki goliyan kha li bohat saari,1
zeher kharid lya aaj hi,1
eam ne maar dalaa,0
"dost se laai ho gayi, bura lag raha hai",0
exma ne mar dlaa,0
yaar thoda thaka hoon kaam se,0
zehr pi liyay hai,1
khudkushi karnna chahta hoon,1
 sab ko salam main ja rhaa hoon,1
dsot ke saath ghhoomne gaya tha,0
pauni aadat chhhor di,0
honestly sab theek chal raha hai,0
dot ke saaath ghoomne gaya tha,0
family ke saath dinner kia,0
mujhe apni jaan deein hai,1
thoda thhkaa hoon kaam se,0
pahnnsi lagga li hai,1
mvoie achhi laggi kal,0
zindai se tang aa gaya hon,1
mian se ab kuch nahi hotta,1
mujhe mranna hai,1
ghi dekh raha hon bas waqt aa gaya,1
ab sab khaam krna hai,1
bas thoda waqt aur phir main khaaatm,1
aaj moood aha hai,0
boat pareshan hoon kaaam ki wajah se,0
aaj moood aca hai,0
phni laga li hai,1
zinddagi katam kara chahta hoon,1
ab zndagi achi lag rahi hai,0
trafffic ne jana nikla di,0
zindai se taang aa gaay hoon,1
itni thkan ke mar jun,0
"dost se larai ho gayi, bura lag rahha hai",0
"barish ho rahi hai, chai ke lie best",0
" sab ko salam main ja raha hoon, I am done",1
ab zidnaggi achhi lag rahi hai,0
dar meiin hi sukoon milta hai,1
gadi dkeh raha hoon bas waqt aa gaya,1
aaj hi sab kahtam kar looga,1
"gahr walon se baat hui, sab khush",0
sukoon naih milta kahin,1
khudkusshhi karna chahtta hoon,1
koi umede nahi raahi ab,1
goliyan kha li hiaan maine,1
borre ho ke mar jaugna,0
zeerh pi lya hai,1
I swear ab main hamesha ke liye ja raha hoon,1
ab mujhe jeena nahi he,1
mujhe anpi jan deni hai,1
exam ki tayai chal rahhi hai,0
muhhje {t} marna hai,1
ini thaakn ke mar juan,0
chi pi lo dukh khtam,0
thhodi si khnassi hai bas,0
sukoon naahi milta khin,1
koi umeed nahi raaih ab,1
ghar mein thodi lrai ho gayi,0
naaya phnoe liya hai,0
"bhook se mar jaunga, seriously",0
kal chututi hai,0
move accchhi lagi kal,0
dost ke saath ghoomen gaya tha,0
mar hi jaooon ga ini garmi min,0
"garmi ne maar dala aaj, not joking",0
zindgai khataam karna chahta hon,1
dard mein hi sukoon mliat hai,1
kal chut hai,0
khudkushi kanra chhata hoon,1
"sachi mujhe maaf kar dena sab ko, main ja raha hoon",1
moive achi lagi kal,0
I swear kaam bohat tha par ho gaya,0
"ab sab khatam karna hai, seriously",1
bohat pareshan hooon kaam ki waajh se,0
"naya draa shuru kiyaa, stroy achhi hai",0
kam bohta tha par ho gaay,0
naa poohne liya hai,0
phele socha tha ab nahi,0
gas cua lga hai ab,1
ab man hamesha ke liiye ja raha hoon,1
gar meni thodi larai ho gayi,0
mauut hi raaht hai mere liye,1
ghar mein thodi larai ho gaiiy,0
gariim ne maar dlaa aaj,0
neend ki goliyan kha li bhoat sarai,1
khdukushi ka soch raha hoon,1
mujhe api jaan deeni hai,1
mian marna nhi chahta,0
neend ki goilyan kha li bohat saai,1
"dosst se larai ho gaayi, bura lag rha hai",0
ab zidnnagi ahhi lag rahi hai,0
aaj moood acah hai,0
muhe {t} mrana hai,1
"match dkeha raat ko, maza aaaya",0
prai aadat chhor di,0
pata hai chhat se kudne wala hoon,1
resullts ki tennnsion hai,0
ab mian hamesha ke liye ja raha hon,1
mvie achhhi lai kal,0
ab sab katam karnna hai,1
ab zindagi achci lag rahi hai,0
ab maautu chuni hai maine,1
ab min hamesha ke lyie ja raha hooon,1
aeal feel kar raha hono aaj,0
zindagi khatma kana chhata hoon,1
khudkkushi jaisi baat nahi,0
circket dekhne ka plan hai,0
maut hi rahat hai mere liy,1
naa phne lia hai,0
salary aa gai is mhiine,0
khudkushi kaanra chahta hon,1
muujhe bas mar jnnaa hai,1
ghaid dekh raha hoon bas waqt aa gaya,1
mujeh ani jaan dei hai,1
ab zindagi acih lag rahi hai,0
"nya drama shuru kiay, story achih hai",0
ghadi dekh raha hoon bas waqqt aa gaay,1
ab maut cuin hai maine,1
sab ko alvida keh rahha hno,1
"maatch dekha raat ko, maaz aaya",0
gamri ne maar dala aaj,0
alhamdulillah ab tehek hoon,0
paapa ke jane ke baaad main bhi khatam,1
min sab ka boojjh hoon,1
thoda thaka hono kam se,0
pehe sochta tha ab niah,0
bhhook se mar jauunag,0
bas thhoda waqt aur phir main khatma,1
dost mla bohat dino baad,0
dosst ke saath gohomne gyaa tha,0
zidai se tang aa gaya hoon,1
rasssi chhhat se badnh di hai,1
"mujhje maaf kar dena sab ko, maain ja raha hoon",1
mar hi jaon ga itni gmai mein,0
therapy se behtar feelle hota hai,0
family ke saath diner kyia,0
phele sochta tha ab nahi,0
main mrna chhati hon,1
ab jee ka dil nahi karat,1
mar hi jaon ga ittni garmi mein,0
ahnera hi andhera hai,1
"barih ho rahi hai, chai ke liye best",0
ab jeeene ka dil nahi kata,1
kabi aisa socha nahhhi,0
itnni thkaan ke mar jaun,0
tohdda thaka hooon kaam se,0
garmi bot hai aaj kal,0
"ghhar walon se baat hui, sab khuhs",0
himmat nhi har rahi bas tahhka hoon,0
mani se ab kuh nahhi hota,1
kudkuhis ka soch raha hoon,1
phani lga li hai,1
golliyan kha li han maiine,1
bhoook se mar jaaunga,0
mujjhe appni jaan deeni hai,1
main khhud ko nuqsan pahunchaat hoon,1
"mujhe maaf kar dena sab ko, maain ja raha hoon",1
bhoook se mar junga,0
"naay drama shuru kiya, sory achhi hai",0
zinadgi katam karna chahta hon,1
zindagi se taang aa gaya hoono,1
maiin apni kaalai kaat raha hoon,1
jeene ka dil krata hai,0
rassi chhhat se baadnh di hai,1
tarffic ne jaan nikla di,0
sab beekaar lata hai ab,1
dniya se jaanna chahta hono,1
jeeee ki hmmat nahi rahi,1
zidnagi se tnag aa gaya hoon,1
marrne ka wqat aa gaa hai,1
bas thooda waqt aur phir maiin khatam,1
gas chulla lagga hai ab,1
garmi boohta hai aaj kal,0
aaj hi sab khattam kar lonoga,1
main apni kalai kata raah hoon,1
assignnment khatam kar loon phir dkehte hain,0
rasiis chhhat se bandh di hai,1
kaam boohat tha par ho gaya,0
itni thakan ke mar jaaun,0
muhkil waqt hai par guzra jayega,0
"sachi ghar walon se baat hui, sab khush",0
pahnssi laa li hai,1
"udaas feel kar raha hoon aaj, for real",0
ghaddi dekh raha hooon bas waqt aa gaya,1
zeher karid liya aaj hi,1
aaj hi sab khaattam kar loonga,1
sir daaadr kar raha hai,0
dard min hi suon milta hai,1
main maaran chahti hoon,1
naya phnoe liiya hai,0
aaj hi sab khtam kar loona,1
naaya saal pe nayi ummeedein,0
jeeee ka dil kata hai,0
sir dad kar rhhaa hai,0
"muhe maaaf kar dena sab ko, mani ja raha hoon",1
pata hai cricket dekhne ka plan hai,0
sachi main marna chahti hoon,1
alhamdulillaah ab theek hoon,0
mar jaoon to sab samaj jayenge,1
dost mila boht dino baad,0
honestly  sab ko salam main ja raha hoon,1
jne ki himmat nahi rahi,1
ab mut cunni hai maine,1
sab bekara lgaat hai ab,1
sab bekara latgga hai ab,1
iti thaakn ke mar jaun,0
khudkushi jaisi baaat nhai,0
khudkushhi ka shc raha hoon,1
aaj phri khud ko kata baitha hon,1
neend ki golliyan kha li bohhat sari,1
therapy se behtar fel hota hai,0
 sab ko salama main ja raha hon,1
"naya drmaa suhru kiya, story acchhi hai",0
chhta se kdne waal hoon,1
aaj ka din teeehek tha,0
has has ke mar jaaua,0
"gar waalon se baat huii, sab khush",0
alamdulillah ab tek hoon,0
zehhr pi lia hai,1
mujhhe {t} mrarna hai,1
main manra chhahta hon,1
khudkushi jisi bat nahi,0
drad mein hi sukoon mia hai,1
zeher kharid liia aaj hi,1
bohat paeershan hoon kam ki wajah se,0
alhamdulillah ab theek hoono,0
zreh kharid liya aaj hi,1
mian khdu ko nuqsan pahunchata hon,1
mushkil wqt hai par guzzar jayega,0
kal cuhhttti hai,0
mani khud ko nusqan pahunchaat hoon,1
mat naahi chahiye mujhe,0
mar jaoon to sab samajh jaaynge,1
ghr meein thodi larai ho gayi,0
neend ki gooliyan kha li bhat saari,1
dard mein hi suukoon milta hai,1
garmi ne mraa dala aaj,0
"mujhe maaf kar dena sab ko, mani ja raaha hoon",1
andhea hi andherra hai,1
chhhai pi lo dukh khatm,0
ghadi dekkh raah hon bas waqt aa gaya,1
kabbhi aissa socha nahi,0
sab ko avlia keh raha hon,1
kaam boahat tha par ho gaya,0
workoout ke baad jsim dukh rha hai,0
kash neennd na toottey kabi,1
maut nhai chahiye mjhhe,0
ghadi dkh raha hooon bas waqqt aa gaya,1
andhera hi anhdera hai,1
sab betar hoga mee bnia,1
mani marna nahi cahta,0
kal chtti hai,0
pheel socha tha ab nahi,0
ab mjhe jeeeena nahi hai,1
naaya phone liya hai,0
chhat se kude waala hoon,1
khudukshi karna chaahta hoon,1
aaj moddo acchha hai,0
main kuhd ko nuqsan pauhnchata hoon,1
bore ho raa hono aaj,0
mujhhe mara hai,1
honestly mujhe bas mar jana hai,1
pappa ke jaane ke baad main bhi kahtam,1
mujhe marana hai,1
grami ne maar daal aaj,0
mian sab ka bojh hoon,1
khhudkushi ka soch raha hooon,1
mushkil wat hai par guzar jyaega,0
has has ke mar juna,0
"barish ho rhi hai, chai ke liyye bets",0
kal cttui hai,0
maut nahhhi chahhiye mujhe,0
gaamir bohat hai aaj kal,0
marne ka wqt aa gya hai,1
mauut hi raahat hai mere liye,1
ab zinadgi ahhi lag rahhi hai,0
gas chhula lga hai ab,1
main sab ka boohj hono,1
bas thoda waatq aur phir main khatam,1
znidagi se tagn aa gaay hoon,1
aaj ka din thekke tha,0
bhook lgi hai yaar,0
salary aa gayyi is mahine,0
papa ke jaae ke baad mian bhi khtaam,1
dost mila bohat diion baad,0
ab jeene ka dil nahi krata,1
dost ke saath ghomone gaa tha,0
aaj hi sab khtaam kar logna,1
pelhe socta tha ab nahi,0
sachi sab ko alvida keh raha hoon,1
mian marna nahhi chahhta,0
koi ummeed naih rahi ab,1
zidnagi khatam karna chahta hoon,1
main se ab kcuh nahi hoat,1
blaade se kalai kaat li hai,1
ab main hammesha ke lyie ja raha hoon,1
assignmennt khatma kar loon phir dekhte han,0
kabi aisa socha nahi,0
dost ke saatth ghoomen gaaya tha,0
marern ka waqt aa gya hai,1
sab ko alvidda keh rha hono,1
boe ho rha hooon aaj,0
khdu ko nuqsan nhai pahunchaunga,0
gahr mein thodi larai ho gayyi,0
phsani laag li hai,1
khud ko nuqsn naahi pahunhcaunga,0
zinadig se tang aa gaaya hoon,1
sab beehtar hoga mere bna,1
aaj ka din tehe tha,0
zindagi se tagn aa gaya hon,1
"neend nahi aayi raat bhar, I am done",0
kabhi aissa soccah nahi,0
aaj raat marna cahtta hoon,1
"kash neend na tootey kabhi, seriously",1
mujjhe marrna hai,1
mar hi jaoon ga iti garrmi mein,0
khudkushi knaa chahta hoon,1
"ghar walon se baat hui, sab khsh",0
"mujhe maaf kar dena sab ko, main ja raha hu",1
itni thkaan ke mar jun,0
khudkushi jaisi baaat naih,0
marne ka wqat aa gaa hai,1
honestly exam ki tayari chal rahi hai,0
thoid si khasni hai bas,0
"match dekha raat ko, maza aaa",0
chhat se kunde wala hono,1
sab behtar hogga meere bina,1
rasssi chhhat se banndh di hai,1
main apni kalai kat raha hoooon,1
mjuhe bas mar jna hai,1
maut naaih chahiye mujhe,0
mushkil wat hai par guzar jyaegga,0
main apni kalai kaat raaha hoon,1
sab ko alvida keh raah hono,1
ab maut chni hai maniie,1
bhhoook se mar jaugna,0
sab behtr hoa mee bina,1
"for real, main marna chahta hoon",1
mian se ab kcuh naahi hota,1
goliayn kha li hin maien,1
main marrnna nahi chahta,0
sir darrd kar raaha hai,0
khudkushi ka soooch raah hoon,1
main khud ko nuqsan pahnchaata hoon,1
aaj raat mrana chahta hoooon,1
koi umeeed nahi rhi ab,1
tarfic ne jan nikal di,0
naaaya saal pe nai ummeedein,0
kabhi aissa socha nahi,0
chai pi lo dukh khatm,0
bas thoda waqt aur phiir main khatam,1
khudkushi ka soccch raha hoon,1
aaj rat mara chahta hoon,1
neend ki goliyan kha li bhat saari,1
mjhe {t} marnna hai,1
khudkushi jaisi baat nhai,0
gami bohaat hai aaj kal,0
mjhhe {t} manra hai,1
jeene ki hmimmat nhai rahi,1
papa ke jaane ke bad main bhi khatam,1
main ani kalia kaat rahha hoon,1
"itni thakan ke mar jaun, I am done",0
ab zindgi achhi lag raih hai,0
 sab ko salam min ja raha hon,1
main se ab kuuch nahi hota,1
mjjhue bas mar jana hai,1
khudkshi ka soooch raha hoon,1
gas cuha lga hai ab,1
ab maain hamesha ke liiye ja raha hon,1
crickte dekhne ka pllan hai,0
mujeh marnan hai,1
koi ued nai rahi ab,1
 sab ko slam maain ja rha hoon,1
koi umede naih rahi ab,1
ab mujeh jeenna nahi hai,1
suoon nahi milta khin,1
grami ne mara daala aaj,0
thoi si khansssi hai bas,0
"doost se larai ho gayi, bua lag raa hai",0
blade se kai kaat li hai,1
reuslts ki tnsion hai,0
aaj rat marna chahta hono,1
dunyia se jaana chahhta hoon,1
sukoon naahi mila kain,1
maut hi raht hai meer liyye,1
phasni lgaa li hai,1
dard meen hi sukoon milta hai,1
duniya se jana chhahta hoon,1
movei ahhi laagi kal,0
man apni kalai kaaat raa hoon,1
results ki tnsiion hai,0
mujhe apni jan dni hai,1
ab mujhe jeena naaih hai,1
"maut hi rahat hai mere liye, for real",1
zidnagi se tag aa gaa hoon,1
udaas flee kar raha hoon aaj,0
main mrna caahta hoon,1
sab bkeara laagta hai ab,1
sab ko aliida keh raha hoon,1
"mujjhe maaf kar dean sab ko, mian ja raha hoon",1
gas chuula laa hai ab,1
mar hi jaooon ga itni garmi meni,0
chaht se kudne wala hooon,1
bhook se mar jauaag,0
goiyan kha li hain maine,1
bas thoa wat aur phr main khatam,1
bohok lai hai yar,0
aaj ka din thhhek tha,0
jene ka dil kart hai,0
alhmdulillah ab theek hooon,0
alhamdulillah ab theeek hooon,0
neeend ki golyian kha li bohat saari,1
garmi ne mar dlaa aaj,0
 sab ko salm man ja raa hoon,1
bore ho ke mar jaugna,0
alhaulillah ab thheek hoon,0
thodda thaaka hoon kaam se,0
goliyan kha li haani maine,1
nyaa saal pe nayi ummmeedin,0
movie achhhi laaig kal,0
sab behr hoga mere bia,1
I swear akela feel kar raha hoon aaj,0
purani addaaat chhor di,0
dost mila bohat dinno baad,0
jeene ki hmimat nhi raih,1
neend ki goliyan kha li bohat sarri,1
bllade se kaalia kaat li hai,1
chai pi lo dukh khhatma,0
"ghar waoln se baat hu,i sab khush",0
maaarrrne ka waqt aa gaya hai,1
bhhok laagi hai yaar,0
ab muhje jeena nahi hai,1
mjhhhe marna hai,1
bohat pareshna hoon kaam ki wajjah se,0
sachi aaj mood achha hai,0
ab man hamseha ke liye ja raha hooon,1
aaj mood acchah hai,0
main marna chahtta hon,1
zindaggi khattam kara chahta hoon,1
"macth dekha raat ko, maza aaya",0
kudkushi karna chahta hoon,1
kaam bhat tha par ho gaaay,0
aela feel kar raha hon aaj,0
garmi boohht hai aaj kal,0
kal chtiut hai,0
worrkout ke baaad jims dukh raha hai,0
aaj rat marna chhahta hoon,1
golyina kha li hain miane,1
mjhe {t} manra hai,1
garrmmi ne mar dala aaj,0
neend naih aayi rat bhar,0
man sab ka boh hooon,1
khudkushi karna chaahta hon,1
bhook liag hai yaar,0
garmi bhaat hai aaj kal,0
thoda thaak hoon kaam se,0
khhudkuhsi ka soch raha hoon,1
has has ke mar janunga,0
man se ab kchu nahi hota,1
jeene ka dil kra hai,0
pele socta tha ab nahi,0
pelle socchta tha ab nahi,0
zindagi khatam kna chahta hoon,1
zeer pi lyia hai,1
innti thakan ke mar juan,0
gas chhhula laa hai ab,1
mar joaon to sab samajh jayennge,1
ghar mein todi lrai ho gayi,0
has has ke mar jaunuuga,0
mani khud ko nqusan pahunchata hoon,1
zindagi khataam karna chhahta hoon,1
"dost se laarai ho gayi, bura lag rha hai",0
traffic ne jaaan nkkial di,0
mian khd ko nuqsan pahunhcata hoon,1
sab bekaar lggta hai ab,1
udasa feel kar raha hoon aaj,0
maut nahi chaihye mujhe,0
zidnagi khaatam karna chahta hon,1
grmi ne mar dala aaj,0
movie achhi laagi kal,0
khudukshi karna cahhta hoon,1
plehe sochta tha ab nahi,0
aaj hi sab katham kar loonga,1
rasis chhhat se bandh di hai,1
boer ho ke mar juanga,0
ab mujhe jeena nahin hai,1
boe ho ke mar juannga,0
aaj phir khud ko kaat baiihta hon,1
min marna naaih chahta,0
buukkkhar hai kal se,0
doost ke sath ghoomne gaya tha,0
himmat nih har rhai bas thaka hoon,0
blaed se kaali kaaat li hai,1
"ghar waoln se baat hui, sab khuush",0
jeenen ka dil karta hai,0
andhr hi andhera hai,1
akea feel kar rahha hooon aaj,0
kuhdkushi karna chahta hoon,1
ab zindagi achhi lag rahi hai,0
rasssi chhat se banddh di hai,1
sir dard kar raaahha hai,0
mushkil wqqat hai par guzar jayega,0
main apni kalai kaat raha hon,1
"ghar waloon se baat hi, sab khush",0
honestly thodi si khansi hai bas,0
bhook lai hai yaaar,0
"ab sab khatam karna hai, for real",1
thoda tkha hoon kaam se,0
drd meni hi sukoon milta hai,1
mujjhe bas mar jnnaa hai,1
main sab ka bojjh hon,1
sab bekar lagta hai ab,1
udsa feel kar raha hoon aaj,0
zindagi khatam karnna chahta hoon,1
"baish ho rahi ha,i chai ke liye best",0
"dost se lrai ho gayi, bura lag raa hai",0
"dost se lari ho gayi, bura lag raha hai",0
borre ho ke mar jaunga,0
"barih ho rahi hai, chai ke liiye bset",0
main marna chati hoon,1
mujhhhe bas mar janna hai,1
emxa ne mara dala,0
famiily ke saath dniner kiya,0
zeeher khariid liya aaj hi,1
 sab ko saallam main ja raha hon,1
"dard mein hi sukoon milta hai, for real",1
zindagi khaam karna chahhta hoon,1
"mar hi jaoon ga itni garmi mein, seriously",0
bas thoda waqt aur phiir main kham,1
sab tehhek chal raha hai,0
marne ka waqt aa gaayya hai,1
fammily ke saatth dinnner kiya,0
rasi cht se bandh di hai,1
mar jaooon to sab samajh jayene,1
assignment khatam kar loon pihr dekhte hain,0
khud ko nuqsan nahhi pahunchaunga,0
ghadi dekkh raha hon bas waqt aa gayya,1
muhe {t} marrnna hai,1
muujjhe bas mar jaa hai,1
ab zindaagi achhi lag rhi hai,0
rsults ki tension hai,0
sab behttr hoga mere bina,1
duniya se jna chahta hoon,1
bhoook se mar jauna,0
ghai dekkh raha hoon bas waqt aa gaya,1
kuhdkushi karna cahhta hono,1
main apni kalai kaat raha hooon,1
aaj mood ahcchha hai,0
"mujjhe maaf kar dena sab ko, main ja rha hoon",1
"barish ho rahi ha, cai ke liye best",0
kabi aisa soca nahi,0
mar jon to sab smaajh jayenge,1
dost ke saath ghomone gaya tha,0
kaash neend na tootye kaabhi,1
mar joaon to sab samaajh jayenge,1
nayya sala pe naiy ummeedein,0
sab btehar hga mere bina,1
traffic ne jaaaan nikaal di,0
sir darad kar raa hai,0
mje maarna hai,1
goliyaan kha li haiin maine,1
ini thhakna ke mar jaun,0
gas chulua laa hai ab,1
ab znidagi achhhi lag rahi hai,0
main marna chaahit hoon,1
"naya drama shru kiya, story ahchi hai",0
udaas feel kar rhaha hoon aaj,0
mut nahi chaahiye mujeh,0
khudkushi karna chhata hoon,1
sab bhtar hga mere bian,1
"mujhe maaf kar denna sab ko, main ja raa hoon",1
koi umeed nahi raai ab,1
matu nahhi chahiye mujeh,0
"mtch dekha raaat ko, maza aaya",0
main khud ko nuqsan pahhunchata hoon,1
khudkushi jaisi baat naih,0
"papa ke jaane ke baad main bhi khatam, for real",1
bas thoda waqt aur pihr main khttaam,1
need nahi ayi raat bhar,0
has has ke mar janungga,0
main kdu ko nusqan pahunchata hoon,1
 sab ko sallam main ja raaha hoon,1
assingmnet khatam kar lono phir dekhte hain,0
therapy se bhetar feeel hota hai,0
sir dard kar raaa hai,0
assignment khatam kar loon phir dehtte hain,0
maain maarna chahti hoon,1
nyaa saal pe nai ummeeedein,0
main mara chhta hoon,1
jeee ka dil kaarta hai,0
maut nahi chahiye muhje,0
mani se ab kuch nahi hta,1
aklea feel kar raah hoon aaj,0
gari ne maa dala aaj,0
"pata hai ghar walon se baat hui, sab khush",0
"match dekha rata ko, mazaz aaya",0
tdi si khansi hai bas,0
goliyan kha li hain maaie,1
ab muhje jeeeena nahi hai,1
khudkusih ka soch rhaa hon,1
grami ne maar dal aaj,0
buukhkar hai kal se,0
himat nahhi har rahi bas thaka hooon,0
rasssi chhat se bahd di hai,1
naya saal pe nyi umeeedein,0
ab mhue jeena nahi hai,1
bhoook se mar jauan,0
goliyan kha li hain mieen,1
main mrnaa naih chahta,0
alahmulillah ab theek hon,0
sir daadr kar rha hai,0
thaaka hon par khush hoon,0
alhamduliilah ab theek hon,0
rassi cat se bandh di hai,1
udaas fele kar raha hoon aaj,0
exam ki tarai chal rahi hai,0
gas chuua laaga hai ab,1
phele sccohta tha ab nahi,0
ab sab khatam kaarn hai,1
aaj mod ahhca hai,0
thhaka hoon par khuush hon,0
aekla feel kar rhaa hoon aaj,0
"mtch dekha raat ko, maza aya",0
bhook laaagi hai yaar,0
ab znidagi achhi lag rai hai,0
khkuuhi karna chahta hoon,1
nayya phne liya hai,0
koi umed naih rahi ab,1
chaaai pi lo dukh khatam,0
I swear maut hi rahat hai mere liye,1
"naaay drama shuru kiya, stoyr achhi hai",0
"mujhe maaf kar dena sab ko, maain ja raa hon",1
marrne ka wqt aa gaa hai,1
zeher kahrrid lyia aaj hi,1
rasi caht se bandh di hai,1
sab bekkaar lagt hai ab,1
gloiyan kha li hain mine,1
garim ne maar daaa aaj,0
salarry aa gayyi is mahine,0
jeeene ki himmat nai rahhi,1
aaj ka din teehk tha,0
salray aa gayi is mahine,0
aklea fel kar raha hooon aaj,0
man se ab kuhc nahi hoat,1
ab mau chuni hai miane,1
honestly net slow hai aaj kal,0
main marrna chahit hon,1
zheeer khaarid liya aaj hi,1
ab maut chuni hai maiie,1
salry aa gai is mahinne,0
has has ke mar juaanag,0
thhoi si khansi hai bas,0
ab maaut chhuin hai maine,1
goliyan kha li hain maie,1
naa phonne liya hai,0
main marna nahi chahtta,0
dad mien hi sukoon milta hai,1
inni thakan ke mar janu,0
maini se ab kuch nahi hoota,1
ghadi deekh rha hoon bas waaqt aa gaya,1
"naya drama shuuru kiyya, story achhi hai",0
ab mjhe jeea nahi hai,1
main apni kalai kat raha hoon,1
mujhe bas mar jnaaa hai,1
thoad thaka hoono kaam se,0
traffic ne jaan nikkal di,0
almdulillah ab theek hoon,0
broe ho raha hooon aaj,0
sab ko alvida keh raha hoo,1
"naya drama shuru kiya, stoy achhi hai",0
aaj phir kuhd ko kat baitha hoon,1
traffic ne jaan niikl di,0
mjuhe bas mar jaan hai,1
"barsih ho rahi haii, chai ke liye best",0
maarrne ka waqt aa gya hai,1
golliayn kha li han maine,1
ab sab khtma karnna hai,1
dard mein hi sukkoon mita hai,1
aaj phhir khuud ko kaat baihta hoon,1
himmat naahi har raih bas thaka hoon,0
main maran chahhti hoon,1
therapy se behtar fel hotta hai,0
goliyayn kha li hain maine,1
boe ho ke mar jaunaag,0
ab maut chuin hai miine,1
marrne ka waaqt aa gaa hai,1
ghar mein tohdi laria ho gaayi,0
blade se kalai kaaaaat li hai,1
has has ke mar jauggna,0
muhkil waqt hai par gzar jayega,0
cicket dekkhne ka pln hai,0
kam booat tha par ho gaya,0
brore ho raha hoon aaj,0
sab bkeaar lagtta hai ab,1
assignment khaatm kar loon phir deekhte hain,0
crickeet dekhne ka plan hai,0
nened nahi aayi raat bhhhar,0
maain khud ko nuqan pahuncahta hoon,1
mar hi jaoon ga itni gariim min,0
khudkushi karna chahtta hoon,1
mar hi jaaoon ga ittni garmi mein,0
garmi ne maar daala aaj,0
assignment khtam kar loon phir dekthe hain,0
"ghar waoon se baat hi, sab khush",0
gri ne maar dala aaj,0
nend ki goliyan kha li bhaot saari,1
akela feel kar rhaha hooon aaj,0
hmmat nahi har rhai bas thaak hoon,0
boko lagi hai yar,0
workuot ke baad jism dukkh raha hai,0
jeennne ka dil karta hai,0
khdkushi ka soch rhaa hoon,1
sukkoon nahhi mitla kahin,1
pehle schta tha ab nahi,0
ghadi dekh raha hoon bas wqt aa gya,1
rassi chht se bandddh di hai,1
famiyl ke saath dnnre kiya,0
khud ko nusqan nahi pahunchaunga,0
chai pi lo dukkh khaatm,0
marrne ka waaqt aa gyaa hai,1
mjuuhe mana hai,1
purani aadaat chohr di,0
mjhe apni jan dein hai,1
rasi chhhat se banddh di hai,1
zinndagi se tag aa gaya hoon,1
sir draad kar raha hai,0
khudkushi karnna chaha hono,1
"mujhe maaf kar dena sab ko, maain ja raha hoono",1
ab zindaig achih lag rhi hai,0
ghadi dkh raaha hoon bas waqt aa gaya,1
kash neend na totey kabhi,1
garmi ne maa dla aaj,0
grami ne maar dala aaj,0
"mujhe maaf kar dena sab ko, main ja rha hooon",1
results ki tensoin hai,0
honestly ab maut chuni hai maine,1
bohat pareshan hono kaaam ki wajjah se,0
duniya se jnaaa chhta hoon,1
golian kha li hain maaine,1
pansi laa li hai,1
nyaa phnoe liyya hai,0
papa ke jaaane ke bada man bhi khatam,1
neend ki gloiyan kha li bohat sari,1
"mujhe {t} marna hai, not joking",1
ghadi deekh raha hoon bas waqt aa gaya,1
gas chula lggaa hai ab,1
thdoda thaka hooon kaam se,0
aaj mood ahhhha hai,0
ghar men thhodi laari ho gayi,0
jeene ka dil kartra hai,0
aaj hi sab khhatam kar looonnga,1
gas chula laag hai ab,1
assignmment khtam kar loon phr dekhte hain,0
aaj raaaat marna chahta hoon,1
mian sab ka bohj hooon,1
blade se klaaai kaat li hai,1
cricekt dekhhne ka pan hai,0
"family ke saath dinner kiya, for real",0
duniya se jaaana chahhta hoon,1
gas cula laga hai ab,1
mani marna chahti hon,1
reuslts ki tension hai,0
slary aa gaayi is maahine,0
"itni thakan ke mar jaun, for real",0
dard min hi suoon miilta hai,1
 sab ko saalam man ja raa hoon,1
dard mein hi sukoon miat hai,1
zindaagi se tang aa gya hoon,1
dadr min hi sukono milta hai,1
sir dard kar rahaa hai,0
muhhe {t} marnna hai,1
itnni thkan ke mar jaun,0
ghadi dekh rhaa hono bas waqt aa gaay,1
muuhe bas mar jana hai,1
nyaa phone lya hai,0
jeene ki himmat naih rai,1
exm ki tayari chal raih hai,0
main khud ko nuqsn pahunchata hooon,1
blade se klaai kat li hai,1
sab behtar hooga mere biina,1
"naya drama shurru kiya, sory achhi hai",0
sab theek chaal rha hai,0
bas tohda waqt aur phir main katam,1
yaar duniya se jaana chahta hoon,1
man mrna chahta hoon,1
aaj mood ahchha hai,0
criccket dekhe ka plan hai,0
ab maut chunni hai maine,1
zheer kharid lya aaj hi,1
workout ke baad jism dukh rahha hai,0
blade se klai kaaat li hai,1
man se ab kuch nahi hta,1
blaade se klaai kaat li hai,1
maiin se ab kcuh nahi hota,1
traffic ne jaan nkial di,0
bhook laggai hai yaar,0
"ab zindagi achhi lag rahi hai, for real",0
sab beehttar hoga mere bina,1
aaj hi sab khtma kar looga,1
bas thhoda waqt aur phri main khatam,1
jeen ka dil karat hai,0
uaaas feel kar raha hoon aaj,0
daard mein hi sukoon milta hai,1
dsot miila bohat dino baad,0
ghar mein thodi laraai ho gayyi,0
bukha hai kal se,0
chhat se kudne waala hoon,1
ittni thaan ke mar janu,0
sukoon nahi mlta kahin,1
andhae hi andhera hai,1
sab behar hoga meere bina,1
assignment khtaam kar lon phiir dekhte hain,0
khudkusih ka soch rha hooon,1
mjue {t} marna hai,1
grmmi ne mar dala aaj,0
ab zinagi achi lag rai hai,0
chat se kuudne wala hoon,1
aaj phri khud ko kaat baitha hoon,1
pehle scohtta tha ab nahi,0
jeeen ki himmat nai rahi,1
salary aa gyi is mhaien,0
bohat pareshan hoon kaaam ki wajjaah se,0
dard mien hi sukoon mitta hai,1
chhat se kudne wala hoon,1
aaj hi sab khatam kar loa,1
khudkshi jaisi baat nahhi,0
gami ne maar dalla aaj,0
salaary aa gaayi is mahine,0
jeeen ka dil krta hai,0
zher kharrid liya aaj hi,1
gas chula lgaga hai ab,1
khudkushi karna chahat hooon,1
ab sab kaatm kaarna hai,1
mian apnin kalai kaat raha hoon,1
pata hai thoda thaka hoon kaam se,0
dniya se jaaanna chahta hoon,1
zindagi khattam karrna chahta hono,1
koi umeed nahhi raih ab,1
therapy se behtar feel htoa hai,0
papa ke jaane ke baad main bhi khatm,1
"bukhar hai kal se, seriously",0
sab beaaar lata hai ab,1
miian sab ka bojh hoon,1
uadas fel kar rhaa hoon aaj,0
pata hai zindagi khatam karna chahta hoon,1
phhani lga li hai,1
yaar garmi bohat hai aaj kal,0
"gar waloon se baat hui, sab khush",0
"ghar wallon se baat hi, sab khhush",0
mviie achhhi lagi kal,0
bukkar hai kal se,0
khud ko nuqsan nhe pahunchaunga,0
chhta se kudne waal hooon,1
traffic ne jana nikal di,0
mujhhe {t} mna hai,1
I swear has has ke mar jaunga,0
koi umeed nhhai rahi ab,1
book se mar jaaunga,0
buukr hai kal se,0
goliyan kha li hian mane,1
purani aatd chhor di,0
has has ke mar jaunngga,0
sab behtar hogga mree biina,1
main maarna chhati hoon,1
neend nahi aai raaat bhar,0
mar hi jaoon ga ittni gari meiin,0
dard min hi sukoon milat hai,1
khudushi ka soch rhaaa hoon,1
main mrna nahi chahta,0
mushkil waqt he par guzar jayega,0
maiin appni kaali kaat raha hoon,1
mar jaoon to sab saamah jayenge,1
garmmi ne maaar dlaa aaj,0
sab ko aldia keh raha hoon,1
main api kalai kata raha hoon,1
maani marna chahta hon,1
khudkushi kna cahhta hoon,1
himmmat nahi har rahi bas thaak hono,0
"for real, salary aa gayi is mahine",0
akela flee kar raha hoon aaj,0
buhkaar hai kal se,0
kabhi asia soha nahi,0
ab muhe jeeenna nahi hai,1
mautu nahi chahiye mujeh,0
khudkushi karna chahta hon,1
asignment khatam kar lon phr dekhte hain,0
bre ho ke mar jaunuga,0
andhera hi anheera hai,1
"mar jaoon to sab samajh jayenge, for real",1
mar hi jan ga itin garmi mein,0
sab bkaar lagta hai ab,1
kash neend na tooty kahbi,1
ab jnee ka dil nai karta,1
khudkushi kara cata hoon,1
main maanra chahti hoon,1
andhaer hi andhhera hai,1
dard mein hi sukon milta hai,1
zehr kaharid liya aaj hi,1
pata hai net slow hai aaj kal,0
aaj hi sab khatm kar loonga,1
 sab ko salma min ja raa hoon,1
mat nai chahyie mujhe,0
ab mujjjhe jena nahi hai,1
therapy se behtar feel hoa hai,0
has has ke mar jannuga,0
dst mila bohat diino bad,0
uddas feel kar rahha hoon aaj,0
sab behtar hoag mee bina,1
mar jaoon to sab saamhj jayenge,1
chhai pi lo dkkuh khatam,0
gliyan kha li haani maine,1
anhdera hi andhera hai,1
workout ke bad jissm dukkh raha hai,0
rseuts ki tenssion hai,0
papa ke jaane ke baad main bhi khatam,1
resuults ki tnsion hai,0
main se ab kcuh nahi hota,1
main se ab kcuh nhi hota,1
brooe ho rhaa hoon aaj,0
"brish ho rahi hai, chai ke liyey best",0
exxaam ne maar dla,0
akeeal feel kar raa hoon aaj,0
main khud ko nuqasn puahnchata hoon,1
"main marna chahti hoon, I am done",1
tohda thakka hoon kama se,0
honestly sir dard kar raha hai,0
aaj moood acchha hai,0
puani aadat chor di,0
pnhasi laga li hai,1
aaj hi sab khaam kar longga,1
jenee ka dil kara hai,0
garmi boohhaat hai aaj kal,0
main marna nahi chta,0
kal cuhtuti hai,0
"aaj mood achha hai, not joking",0
bas thoda waqt aur pihr maiin khatam,1
aaj moood accchha hai,0
main appni kalai kaaat raha hoon,1
aaj moo ahha hai,0
ghar mein thoi lari ho gayi,0
main sab ka booojjh hoon,1
main marna chahat hno,1
naya phone laiy hai,0
sab ko alidva keh raha hoon,1
main apppni kalai kaat raha hoon,1
jeene ki hmmat nhai rahi,1
main maaran chahta hon,1
nyaya saal pe nayi ummeedein,0
zinddagi khatam karna chaha hoon,1
ab znidagi ahhi lag rhai hai,0
andhear hi andhera hai,1
bllade se kalai kat li hai,1
zheer kharrid lia aaj hi,1
mujjhe maarna hai,1
bohat pareshan hoon kaam ki wajjh se,0
aaj raat mrana cahhta hooon,1
mujhhhe manra hai,1
main maarn chahta hoon,1
sab bekaar lagggta hai ab,1
therapy se bhtar feel hota hai,0
chi pi lo dkh khaatm,0
sukoon nai mitla kaahin,1
khudksuhi jasi baat nahi,0
thodi si khassni hai bas,0
jeene ki hmimmat nahi rai,1
exam ki taarri chal rhai hai,0
kash need na tootey kahi,1
aaj hi sab khatam kar loooogna,1
gas chlllua laga hai ab,1
ghar meni thodi laari ho gayi,0
manni marna chahti hon,1
sab behtar hoag mree biina,1
sab ko avida keh raha hono,1
ab mujjhe jenea naih hai,1
phhnasi laga li hai,1
"dost se larai ho gay,i bura lag raha hai",0
dot ke saath ghomone gyaa tha,0
zeeher pi lyia hai,1
wokrout ke baad jism dukh raha hai,0
aaj modo aca hai,0
gas chula laaaga hai ab,1
khudkushi krna chahta hooon,1
rassi chat se baandh di hai,1
dost ke saath ghoomne gaaa tha,0
mauut nhai chhahiye mujhe,0
sir daddr kar raa hai,0
aaj pihr khdu ko kaaat baitha hoon,1
man apni kalai kaaat rahha hoon,1
sab behttaar hoga mere biina,1
assignemnt khatam kar loon phir dekhte hain,0
blde se kallai kaat li hai,1
 sab ko salam min ja rha hoon,1
pata hai pehle sochta tha ab nahi,0
dost mila boohat dino baad,0
goliyan kha li haain maine,1
aaj hi sab kahtam kar lona,1
mushkkil waqqt hai par guzar jaayega,0
bore ho ke mar jaguna,0
ksah neend na totey kahbi,1
mjuhe apni jaan dnei hai,1
itni thakan ke mar jauun,0
sukoon nahi milta kaahni,1
"khud ko nuqsan nahi pahunchaunga, not joking",0
mian marna nhai chahta,0
naya phhoe lia hai,0
"ghar walno se baat hui, sab khush",0
min marna nahhi chahta,0
ab jeee ka dil naahi karta,1
andhera hi andhera hai,1
yaar results ki tension hai,0
tehrapy se bhtar feeel hota hai,0
main khud ko nusqan pahunchata hon,1
marrne ka wqt aa gayyya hai,1
alhamdulillah ab theek hoon,0
zher kharid liay aaj hi,1
thaka hoon par khuh hooon,0
sukono nahi milta kain,1
ab jeeen ka dil nahi karta,1
jeeene ka dil krata hai,0
bukakhr hai kal se,0
family ke satah dinner kiya,0
gahdi dekkh raha hon bas waqt aa gaya,1
kal cuhti hai,0
itni thhaan ke mar jun,0
ghadi dkh raha hoon bas waqt aa gaya,1
dost ke saath ghomne gaya tha,0
bas thoda waqt aur phir main khtaam,1
mujhe {t} manna hai,1
sachi khudkushi jaisi baat nahi,0
naya saal pe nai ummeeedein,0
bore ho ke mar jnaag,0
"dst se laraai ho gayi, bura lag rahha hai",0
neend ki goliyan kha li bohat sai,1
koi uemed nahi rahi ab,1
"for real, main apni kalai kaat raha hoon",1
main se ab kuch nhi hoota,1
naya sal pe niy ummeedein,0
mani marna nahi chahta,0
akeal feel kar rha hooon aaj,0
zindagi se taagn aa gaa hoon,1
sab behtar hgoa meer bina,1
mat hi rahhat hai mere lie,1
khhud ko nuqsan naih phunchaunga,0
kaam bhota tha par ho gayya,0
net sollw hai aaj kal,0
neend nai aaayi raat bar,0
neend nahi aay raaat bhar,0
main maran chahhta hon,1
ressuts ki tension hai,0
khud ko nuqsan nahi pahunchaunag,0
assignment khatam kar loon phhr dekhte hain,0
assignment khatam kar lono phir dekhe hain,0
phele sohta tha ab nahi,0
mujhhe bas mar jaan hai,1
zheer khaird liay aaj hi,1
family ke saath dniner kya,0
aaj hi sab khatm kar looonag,1
doost ke saaath ghoomne gaa tha,0
I swear chhat se kudne wala hoon,1
movie achi lagi kal,0
mujhe apnnni jaan deni hai,1
kal ctutti hai,0
neennd nahi aayi raat bhar,0
mat nahi chahiye muuhje,0
neennd ki goliyan kha li bhat saaari,1
"naya drama shurru kiya, storry achhi hai",0
thoda thhaka hoon kaam se,0
 sab ko slaam man ja raha hono,1
khudkushi karan chhahta hoon,1
kal chutiit hai,0
main marna chahti hooon,1
sab bekaar laaga hai ab,1
khudkushi karna chahta hu,1
"for real, dost ke saath ghoomne gaya tha",0
mar hi jaoon ga itnni garmi men,0
garim bohhat hai aaj kal,0
marrne ka wat aa gaya hai,1
khudkushi karna chahat hoon,1
"match dekha raaaat ko, maa aaya",0
kaaam bohat tha par ho gaya,0
khudkushi karna chahta hoooon,1
kabhi aisa sochha nahi,0
alhamddulillah ab theek hono,0
ini tahkan ke mar jan,0
ab mauut chhuni hai mane,1
 sab ko salaam main ja rhaa hoon,1
ab zindagi ahci lag rhi hai,0
phni laa li hai,1
jeene ki himmtta nhi rahi,1
zindagi khatam karna chahhta hoon,1
ab sab khatam karna he,1
aaj phr khud ko kaat baitha hooon,1
aekla feel kar raha hon aaj,0
"naya drama shuru ki,a story ahchi hai",0
mar jaoon to sab samajh jayengge,1
"muujhe maaaf kar dea sab ko, main ja raha hoon",1
muhe bas mar jannna hai,1
sab behtar hga mrere bina,1
chat se kunde waa hoon,1
boat paareshn hoon kaam ki wajah se,0
zheer pi lya hai,1
main apni kalai kaat raa hoono,1
neend ki goliyan kha li bohat saaari,1
pehle sochat tha ab nahi,0
ghar mein thodi lari ho gayyyi,0
mian marna nai chhta,0
"barish ho rahi ha,i chai ke liye best",0
naya sala pe naiy ummeedein,0
ab sab khaatm kaana hai,1
main apni klai kaat raha hoon,1
dost miila bohat dion baad,0
mujhe api jaan dni hai,1
naya saal pe nayi ummmeedeiin,0
min se ab kcuh nhai hota,1
aaj phir kud ko kaat baitah hon,1
maain khud ko nuqqsan pahunchata hooon,1
kabhi aissa socha naih,0
mar hi joon ga inti garmi min,0
blde se kali kaaat li hai,1
maiin khud ko nuqsan pahunchata hoon,1
ab sab khtam karan hai,1
"dost se larai ho gayi, bua lag raa hai",0
itni thaank ke mar jan,0
dard mein hi sukon mialt hai,1
sab bekar lagtta hai ab,1
khdu ko nuqsn nahi paahunchaunga,0
sir daaarrd kar raha hai,0
moei achhi lagi kal,0
papa ke jaane ke baad main bhi khaam,1
"dots se lraai ho gayi, bura lag raha hai",0
has has ke mar janugga,0
ab main hamesha ke lye ja rhaa hon,1
mar jaooon to sab samah jayennge,1
therayp se behtar fel hota hai,0
sir daddr kar rahha hai,0
sir dad kar raha hai,0
mushkil waqt hai par guzr jaayega,0
mar jaaoon to sab samajh jayeegne,1
main marana chahta hoon,1
"bhook se mar jaunga, for real",0
doost ke saath ghoomne gaay tha,0
khhudkshi ka soch raha hoon,1
I swear goliyan kha li hain maine,1
neeend nahi aaayi raat bhar,0
zeher kraid liay aaj hi,1
pelle sochta tha ab nahhi,0
 sab ko salam man ja rhaa hoon,1
aaj rat marna chata hoon,1
mar jaoon to sab saammajh jayenge,1
phhnsi laga li hai,1
bhoook se mar jnga,0
mar jaoon to sab samajh jayengeg,1
"thoda thaka hoon kaam se, not joking",0
bhook se mar jangga,0
kbahi aisa soccha nhi,0
mskil waqt hai par gzuar jayega,0
muhe marnna hai,1
maauut nai chahiye mujhe,0
bohat pareshna hoon kaam ki wajha se,0
jeenne ka dil karrta hai,0
sab behtar hgoa meere bina,1
zindagi khtam karna chahta hon,1
iti thakaan ke mar janu,0
dost mila boat dino baad,0
phannssi laa li hai,1
ab zinndagi achhi lag rahi hai,0
honestly phansi laga li hai,1
himat nahi har rahi bas thaka hoon,0
marne ka wat aa gaa hai,1
honestly neend ki goliyan kha li bohat saari,1
mar jaaoon to sab samajh jaayene,1
assignment khatam kar loon pihr dekhet hain,0
koi umeed naih rhi ab,1
aaj phir kud ko kaat baitha hoooon,1
zeer kharid lia aaj hi,1
ghra mien thodi larai ho gai,0
koi ueeed nahi rhi ab,1
grami bohta hai aaj kal,0
dsot ke saath ghoomne gaa tha,0
sukooon nahi mitla kain,1
naaya pnoe liya hai,0
moie ahchi lagi kal,0
mujhe bas mar jana hai,1
chai pi lo dukh khhatam,0
udaas feeel kar raha hooon aaj,0
gahi dekh raha hon bas waqt aa gaya,1
naa pone liay hai,0
"barish ho rahi hai, chai ke liye best, for real",0
iti thakaan ke mar jauun,0
chhta se kudnne waa hoon,1
ab mujhe jenna nhai hai,1
neeeed ki goliyan kha li bohat saari,1
gadi dekh raha hoon bas waqt aa gaaya,1
mushkil waqqt hai par guuzar jayega,0
kahi aisa sochha nhai,0
thoda thaa hon kaam se,0
bhhook se mar jaunag,0
blae se kalia kat li hai,1
khud ko nuqasn nai pauhnchaunga,0
muat nahi chahiey mujhe,0
naya sal pe nayi ummedien,0
kaam boohhat tha par ho gaya,0
mujhe anip jan deni hai,1
mujhe marna h,1
therapy se behtar feel hota h,0
book lgi hai yaar,0
ab mujjhe jeena nah hai,1
has has ke mar jaunugga,0
"match deha raaat ko, maza aaa",0
min marna chahti hoono,1
naya pohnne liya hai,0
kam bhoaat tha par ho gaya,0
bre ho ke mar juagna,0
papa ke jaane ke bad maain bhi khtaam,1
famiyl ke saath dniner kyia,0
neend ki goliyan kha li bohat saar,1
intni thakaan ke mar jaun,0
neend nahi aayyi raat bhar,0
udaas feele kar rha hoon aaj,0
dot ke saath ghoomne gaay tha,0
bhoat pareshan hoon kaam ki wajah se,0
ab sab khatam knra hai,1
"honestly match dekha raat ko, maza aaya",0
sab theek chaal raha hai,0
sachi movie achhi lagi kal,0
sachi purani aadat chhor di,0
ab main hamesha ke lie ja raha hon,1
main marna chahta hoon,1
main marna nai chahta,0
assignment khatam kar loon phir dekkhte hain,0
dost mila bhaat dino baad,0
bas thoda waqt aur phri main khatam,1
gami ne mar dla aaj,0
pata hai assignment khatam kar loon phir dekhte hain,0
"match dekha rat ko, mazza aaya",0
mujhe appni jana deni hai,1
sukoono nahi milta kain,1
main manra chahta hon,1
ab zindaggi achi lag rhi hai,0
koi umeed nhhai raih ab,1
duniya se janaa chaahta hoon,1
"for real, mushkil waqt hai par guzar jayega",0
therapy se behar feel hota hai,0
marrne ka waqqt aa gaa hai,1
himamt nahi har rih bas thaka hoon,0
pata hai alhamdulillah ab theek hoon,0
naa phnoe liya hai,0
pata hai naya phone liya hai,0
muhe mnara hai,1
gas chulua lgaa hai ab,1
papa ke jaaane ke baad main bhi khhatam,1
jeeeen ka dil krata hai,0
phannnsi laga li hai,1
"cricket dekhne ka plan hai, for real",0
bas thoda wqt aur phir min khatam,1
jene ka dil kattra hai,0
"muhje maaf kar dena sab ko, main ja raha hono",1
mujeh bas mar jaan hai,1
main marnna chaahhti hoon,1
pehle soctha tha ab nahhi,0
mat naaahi chahiye mujhe,0
mujhhe bas mar jaaana hai,1
naya saaal pe nayi umeedein,0
sab behtra hoga mee binna,1
"ghhar walon se baat hiuu, sab khush",0
sir daadr kar raa hai,0
bhoko lgi hai yaaar,0
golyian kha li hian maiine,1
duniiya se jaana chhahta hooon,1
sir darrd kar raah hai,0
"bore ho raha hoon aaj, I am done",0
ab muhe jeena nahhi hai,1
broe ho raha hoooon aaj,0
cricket deekne ka plan hai,0
exxam ne maar daal,0
gas chlua laaga hai ab,1
"jeene ki himmat nahi rahi, seriously",1
mar jaoon to sab samajh jynege,1
udas feel kar rhaa hoon aaj,0
khudkushi karna cahhta hoon,1
grami ne maaar dalla aaj,0
ghdi dekkh raaha hoon bas waqt aa gaya,1
needn nahi aayi raat bhar,0
 sab ko salam main ja raha hooon,1
naya saaal pe naiy ummeedein,0
khudkshi ka soch rha hono,1
mat nahi chahiye mujhe,0
thodi si khasni hai bas,0
sab behtar hoag mere bian,1
sab ko alvia keh raa hoon,1
"bhook se mar jaunga, I am done",0
zdagi khhatam karna chahta hoon,1
exam ki tayyari cal rahi hai,0
bhook se mar jaungga,0
main mara chahhta hoon,1
naa phoe liya hai,0
ghadi deh rha hoon bas watq aa gaya,1
eaxm ne maar daal,0
pata hai rassi chhat se bandh di hai,1
family ke sath dinner kia,0
muujhe bas mar janna hai,1
pahnnsi laa li hai,1
thhhaka hoon par khussh hoon,0
aaj phir khhud ko kaat baitha hoon,1
muhjhe maran hai,1
gami bhat hai aaj kal,0
sab theek chal raah hai,0
maain apni kalai kaat rahha hono,1
bre ho raha hoono aaj,0
duniya se janaa chahtta hooon,1
sukkon nhi milta kahin,1
sab behtar hoga mee bina,1
sab bekaar laagttta hai ab,1
koi ummeed nahi rhi ab,1
"naaya drama shuru kiya, story achhi hai",0
neend nahhi aayi raat bhar,0
criccket dekhnne ka pllan hai,0
phsi lga li hai,1
aaj hi sab khatam kar looga,1
ab sab khaatm kra hai,1
gas chau laga hai ab,1
thaka hoon par khush hoono,0
mvoie achhi lgai kal,0
aaj raat marnna chhahta hoon,1
workout ke baad jim dukh raaha hai,0
"match dkha raat ko, maa aaaya",0
"match dekha raat ko, maa aaa",0
zeher kahriid lya aaj hi,1
"mujhe maf kar dan sab ko, main ja raha hoon",1
golyan kha li hian maine,1
khud ko nuqsan nahi pahunhaunga,0
duinya se jaaan chahta hon,1
aaj phr kuhd ko kaat baitha hooon,1
khudkusih ka soch rha hoon,1
aaj rata maarna chahta hoon,1
jeene ki himmat nahi rhi,1
garmmi ne maar dala aaj,0
sab teke chla raha hai,0
daard mein hi suon milta hai,1
main se ab khuc nahi hota,1
pasi lagga li hai,1
ab zindaagi achih lag rai hai,0
jeeen ka dil karrta hai,0
marne ka wqat aa gaya hai,1
mar jaoon to sab samah jayenge,1
mushkil waqt hai par gzar jayegga,0
exm ne maaar daa,0
ab sab khatam kaarrn hai,1
papap ke jaane ke bad main bhi khatam,1
nya pone liya hai,0
ab mat chuuni hai maine,1
ghadi deekh rhaa hoon bas waqt aa gayya,1
aaj hi sab khaaatam kar loonga,1
main appppni kalai kaat raha hoon,1
garmri boht hai aaj kal,0
bohta pareshan hoon kaaam ki waajah se,0
boe ho ke mar junag,0
assignment khatam kar looon phir dekte hain,0
kash neend na toootey kabhi,1
chai pi lo duh khtam,0
thaka hoon par khush hono,0
kam bohhat tha par ho gaya,0
"mach dkha raat ko, maza aya",0
mauut nahi chahyie mujeh,0
jeeene ka dil katra hai,0
ghr mein tohdi larai ho gayi,0
sab behtar hooga merre bina,1
khudkushi ka soch rahaa hono,1
rassi chhta se bandh di hai,1
ab zidnaggi acchhi lag rahi hai,0
maiin khud ko nuqsan pahunchata hoono,1
ab main hmesha ke liye ja raha hoon,1
has has ke mar jauuggna,0
naya saal pe niay ummeedein,0
"mtach dekha raat ko, maaza aaay",0
aaj mod achhhha hai,0
gai ne maar dala aaj,0
workout ke baad jism dkuhu raha hai,0
main manra nahi chahta,0
mar hi joon ga ittni garmi meni,0
mue apni jaan dnei hai,1
bhook lgia hai yaaar,0
mjuhe maraan hai,1
"muhje maaf kar dena sab ko, main ja raha hoon",1
ab jeene ka dil nahhi karat,1
aaj raat marna chahta hono,1
"main se ab kuch nahi hota, for real",1
phaaansi laga li hai,1
rseults ki tesion hai,0
golian kha li hani maien,1
dost ke satah ghooone gaya tha,0
duna se jaana chahta hoon,1
koi ueed nahi rai ab,1
puuarni aadta chhor di,0
ab ziindagi achhi lag rhai hai,0
bre ho ke mar jaugna,0
aaj phir khdu ko kaat baitha hooon,1
naya pnoe liyya hai,0
maiin se ab kucch nahi hoota,1
boe ho ke mar jaungga,0
thoda thaa hoon kaam se,0
bre ho raahha hoon aaj,0
fammliy ke satah dinner kiya,0
"mattch dekha rat ko, maza aaa",0
bhhok se mar juanga,0
duinyya se jaana chata hoon,1
exam ki tayari cahl raahi hai,0
pahnsi lga li hai,1
khudkushhi jaisi baat nahi,0
papa ke jaane ke bad maiin bhi khatam,1
tohda thaak hoon kaam se,0
pata hai aaj mood achha hai,0
mjueh {t} mana hai,1
mar hi jaon ga itni garmi meein,0
trfaic ne jaan nikkal di,0
itni thkan ke mar jauun,0
bas thdoa waqt aur phhir main khatm,1
papa ke jaane ke baad man bhi khaatm,1
rssi chhat se bandh di hai,1
exm ne maar daala,0
gas cuha laa hai ab,1
anndhea hi andhrea hai,1
khudkushi jaisi bata naahi,0
andhera hi andhhear hai,1
sab bekarra lagta hai ab,1
khudkushi ka sch raha hoon,1
net sloow hai aaj kal,0
resuuults ki tension hai,0
thoid si khanis hai bas,0
"assignment khatam kar loon phir dekhte hain, for real",0
kaabhhi aisa socha nahhi,0
neend ki golyian kha li boht saari,1
mani anpi kalai kaat raa hoon,1
bkhr hai kal se,0
min khud ko nuqaan pahunchata hoon,1
main khdu ko nuqsan pahunchata hono,1
mani khud ko nuqsan pahunchatta hooon,1
mushkil waqt hai par guzar jaygga,0
maut nhi cahhiye mjuhe,0
bore ho ke mar juuuanga,0
neend ki goliiyan kha li bohta saaari,1
maut nhi chahiye muhe,0
chhat se kude waal hon,1
family ke saath dinner kaiy,0
ghddai deekh raha hoon bas waqt aa gaya,1
zindagi se taanng aa gaya hoon,1
mani sab ka bojjh hon,1
"kaam bohat tha par ho gaya, not joking",0
gas chulla lgaa hai ab,1
jeeene ki himmat naahi rahi,1
thodi si khnsi hai bas,0
"doost se laaraai ho gayi, bura lag raha hai",0
neend ki goliyn kha li bohhat saarri,1
toohdi si khhansi hai bas,0
cricket dekhen ka pllan hai,0
 sab ko salam main ja raaha hoono,1
sukooon naahi miilta kahin,1
sab behhtar hga mere bian,1
booer ho ke mar jaunga,0
kal cuhhtti hai,0
main appni kllaai kaat raha hoon,1
main se ab kuch naahi hota,1
muaut hi rahat hai mere liye,1
khudkushi ka soch raa hooon,1
khudkushi kanra chahhta hoon,1
dost mila bohat dino bada,0
phaansi laag li hai,1
jeennne ka dil kaarta hai,0
buakr hai kal se,0
zindagi khatm karna chahta hon,1
assignment khatam kar loon pir dehte hain,0
koi uemd nai rahi ab,1
rassi chhhta se bandh di hai,1
marrne ka waqat aa gyaa hai,1
I swear sir dard kar raha hai,0
zindagi khatm karna chhta hon,1
sukoon naih miltta kahn,1
family ke sah dinner kiya,0
man khud ko nuqsan pahunchata hon,1
workot ke baad jism duhk raha hai,0
buukhaar hai kal se,0
khudkushi karna cahha hoon,1
"match dkha rat ko, maaz aaya",0
khud ko nuqsan nih pahunchaunnga,0
mujhhe manrna hai,1
sab ko alvvida keh raa hoon,1
exma ne maaar daala,0
kaam bohaat tha par ho gaya,0
sab ko alvvvida keh raha hoon,1
gas chal laga hai ab,1
jeenne ka dil krta hai,0
muujhe manra hai,1
zinagi khatam karna chahta hoon,1
sab theek chla rha hai,0
zehrre pi liiya hai,1
sab ko avlida keh rhaa hoon,1
"mujhe maaf kar dena sab ko, main ja rhaaa hoon",1
koi umeed nhai raaih ab,1
chat se kudne wala hoon,1
pata hai main marna nahi chahta,0
khudkkushi ka soch raha hoon,1
bas thoad waqt aur phir main khatma,1
"muhe maaf kar dena sab ko, man ja rha hoon",1
marre ka watq aa gaaya hai,1
bhoko laagi hai yar,0
bhook se mar jaunag,0
purani aaaadat chhor di,0
famliy ke sth dinner kiya,0
khudkushi jaisi baat nahi,0
dots mila bohat dino baad,0
ab jeene ka dil naahi krata,1
trfaffiic ne jaan nikal di,0
"dots se laari ho gayi, bura lag raha hai",0
ab jneee ka dil nahi karrta,1
todi si kahsi hai bas,0
movvvei achhi lagi kal,0
zindaggi se tang aa gaya hoon,1
garmmi ne maaar dalla aaj,0
"barish ho rahi hi,a chai ke lye best",0
bas thoda waqt aur phri mani khatam,1
sab theeek cahl raha hai,0
rasis chhat se bnadh di hai,1
bohat pareshan hono kam ki wajah se,0
main anpi kalai kaat raha hon,1
has has ke mar jaguna,0
main khud ko nuqsan pahunchata hono,1
mhje bas mar jana hai,1
kal ctthi hai,0
exam ne maaar dalla,0
dard mein hi sukoon mltta hai,1
exam ki tayari chal rhhi hai,0
dsot ke saatth ghoomne gaya tha,0
sab ko aivda keh rhaa hoon,1
kaam booohat tha par ho gaya,0
muuej marna hai,1
"doost se laria ho gayi, bra lag raha hai",0
aaj hi sab khatam kar loonnag,1
dost mila bohat dio baaad,0
"ghar walon se baat huui, sab khush",0
exam ne maar daa,0
kbahi aisa scha nhi,0
wrkut ke baad jism dkuh raha hai,0
udaas feel kar rahah hoon aaj,0
udaas feeel kar raaha hon aaj,0
min sab ka boh hoon,1
khukusih jaisi bat nahi,0
thdoa thhaka hoon kaam se,0
andherra hi addhera hai,1
ab jene ka dil nai krata,1
aaj hi sab khtam kar loonnga,1
dad mein hi sukoon milat hai,1
"ghar walon se bat hu,i sab khsh",0
resluts ki tension hai,0
maut nahi chhahiyye mujhe,0
aaj hi sab khatma kar lonag,1
paap ke jaane ke baad maiin bhi khtaam,1
dard mein hi skuoon mitla hai,1
duniya se janaa chhta hoon,1
mje mara hai,1
maiin api kalai kaat raha hoon,1
khud ko nuqan naahi pahunchauga,0
aaj raaat marna chatha hoon,1
mauut naahi chhahiye mujhe,0
pehle sochta tha ab nhe,0
mujjhhe marnna hai,1
gas chhulla laa hai ab,1
traffc ne jaaan nikkal di,0
mian maarna nahi chahta,0
movei achhi lgagi kal,0
nya pheo liya hai,0
exam ki tayri chaal rhai hai,0
aaj moodo acha hai,0
muuuje bas mar jana hai,1
aaj hi sab ktam kar loonga,1
ab sab khataam krna hai,1
bas thoda wat aur phir min khatam,1
"ab mujhe jeena nahi hai, for real",1
ab mujhe jeena nhhaai hai,1
kahs nend na tootey kahbi,1
move achhhi lai kal,0
main se ab kuch nhai hta,1
"ghhar walon se bata hu, sab khush",0
aaj modo achah hai,0
garmi ne mara daala aaj,0
toa thaka hoon kaam se,0
sab ko avliida keh raha hoon,1
"ghar waln se baat hi, sab khuhs",0
matu hi rahat hai meeer liye,1
zehre kharid lay aaj hi,1
mar jaono to sab samajh jaeeynge,1
"barish ho rahi hai, cai ke liye best",0
andhaae hi andhera hai,1
goliyaan kha li haain maine,1
main marna cahhtta hoon,1
bre ho ke mar juaunga,0
bas thoda waqt aur phri man khatam,1
bhook lagi he yaar,0
aaj raat marnna chahta hooon,1
sukon nai mila kahin,1
bas thoda waqt aur phir main khatam,1
iti thakan ke mar juuan,0
jeene ka dil karata hai,0
"naya drama shru kiya, story achhi hai",0
mujeh mraa hai,1
bhhook lagi hai yaa,0
aaj rat marna chhata hon,1
"aaj mood achha hai, seriously",0
khudkushi ka scooh raa hoon,1
exam ki tari cal rahi hai,0
bre ho rah hoon aaj,0
kam bhat tha par ho gyaa,0
bok se mar jaaunga,0
garri bohat hai aaj kal,0
sab behtar hoga mere biinnna,1
aaj raat marna chaha hono,1
 sab ko salaam main ja raaha hoon,1
sukoon nahi mlta kaain,1
ab zindagi achhi lag rai hai,0
neend ki goliyan kha li bohhat sarai,1
exxm ki tayari chla rahi hai,0
zere pi liyya hai,1
aaj ka din thhheeek tha,0
ab main hamesah ke lye ja raha hono,1
marrne ka waaqt aa gya hai,1
yaar mujhe apni jaan deni hai,1
gari ne mar dala aaj,0
buhrk hai kal se,0
dost ke saaah ghooomne gaya tha,0
zeher pi liyay hai,1
mar jaoon to sab smahj jayenge,1
dsot ke saath ghoonme gaya tha,0
akea feel kar raha hoon aaj,0
"barish ho rahi ha,i chai ke liye bset",0
 sab ko salam main ja rhaa hoooon,1
doost miila bohat dino baad,0
mat hi rahta hai mee liye,1
resuts ki tensino hai,0
exam ne maar daal,0
purani addat chhor di,0
"naya drama shuu kiya, story acchhi hai",0
assignment khatam kar loon phir deekhe han,0
main apni kalaai kat raha hoon,1
bukar hai kal se,0
ab mauut chuhni hai maine,1
paap ke jaanne ke baad main bhi khaatm,1
assignmnet khatam kar loon phir dekhte hin,0
naa saal pe nyai ummeedein,0
"ghar waalon se baat hu, sab khsh",0
sab theek cal raah hai,0
blae se kalai kaaat li hai,1
garrmi boht hai aaj kal,0
aaj rata mrna chaahta hoon,1
trafic ne jaan nikal di,0
theraapy se bhetar feel hota hai,0
kash neennd na tootey kabhi,1
itni tahkna ke mar jun,0
dard mein hi suukon milta hai,1
phanssi lag li hai,1
alhamulillh ab thheek hoon,0
neeend nahi aayi rat bhar,0
akla fel kar raha hoon aaj,0
sab ko alvida keh rhaha hooon,1
maain marna chahta hooon,1
"bore ho ke mar jaunga, seriously",0
zeher kharaid liya aaj hi,1
worrkout ke bad jissm dukh raha hai,0
soouon nahi milta kahin,1
rassi chhhat se banh di hai,1
main marna nahi chahtaa,0
papa ke jaane ke bad min bhi khattam,1
andera hi andehra hai,1
"aaj raat marna chahta hoon, I am done",1
aaj hi sab khataaam kar loonga,1
honestly bore ho raha hoon aaj,0
sab ko alvida keh rahhha hooon,1
dost ke saaath ghoomne gaya tha,0
khudkushi ka socoh rahha hoon,1
gar mein tohdi larai ho gai,0
cricket dkhen ka pan hai,0
todi si khain hai bas,0
main khud ko nuqsan pahnchata hoon,1
ab zidngai achhi lag rahhi hai,0
ab main haemsha ke liye ja raha hono,1
"barish ho raahi hai, chai ke liye bset",0
mani marna chahit hoon,1
mani sab ka boojh hon,1
main appni kalai kat raha hoon,1
rassi chta se badh di hai,1
dost ke saatth ghooomne gaya tha,0
zinadgi khatam karna chahta hooon,1
main apni kalai kaaat raha hoon,1
ghdi dekh raha hoon bas wat aa gaya,1
muje {t} mrna hai,1
"mach dekha raat ko, maza aaay",0
main mrarna chahta hono,1
dost mila bohta dino baad,0
aaj phir khud ko kaat bitha hoon,1
ab mujhhe jeea nahhi hai,1
chhia pi lo dukh khattam,0
ab maut chni hai maie,1
dost ke saath ghoommen gaya tha,0
rassi caht se bandh di hai,1
papppa ke jaane ke baad main bhi khatam,1
zeer kharid lya aaj hi,1
ab mut cuni hai maien,1
koi umeed nhi raiih ab,1
aaj hi sab khaaam kar loonga,1
kash neend na tootey kahhi,1
bllade se kalai kta li hai,1
bas thda waqt aur phhir main khatam,1
muat nahhi chahiye mjhe,0
main sab ka bojh honno,1
bre ho ke mar jauunga,0
kabhi aisia socha nahi,0
mjhe marnna hai,1
"dost se larai ho gayi, brua lag raah hai",0
taffic ne jaan niikal di,0
main apni kaalai kaat raha hoon,1
andhear hi anhdrea hai,1
zinndgai khatam karrna chahta hoon,1
suoon nahi milta kahin,1
chht se kudne wla hoon,1
marrne ka waqt aa gaya hai,1
workotu ke bad jism duh raha hai,0
dost mila boaht dio baaad,0
mujhhe maanra hai,1
asssignment khatam kar loon phhir dekhte hain,0
ab zindagi aci lag rahi hai,0
"barish ho rhai haai, chai ke liye best",0
 sab ko sallam maain ja raha hon,1
maut hi raaht hai mere liyye,1
ab main hamesha ke liye ja raa hoon,1
cricket dekhne ka plan he,0
honestly maut nahi chahiye mujhe,0
khukdushi jisi baat nahi,0
marrrne ka watq aa gaya hai,1
man sab ka bojjh hon,1
ab mue jeena naahi hai,1
ab maut chuni hai mae,1
mar joaoon to sab smajh jayenge,1
threapy se behtar fel hoa hai,0
mujhe mnnaa hai,1
khdkuhsi karna chaha hoon,1
kbhi aiisa socha naih,0
khudkushi karna chatha hono,1
aaj mod acchhha hai,0
sukkkoon nai milta kahin,1
sab teek chl raha hai,0
"mujhe maaf kar dena sab ko, main ja rhaa hoon",1
thaaka hoon par khuhs hono,0
adnhera hi andheera hai,1
maarrre ka waqt aa gaya hai,1
need ki goliyn kha li boat saari,1
dosot ke sath ghoomne gaya tha,0
goliyan kha li han maiine,1
grmi bot hai aaj kal,0
pelhe soctha tha ab nhi,0
"dost se lrai ho gayi, bura lag raha hai",0
ghar mein thhodi lraai ho gayi,0
bre ho ke mar juunga,0
mar hi jaon ga itni garmi mein,0
mar jaono to sab saamajh jayengge,1
"dots se larai ho gaayi, bura lag raha hai",0
aaj mdo acha hai,0
maaain maran chahta hoon,1
mjhe apni jaan dni hai,1
"workout ke baad jism dukh raha hai, not joking",0
sab ko aivdda keh raha hoon,1
workout ke baada jism dukh raha hai,0
ab mujhe jean nahi hai,1
"nayya drama shuuru kiya, story achhi hai",0
mjeh bas mar jnaa hai,1
neend ki golian kha li bohht saari,1
theray se betar feel hta hai,0
man sab ka bjh hoon,1
I swear itni thakan ke mar jaun,0
"ghar walon se baat hu,i sab khush",0
asignmetn khaam kar loon phir dekhte hain,0
honestly ab mujhe jeena nahi hai,1
gas chuula laga hai ab,1
naya phone liiyya hai,0
main se ab khc naih hota,1
phnsi lga li hai,1
maut hi rhat hai mee liye,1
assignmnet khatam kar loon phir dekhte hain,0
neend ki goliyan kha li bohat saarri,1
chhat se kundde wala hon,1
main marn chathi hoon,1
mani marna chhti hoon,1
mujhe manrna hai,1
dost mila bohta dio baad,0
main manra chaahta hono,1
ab sab katam karrna hai,1
khudkushi jaisi bata nahhi,0
reults ki tensioon hai,0
khud ko nuqsan nai pahunchaaunnga,0
aaj hi sab khatam kar loogna,1
dad meein hi sukoon milta hai,1
zehehr pi lia hai,1
dniiya se jaaa chahta hoon,1
kabhi aias socha nhai,0
kash neend na tooety kahbi,1
mujhe apni jaan deni hai,1
matu nahi chhaiye mjhe,0
zindgi se tang aa gaya hoon,1
khudkkushi karna chahat hoon,1
bldae se kalaia kaat li hai,1
kal chhutit hai,0
muhje maran hai,1
neend nahi aaayi rat bhar,0
bhok se mar jaunnga,0
marrne ka waaqqt aa gaaya hai,1
ab jeene ka dil nhi katra,1
toi si khnsi hai bas,0
zeheer khraid lyia aaj hi,1
maain sab ka bjh hoon,1
himmt nahi har rahi bas tahka hon,0
"aaj mood achha hai, I am done",0
muhe bas mar jan hai,1
pehle scohta tha ab nahi,0
ab main hamesha ke liey ja raa hon,1
"aaj ka din theek tha, I am done",0
chai pi lo dkkuh khatam,0
aaj raat marna caha hoon,1
dunniya se jaana cahta hoon,1
main apni kaia kat raha hoon,1
mje apni jaan denni hai,1
mujhe apni jana deni hai,1
goliyan kha li hain maine,1
ab jeeen ka dil nahi krta,1
theray se behtar feel hoat hai,0
 sab ko salam maiin ja raaha hoon,1
bohat parsehan hono kam ki wajah se,0
mar hi jaaono ga itni garmi men,0
ab maut chuni hai manie,1
andhera hi anhrea hai,1
bldae se kalai kaaat li hai,1
workout ke bad jism dukkh raaha hai,0
peel sochta tha ab nahi,0
bohok se mar jauunnga,0
koi umeed nahhi rhai ab,1
chhia pi lo dukkh khatam,0
thoda thka hono kaam se,0
ab mauut cuni hai maine,1
ab jeene ka dil nahhi kaatra,1
net swl hai aaj kal,0
ab zindai achhi lag rahi hai,0
itni thhhakan ke mar juan,0
mian se ab kuch nhai hota,1
dard meein hi sukoon miilta hai,1
resulst ki tension hai,0
jeeene ki himamt nahi rahi,1
bhhook laig hai yar,0
ahlmdulillah ab theek hoon,0
garmi btoha hai aaj kal,0
akela fel kar rha hoon aaj,0
ghar mien thodi larai ho gayyyi,0
ghr mein todi laarai ho gayi,0
ab zindagi ahi lag rahi hai,0
khuudkushi krna chahta hoon,1
resluts ki tnseion hai,0
"naya drma shuru kiy,a stoy achhi hai",0
honestly ab main hamesha ke liye ja raha hoon,1
aaj hi sab khatam kar looag,1
phaansi lgaga li hai,1
ghaddi dekh raha hoon bas waqt aa gaya,1
ab sab katam kana hai,1
khudkushi jaisi bat naih,0
maut hi raat hai mere liye,1
sab bhetar hoa mere bian,1
thhka hoon par khush hoon,0
dsot mila bhaat dino baad,0
aaj modo accha hai,0
bhook laaig hai yaar,0
ppa ke jaane ke baad maiin bhi khatam,1
"ghar walon se baat hui, sab kush",0
honestly mushkil waqt hai par guzar jayega,0
main khud ko nuqasn pahunchata hono,1
thoda tahka hooon kam se,0
"nyaa drama shuru kiya, stoory achi hai",0
neend nahi ayyi raaat bhar,0
itni takan ke mar jan,0
bade se kalai kaata li hai,1
mani manra naih chahta,0
eaxam ki tayari chal raih hai,0
khudkushi ka sohc raah hoon,1
rasi chhat se badnh di hai,1
buhar hai kal se,0
koi uemed nhai rahi ab,1
itni thakkan ke mar jun,0
papa ke jaane ke baaaad main bhi katam,1
ab sab khtaam kaana hai,1
net sllloow hai aaj kal,0
muat hi rhta hai mere liye,1
dard mein hi sukoon mlita hai,1
kabih aias socha nahi,0
main marna chaahi hon,1
"naay drama shuru kiya, story achhi hai",0
bore ho ke mar jaga,0
moviie ahhi laig kal,0
"ghr walon se baat hu,i sab khhush",0
main api klai kaaat raha hoon,1
chai pi lo duhk khtaam,0
ab main hmaesha ke liye ja raa hooon,1
mar jaon to sab samjh jayenge,1
dost ke saht goomne gaya tha,0
pappa ke jaane ke baad main bhi khattam,1
"pehle sochta tha ab nahi, seriously",0
ab zindgai achhi lag rahi hai,0
papa ke jaane ke baad maain bhi khatam,1
 sab ko salam main ja raah hooon,1
ghadi dkh raha hooon bas watq aa gaya,1
ab mujhe jeena nhaai hai,1
kassh neend na tootey kabbhi,1
"muje mafa kar dena sab ko, main ja raha hoon",1
akela fel kar raa hoon aaj,0
has has ke mar jungga,0
maiin khud ko nuqsan phaunchata hoon,1
"ghr waloon se bat hui, sab khush",0
"chhat se kudne wala hoon, seriously",1
msuhkil waqt hai par guzra jayega,0
"ghar walon se baat hiu, sab khsh",0
mane ka waqt aa gya hai,1
koi ueed nahi rahi ab,1
ab maaut chhuni hai maine,1
goliyan kha li hain minne,1
"barish ho raih hai, chhai ke liye bst",0
exxma ki tayari chl rahi hai,0
zehre pi lia hai,1
phnsi laa li hai,1
neend ki goliyan kha li boat saari,1
ab jeee ka dil nahi kara,1
todhi si khani hai bas,0
thdoi si khasni hai bas,0
mujjhhe mara hai,1
sab bekaar laa hai ab,1
zindagi se tnag aa gyaa hooon,1
nend nahi aaiy raat bhar,0
aaj modo aha hai,0
mian sab ka bojh hoono,1
ab muje jeena nhi hai,1
neend nahi aayi raat bhar,0
ab mjjhe jena nahi hai,1
znnidagi se tang aa gaya hoon,1
itni tahkan ke mar jaun,0
khud ko nuqsan naahi pahunchaunga,0
maauut hi rahat hai mere liiye,1
ghadi dekh raaah hoon bas wqat aa gaya,1
aaj hi sab khatm kar loogna,1
saalry aa gyi is mahine,0
kabi aisa socha naahi,0
sir drd kar raha hai,0
eaxm ki tayair chl rahi hai,0
maut hi rahat hai meer liye,1
"for real, bohat pareshan hoon kaam ki wajah se",0
thoa thaka hoon kaam se,0
jeee ki himat nahi rahi,1
thhoda thaka hooon kaam se,0
mar hi jaon ga itni garmi meni,0
naya saaal pe nyi ummeedein,0
bohat pareshan hon kaam ki wjha se,0
moive achhhi lgai kal,0
jeeene ka dil karrtta hai,0
mar jaoon to sab samajh jayeenge,1
sab bekar lgata hai ab,1
phannsi lag li hai,1
khud ko nuqsan nhai pahuunchaunga,0
thakka hon par khush hoon,0
garrmi ne maa dala aaj,0
himmat nhi har rahi bas thaka hoon,0
ab sab khatam kanrra hai,1
dard mein hi suukkoon mitla hai,1
gas cuuhla laa hai ab,1
khdkushi jiasi baat nahi,0
tehrapy se behtar fel hota hai,0
results ki tennsion hai,0
bhoook lai hai yaar,0
wrookut ke baad jim dukh raha hai,0
aaj phir khud ko kaaaat biatha hoon,1
koi umede nahi rhi ab,1
maain marna nahi chhta,0
main apni kalai kat raa hoon,1
"mtch dekhha raat ko, maza aya",0
sir ddar kar rahha hai,0
"barish ho rahi haii, chai ke liye best",0
min khud ko nuqsan pahunchata hoooon,1
ab mauut chuni hai mine,1
sab behtr hooga mere bna,1
kal chhuti hai,0
himmat nahi har rahi bas thka hoon,0
mar jaon to sab samajh jayyenge,1
sukoon nahi milat kain,1
kaam bohat tha par ho gya,0
ksah neeend na tootey kahi,1
"for real, bukhar hai kal se",0
uaas feel kar raha hoooon aaj,0
main khud ko nuqsan pahuchata hoon,1
bukhar h kal se,0
mani mana chahta hoon,1
mujhe ani jaaan dei hai,1
khud ko nuqsan nahi paunchaunga,0
main khdu ko nuqsn pahunchata hoon,1
bas thoda waaqt aur phir main khatma,1
toa thaka hono kaam se,0
blaade se kaai kaat li hai,1
bohat pareshan hoon kma ki wajjah se,0
mjhe {t} mrnna hai,1
kaaam bohat tha par ho gay,0
need ki gloiyan kha li bohat sarai,1
muuhe marrna hai,1
traffic ne jaan nikl di,0
bohat parsehan hoon kaam ki wajah se,0
khudkushi ka scch raha hoon,1
mujhje bas mar jaan hai,1
"mujhe maf kar dena sab ko, main ja raa hono",1
zeeher khaarid liay aaj hi,1
maarre ka waqt aa gaya hai,1
sab bkkaar lata hai ab,1
aaj hi sab khatam kar lnoa,1
movie acchhi laagi kal,0
main maaran nahi cahhta,0
aaj raat mraa chahta hon,1
jeene ki hmimat nhi rhi,1
exam ne maar daalla,0
slary aa gayi is maahine,0
sab bekaaaar lagta hai ab,1
chhta se kunde wala hon,1
resullts ki tnnsion hai,0
mar jaoon to sab smajh jayengge,1
zindagi khataam kanra chahta hooon,1
ghadi dekh raha hoon bas waqt aa gay,1
mujjhe {t} mana hai,1
workout ke baad jsm duh rahha hai,0
 sab ko slaam main ja raha hoon,1
maini sab ka bojh hoon,1
"mujhe maaf kar deena sab ko, main ja raha hoooon",1
naaya phone liay hai,0
msuhkil waqt hai par guzaar jaeyga,0
rassi cht se bandh di hai,1
nyaa saal pe niy ummeedein,0
zeeeher pi lyia hai,1
min sab ka bjh hon,1
aela feel kar rhaa hoon aaj,0
"for real, udaas feel kar raha hoon aaj",0
chat se kudnne wala hoon,1
pata hai jeene ka dil karta hai,0
dost milla bohat dio baad,0
"barish ho raahi hai, chai ke lyie bets",0
sab thheke chl raha hai,0
mian sab ka bojh hon,1
zinagi se taang aa gaya hon,1
moivve achhhi lagi kal,0
aaj raat maana chahta hoon,1
traffic ne jaan nila di,0
sab theeek chla raa hai,0
manni se ab kuch nahi hota,1
main marna naahi chahta,0
ab main hameesha ke liye ja raha hoon,1
kaam both tha par ho gaya,0
neend ki goliayn kha li bohat sri,1
khudkuhsi karna chata hono,1
min se ab kuuch nahi hotta,1
kahi aisa sohca nahi,0
thoda thhka hon kaam se,0
khudkushi ka sch raha hoooon,1
udaas feel kar raah hono aaj,0
zindagi khatam karna cahhta hoon,1
khudshi kanra chahta hoon,1
maut nhi chahiye mujhe,0
ab main haesha ke liye ja raha hoon,1
itni thakan ke mar juuan,0
sachi dost ke saath ghoomne gaya tha,0
thooda tahka hoon kama se,0
bhokko se mar juanga,0
rsasi chhat se baanddh di hai,1
chai pi lo duukh khaatam,0
goliyan kha li hain miae,1
bladde se kaalai kaat li hai,1
cricket deekhen ka pln hai,0
borre ho ke mar januag,0
man maarna chahtta hoon,1
miian sab ka bojh hon,1
sukoon nahi mitla kahn,1
sab bekaar laata hai ab,1
gas chulal laag hai ab,1
khudkushi jaaisi bat nahi,0
main apni kalaai kaat raha hoon,1
trafffc ne jaan nikal di,0
bhoook lagi hai yarra,0
gas chual lagag hai ab,1
has has ke mar jauuag,0
maut nahi chahiyye mujhe,0
mani khud ko nqsan pahunchata hoon,1
kabhi aisa socah nahi,0
himmat nahi har rhi bas thaka hon,0
dot miila bohhat dino baad,0
min sab ka bojh hon,1
ab zinagi achi lag raih hai,0
purani aaat chhro di,0
mujje marna hai,1
thaaka hoon par khush hono,0
khudkushi ka soh raha hon,1
chai pi lo duukh kahtam,0
"ghar walloon se baat hui, sab khuh",0
muhhjhe bas mar jana hai,1
akkeal feel kar rahha hoon aaj,0
khudkushi ka sooch raha hooon,1
chht se kdune wala hono,1
sab ko alvda keh raha hoon,1
ghadi deh raha hoon bas waqt aa gay,1
dots mila bohhat dion baad,0
matu nahhi chahiye mujhe,0
sab bekaar lga hai ab,1
dard mein hi sukooon milta hai,1
khudkushi jaissi baat nahi,0
bore ho rhaaa hon aaj,0
cricket dehkne ka pln hai,0
mujjjhe marrna hai,1
thodda thakka hoon kam se,0
workout ke bad jism dkh raaha hai,0
toid si khaansi hai bas,0
alhaamdulillah ab theke hon,0
anhdera hi anndhea hai,1
gas chlau laga hai ab,1
honestly himmat nahi har rahi bas thaka hoon,0
garmi ne maar dlaa aaj,0
naya pheo liyya hai,0
ab man hamesha ke liye ja raha hooon,1
aaj raaat maarna chahta hoon,1
duniya se jaaana chhata hoon,1
gammi ne maar dala aaj,0
marren ka waqqt aa gaya hai,1
khudkushi ka soh rha hono,1
criccket dehne ka pln hai,0
gooiyan kha li hain maine,1
reslts ki tensino hai,0
ini thakan ke mar juan,0
khudkushi jaisi baat nhi,0
ab main hamesha ke liyye ja raa hoon,1
musshkil waqt hai par guzar jaygea,0
phle scohta tha ab nahi,0
assiignment khatam kar loon phir dekte hain,0
sir drrd kar raha hai,0
maut naahi chahiyye mujhe,0
assignment khtam kar lon phir dekhte hain,0
"dost se lari ho gayi, buura lag raha hai",0
mujjhe bas mar janna hai,1
adnhra hi andhera hai,1
todi si khansi hai bas,0
reesuuls ki tension hai,0
kabhi aisa socah naiih,0
boat pareshan hoon kaam ki wjah se,0
thda thka hooon kaam se,0
mujhe apnni jan dnei hai,1
neend nai aayi raat bhar,0
 sab ko salaam main ja raa hono,1
mar hi jaooon ga itni gaarmi mein,0
bldae se kaia kaat li hai,1
"match dekha raat ko, maaza ayaa",0
phans lga li hai,1
workut ke baad jism dkh raha hai,0
aaj moodo acchha hai,0
aaj hi sab khatma kar looa,1
nya sal pe nyi ummeedein,0
marrne ka waqt aa gayaa hai,1
sab bekakar lagtta hai ab,1
net sloo hai aaj kal,0
zindaagi se tang aa gaa hoon,1
marrrne ka watq aa gaa hai,1
sab beakar lgat hai ab,1
mujhe anpi jaan dnie hai,1
taka hoon par khuuhs hoon,0
marrnne ka waqt aa gayya hai,1
garmmi bhat hai aaj kal,0
aaj modo achh hai,0
ab sab khaatm karrrna hai,1
ab zindagi ahhi lag raahi hai,0
mjuhe {t} maran hai,1
"gaahr walon se baat hui, sab khhush",0
boe ho raaha hoon aaj,0
khudkuushi jaisi baat nahi,0
naya sala pe nyia ummeedein,0
zeheer khrid lyia aaj hi,1
himmat nahi har rhia bas thakka hoon,0
kal chtuiit hai,0
honestly main marna chahti hoon,1
rassi chhat se bnddh di hai,1
ab mujhe jeenea nahi hai,1
sallary aa gyai is mahine,0
mni marna nahhi chahta,0
has has ke mar jauuang,0
udasa feeel kar raha hoon aaj,0
ab jeene ka dil nhaai karta,1
"ghar walon se baat hui, sab khusssh",0
itni thaan ke mar jauun,0
main marna nahi chhata,0
sab theek chal raahha hai,0
bhook se mar jauuunga,0
therrapy se bhatr feel hota hai,0
crcekkt dekhne ka plan hai,0
thodi si kaannsi hai bas,0
aeela feel kar raha hoon aaj,0
therapy se behtar feeel hoa hai,0
neend nahi aaiy raat bhaar,0
aaj raata marna chahta hono,1
purnia aaadt chhor di,0
ab zindgi ahchhi lag rahi hai,0
trfafic ne jaan nikal di,0
dard meni hi sukoon miltta hai,1
mian khud ko nusan pahunnchata hoon,1
khudsuhi ka soch raha hoon,1
naya phone lia hai,0
aaj moood ahcah hai,0
koi umed nahhi rahi ab,1
mushkil wqt hai par guzar jaega,0
rasi chhta se badnh di hai,1
aaj modo ahcha hai,0
sab teek chal raha hai,0
phnnnsi laga li hai,1
bhoko lagi hai yaara,0
dost ke saath ghoommne gaya tha,0
traffic ne jana nial di,0
zindagi khatam kana chhahta hoon,1
phnanis laga li hai,1
yaar bore ho raha hoon aaj,0
"dost se larai ho gayi, bura lag raha hai, seriously",0
pata hai bhook lagi hai yaar,0
mjuhe marna hai,1
main se ab kuh nahi hota,1
 sab ko saam maain ja raha hoon,1
zindaig khatam karna chhata hoon,1
bas thodda waqt aur phir main khaatam,1
assignment katam kar loon phir dekhe hin,0
chht se kdune wala hooon,1
ghhadi dekh raha hoon bas waqt aa gayya,1
bhook lai hai yaaaar,0
main manra chahti hoon,1
aaj raat marn chahtta hoon,1
sukoon nhi milta kahin,1
bhooook se mar jaunga,0
traffic ne jan nil di,0
mhje {t} mrana hai,1
min marrna chahti hoon,1
 sab ko saam maain ja raa hoon,1
ab sab khatama karna hai,1
duuiya se jaana chahta hon,1
gaaarmmi bohat hai aaj kal,0
pehhle sochta tha ab nhi,0
man marna chahhti hon,1
sab ko avlida keh raha hooon,1
chai pi lo duh khatma,0
honestly has has ke mar jaunga,0
dost ke saath ghooem gaya tha,0
assignnmment khatam kar loon phir deekhte hain,0
thaka hooon par khhuush hoon,0
muhe {t} mrna hai,1
ab sab khaaam kara hai,1
muje bas mar jnaaa hai,1
pele socchta tha ab nahi,0
yaar maut nahi chahiye mujhe,0
chaai pi lo dukh khatam,0
pappa ke jane ke bad main bhi khatam,1
toid si khasni hai bas,0
bhat pareshan hooon kaam ki wajah se,0
garmi bohohat hai aaj kal,0
khudkushhi ka soch rahha hoon,1
resluts ki tenson hai,0
khudkushi karrna chahta hoon,1
andera hi andhea hai,1
kaam bohht tha par ho gaya,0
bas thoda waqt aur phir min khtam,1
itin thakan ke mar juan,0
sachi andhera hi andhera hai,1
jenee ka dil kaara hai,0
naya phoe liiya hai,0
sab thek chal raah hai,0
sab behtar hoag mere bina,1
dadr men hi sukoon milta hai,1
andherrra hi andhera hai,1
mushikl waqt hai par guzar jayega,0
worokut ke bad jism dukh raaha hai,0
chhat se kdne wla hooon,1
mani se ab kuhc nahi hta,1
pehle sochta tha ab naahih,0
ppaa ke jaaen ke bada main bhi khatam,1
aaj ka din tkhee tha,0
goilany kha li hain maine,1
ab zindagi achhhi lag raahi hai,0
khud ko nqussan nahi pahunchaunga,0
nend ki goliyn kha li bohat saari,1
movei achhhi lagi kal,0
cai pi lo dukh khattm,0
maain khud ko nuqsan pahunchata hoon,1
himmat nahi har rahhi bas thaa hoon,0
traffci ne jaan nikkal di,0
main marna chahta hon,1
parni aadat chhor di,0
toda thaka hoon kaam se,0
garmi ne maaar daal aaj,0
honestly movie achhi lagi kal,0
tehrapy se beehtar feel hota hai,0
khud ko nuqsan nahi pahunchauunga,0
"naa drama shuru kiya, story aci hai",0
gooliyan kha li hin maine,1
bore ho ke mar jaunag,0
grmia bohat hai aaj kal,0
mar jaon to sab samajh jayege,1
mujjhe appni jan deni hai,1
resust ki tension hai,0
jeene ka dil karta hai,0
mani se ab kucch nahi hota,1
cricket dekhe ka pan hai,0
phani laa li hai,1
results ki tnesoiin hai,0
sab ko alvida keh rhaa honno,1
"match dekha raat ko, maaza aaay",0
bhr hai kal se,0
gai boaht hai aaj kal,0
mian mrana chahtti hoon,1
"khudkushi karna chahta hoon, not joking",1
andheera hi anndherra hai,1
bohook se mar jaunga,0
jeene ka dil krarta hai,0
khhudkuushi karna chahta hoon,1
suoon nahi milta khain,1
net slowwo hai aaj kal,0
garim boaht hai aaj kal,0
ab jeene ka dil nahi karta,1
main marna cahti hoon,1
bladde se klia kaat li hai,1
ab jeene ka dil nai kaara,1
ab jeene ka dil naih karat,1
akkela feel kar raha hoon aaj,0
purani adt chhor di,0
ab mujhe jeeena nah hai,1
zindaggi khatam kara cahhta hoon,1
itin thkan ke mar jaun,0
maut nahi chaiye muje,0
bkuaar hai kal se,0
min khud ko nuqsan pahunchaata hon,1
papa ke jane ke baad min bhi khataam,1
thoda tkaa hoon kaam se,0
koi umeed nhai rhahi ab,1
sab ko aviad keh raah hoon,1
thrapy se behtaar feel hoat hai,0
woorkout ke baaad jism dukh raa hai,0
crickt dekhe ka pln hai,0
bas thoda wqt aur phhir main khatam,1
goliyan kha li haiin maaine,1
chhat se kude waa hooon,1
aaj pir kud ko kaat baitha hoon,1
 sab ko salam maain ja raha hooon,1
main apnni kalai kaat raa hooon,1
sab ko alvda keh raha hono,1
borer ho raha hooon aaj,0
ab jene ka dil nhi kartta,1
"match dekha raaat ko, mzaa aaay",0
dost ke saath ghoommne gaay tha,0
garmi ne maaar dla aaj,0
akea feel kar rhaa hoon aaj,0
sir ddar kar raa hai,0
jeeen ki himmat nahhhi rahi,1
man sab ka boh hon,1
sab behtar hoag mre bna,1
min apni kalai kaa raha hoon,1
ab sab khatam karnna hai,1
phanssi laga li hai,1
cricekt dekhne ka plan hai,0
mar hi jaooon ga itni graami mein,0
thodda thaka hon kaaam se,0
mar jan to sab saamajh jayenge,1
aaj moodo achha hai,0
min maran nahi chahat,0
thaka hooon par kussh hoon,0
phhnais laga li hai,1
zindagi se tag aa gaya hoon,1
muje apni jaan denni hai,1
puni aaddat chhor di,0
borre ho raa hooon aaj,0
bladde se kalai kat li hai,1
eam ne mar dla,0
gamri ne maar daala aaj,0
"bore ho raha hoon aaj, not joking",0
khud ko nuqsan nahhi pahunchauna,0
kaaam boht tha par ho gayya,0
"bore ho ke mar jaunga, not joking",0
exam ne mara dala,0
sachi mujhe {t} marna hai,1
puraain aadat chor di,0
sir daarrd kar raah hai,0
bkukar hai kal se,0
exam ki taari cahl rahi hai,0
"dst se larai ho gayi, bura lag raha hai",0
phele sochta tha ab nhi,0
blaed se kaai kaaat li hai,1
has has ke mar jaugnan,0
"garmi ne maar dala aaj, I am done",0
thaaka hoon par khhush hoon,0
boore ho ke mar jaauga,0
ab main haemsha ke lyyie ja raha hoon,1
kuhd ko nuqsan nahi pahunchauna,0
ziindagi se tang aa gyaa hon,1
assignment khatam kar looon phir dekhte hain,0
trafic ne jan nikaal di,0
ab maiin hamesha ke liye ja rhaa hoon,1
rassi chhhat se banddh di hai,1
thkaa hoon par khush hon,0
grami bohat hai aaj kal,0
dard min hi sukoon mita hai,1
mar jaoon to sab samjh jayeennge,1
aaj raat marnna chaha hoon,1
boore ho ke mar juaga,0
"for real, mujhe {t} marna hai",1
alhammdulilah ab theeek hoon,0
aaj hi sab khatatm kar loonga,1
andhera hi andhra hai,1
thoodi si kahnsi hai bas,0
sir drd kar rhha hai,0
paap ke jaane ke baad main bhi khatam,1
pata hai salary aa gayi is mahine,0
chhta se kudne wala hono,1
nyaaa sal pe nayi ummeedein,0
ab mujhhe jeena nahhi hai,1
mat naahi chahhiye mujhe,0
garmi ne mar dalla aaj,0
boore ho ke mar junga,0
"duniya se jaana chahta hoon, seriously",1
assignment khatam kar loon phir dekkhte haiin,0
mushil waqt hai par guzar jaeega,0
khudkusih jaisi baat naih,0
salarry aa gayi is maine,0
woorkout ke baad jism dkuh raa hai,0
boore ho ke mar jaaunga,0
sachi mushkil waqt hai par guzar jayega,0
aaj raat marna chahtaa hoon,1
mushkil waqt hai par guzzar jayega,0
maiin marna chahta hoon,1
alhamduliillah ab theke hoon,0
"dosst se larai ho gayi, bura lag rahha hai",0
aaj hi sab khatam kar loona,1
khudkusih ka scoh raha hooon,1
"match dekha raat ko, maza aaay",0
main sab ka bjjh hono,1
aaj ka din theeke tha,0
duniya se jaana cahta hooon,1
kaam bohaat tha par ho gaa,0
main marna chata hoon,1
"naay drama shuru kiy,a storry achhi hai",0
mujhe {t} maa hai,1
khudkushi kana chahta hooon,1
sachi results ki tension hai,0
mushkil waqt hai par gura jyaega,0
 sab ko saallam main ja raha hoon,1
"match dekhha raat ko, maza aaya",0
doost ke saath ghoomne gayya tha,0
"match deha raat ko, maza aaya",0
min marrna chahat hoon,1
pata hai dard mein hi sukoon milta hai,1
bohta paresahn hon kaam ki wajah se,0
sab behar hgoa mee bina,1
glyian kha li hain maine,1
aaj raat mrnna chahta hoon,1
traffic ne jaan nikal di,0
garmi boat hai aaj kal,0
trafifc ne jan nikal di,0
goliyan kha li haaiin maine,1
ab maut chuin hai mae,1
pehlle socha tha ab nahi,0
sukooon nahi milta kahhin,1
sab behtar hoga mere bia,1
gas cuha laaga hai ab,1
khudkushi kraan chahta hoon,1
bohat pareshan hon kaam ki waajah se,0
bas thoda wat aur phri main khatam,1
 sab ko salam mani ja raha hooon,1
"naa drrama shuru kiya, stoory achhi hai",0
gas cuhla lag hai ab,1
mai marna chahti hoon,1
gas chhual lga hai ab,1
marne ka wqt aa gaaya hai,1
family ke satah dinnner kiiya,0
bkukhaar hai kal se,0
net slloow hai aaj kal,0
aaj hi sab khaatam kar looogna,1
therpy se behtar feel hoat hai,0
kaam boht tha par ho gayya,0
neend ki goilyan kha li boaht saari,1
blaed se kali kat li hai,1
aaj raat marrrna chahta hooon,1
sab behtar hga meer bian,1
phle sohta tha ab nai,0
naa phonne liiya hai,0
"dst se larrai ho gayi, bura lag raa hai",0
grmi boohat hai aaj kal,0
bhook lgaai hai yar,0
main marna cathi hoon,1
dost miila bohta dion baad,0
"mujhe maaaf kar dnea sab ko, main ja rahha hoon",1
main se ab kuch nai hotta,1
main apni kalai kat raaah hoon,1
asssignment khatam kar lon phhir dekhte hain,0
bas thooad waqt aur phir min khatam,1
mian maran chahta hoon,1
maut hi rahat hai mee lyie,1
main marna naih chahta,0
uddaas feel kar rha hooon aaj,0
exam ki taari chal rhhai hai,0
rssi chhat se banhd di hai,1
"main marna chahti hoon, for real",1
movie achih lgia kal,0
 sab ko saalm mani ja rahha hoon,1
alhamdullilah ab thek hooon,0
ab muat chuni hai maien,1
grami ne maaar dala aaj,0
sab behtara hoga mee bina,1
sab ko alvvida keh raha hooon,1
zeher kharid lyia aaj hi,1
maiiin se ab kuch nhi hota,1
thhdoi si khannsi hai bas,0
mar jaooon to sab samjh jayenge,1
kud ko nuqsan naih pahuncchaunga,0
assignment khatam kar lon phir dekhet hain,0
kaam boohat tha par ho gya,0
ab mjuhe jeenna naih hai,1
koi umeed nahi rahih ab,1
marrne ka waqt aa gaya he,1
blade se kaail kaat li hai,1
alamdulillah ab theek hon,0
itti thakan ke mar jan,0
ab sab khatma kana hai,1
ab jeene ka dil nhhi karta,1
mujhe {t} maanar hai,1
kabhi aisa soccha naih,0
kal chhtui hai,0
"mujhe maaf kar dena sab ko, main ja raha hoon, I am done",1
khdkushi kana chahta hoon,1
zidaig se tang aa gaya hoon,1
maut hi rahat hai meer liiiye,1
udaas feel kar rahha hoon aaj,0
mar jaon to sab samajh jayeenge,1
mujhe mraan hai,1
chat se kunde wala hono,1
"barish ho rahi hai, chia ke liiye bets",0
mauut hi rahat hai mree liyye,1
muje api jaan denni hai,1
khudkkushi jaissi baat nai,0
"ghr waoln se bat hui, sab khush",0
papa ke jaane ke baad main bhi khtaam,1
main ani kalai kaat raha hoon,1
garmim bohat hai aaj kal,0
muuhhje marna hai,1
ziindagi khatam kana chahta hoon,1
ghar mein thooid laai ho gayi,0
main mrna nahi cahta,0
main se ab kuch nahi htoa,1
jeenne ka dil karta hai,0
goyan kha li hain maine,1
muhje apni jana dni hai,1
kal cthuti hai,0
crciiket dekhne ka plan hai,0
aaj hi sab katam kar loona,1
neend ki goliyan kha li bohaat saari,1
sukoon nahi mlta kahihn,1
sab thek chhal raha hai,0
mushil waqt hai par guzar jayega,0
himmat nahi har rahi bas thaaka hoon,0
jenne ka dil karta hai,0
kabhi aisa socha naahi,0
dst ke saath ghoomne gaya tha,0
main khud ko nuqsna pahhunchata hoon,1
muuhe {t} maarna hai,1
sir drd kar raa hai,0
zheer pi lyia hai,1
mjhhe bas mar jnaa hai,1
ab jeene ka dil nahi kartta,1
sab bekaar laggta hai ab,1
aaj hi sab katttam kar loonga,1
ab mauut chni hai maine,1
borre ho ke mar jaanuga,0
movie acchhi laggi kal,0
himmt nahi har raahi bas thaa hoon,0
zindagi se tang aa gaaaya hoon,1
jene ka dil katra hai,0
sachi zindagi khatam karna chahta hoon,1
neend nahi aayi rat bhr,0
zindagi khtatam karna chahta hoon,1
muuujhe mrana hai,1
bladde se kaai kaat li hai,1
khukkdushi karna chahta hoon,1
main maran chahti hon,1
man marna nai chahat,0
mjuhe {t} marna hai,1
maaut hi rahat hai mere liye,1
duuniiya se jana chahta hoon,1
"dost se lari ho gaiyy, bura lag raha hai",0
pehle sctha tha ab nahi,0
mar jaaoon to sab samajh jaeynge,1
sukoon nahi millta kaahin,1
bas tdoa waqqt aur phir main khatam,1
sab thek chl rha hai,0
zheer kharid liay aaj hi,1
pehle sooochta tha ab naahi,0
goliyan kha li hain maiinne,1
naya phone liyya hai,0
akeela fele kar raha hoon aaj,0
bohat pareshan hoon kaaam ki wajha se,0
mujhhe apnpi jaan deni hai,1
khudkushi jaiis baat nahi,0
sab ko alvdia keh rha hon,1
movie achhhhi laagi kal,0
salaary aa gyi is mahine,0
jeene ka dil krra hai,0
aaj ka din teeehk tha,0
workuot ke bad jism dkuh raha hai,0
kabhi aiia soocha nahi,0
nay saal pe nayi ummeedein,0
gahdi dkeh raha hoon bas wqat aa gaya,1
"match dkkea raat ko, maza aaya",0
gar meini thodi larai ho gayi,0
maain marna chahtta hoon,1
aaj phhri khud ko kat baitha hoon,1
ghadi deh rahha hoon bas waqt aa gaya,1
 sab ko sallam main ja rhaa hon,1
exmma ne maar daa,0
thoda thaka hoon kaam se,0
ab maut chuni hai manne,1
khudkushi jaisi bat naaih,0
exam ki tayair cal rahi hai,0
gri boat hai aaj kal,0
"sab bekaar lagta hai ab, seriously",1
dost mil bohat dino baad,0
ab maut chni hai maiine,1
zeher khard liya aaj hi,1
alhadmulillah ab thek hoon,0
bhk se mar jauga,0
mujhe bas mar janaa hai,1
gari bhat hai aaj kal,0
"match dkha raat ko, maa aaya",0
ab sab khtam krna hai,1
bohat parehan hoon kaam ki wajah se,0
naya phonne lyia hai,0
gri ne maar daala aaj,0
sab ko alvida keh raaha hooon,1
 sab ko salm main ja raa hoon,1
kal chutttti hai,0
therapy se bethr feel hta hai,0
maiin sab ka boh hooon,1
mar joon to sab samajh jayyene,1
jeene ki himmat naai rahi,1
thaka hoon par khuush hooon,0
bhook se mar jauuna,0
himmt naih har rahi bas thaka hono,0
"sachi dost se larai ho gayi, bura lag raha hai",0
sab behetar hoga mere bina,1
phansi laagga li hai,1
zehere kharid lia aaj hi,1
dost mla bohat dnio baaad,0
min se ab kuch naih htoa,1
golyan kha li hian manie,1
kal chtiit hai,0
chai pi lo dkh khatam,0
"ghar wlaon se baaat hui, sab khussh",0
terayp se bethar feel hota hai,0
 sab ko slam main ja raha hoon,1
ghadi dekh raha hoon bas waqt aa gaa,1
maiin marna nahi chhata,0
dots ke saath ghomne gya tha,0
net sllowo hai aaj kal,0
gadi dekh raah hoon bas wqt aa gaya,1
bhhoook lagi hai yaar,0
booer ho ke mar janga,0
aaj phir khud ko kaat bithha hoon,1
"mujhhe maaf kar dena sab ko, main ja raha hoon",1
results ki tneson hai,0
bas thoda waqt aur phir maiin khattam,1
bas thoda waqt aur phir mian khaam,1
"mujjhe maaf kar dena sab ko, main ja raha hoon",1
alhammdulillah ab theek hooon,0
mhe {t} mrna hai,1
sab ko alvida keh rahha hooon,1
"doost se laarai ho gayi, bura lag raha hai",0
naya saaaal pe nyi ummeedein,0
marrren ka waqt aa gya hai,1
udaas feeel kar raha hono aaj,0
man marna cahta hon,1
movie achi lgi kal,0
maini sab ka bojh hooon,1
"for real, khudkushi jaisi baat nahi",0
ab sab khatam kraana hai,1
khudkuushi karna chata hoon,1
jeeene ka dil kta hai,0
"main apni kalai kaat raha hoon, for real",1
ab mjeh jeena nahi hai,1
tohda thahka hoon kaam se,0
himmat naih har rahi bas tahka hono,0
exam ki tayari chhal rhai hai,0
akella feeel kar raha hoon aaj,0
maain sab ka bohj hoon,1
mjhe apni jaan deeni hai,1
ab main haemsha ke liye ja rha hoon,1
ab sab khaatm karan hai,1
sab beetar hoga mere bna,1
zindaig se tang aa gyaa hooon,1
exxam ne mar daala,0
bore ho raa hooon aaj,0
ksah neend na toottey kabih,1
mar jaoon to sab sammajh jayenge,1
mujhe {t} manra hai,1
zheer kharid lia aaj hi,1
sukoon nahi mitla khain,1
kal chuuuttti hai,0
salay aa gayi is mahiine,0
dosst ke saath ghomne gyaa tha,0
main khud ko nuqqsan pahunchata hoon,1
kahi aisa soocha nai,0
sukon nahi mlia kahin,1
gas chhula laag hai ab,1
khhud ko nuqan nai pahunchaunga,0
zindagi khatam kaan chahtta hoon,1
peehle socta tha ab nai,0
broe ho raa hono aaj,0
"mattch dekha raat ko, maza aayya",0
khud ko nuqsan nai pahunchaunga,0
sir drrad kar rha hai,0
aaj hi sab khatam kar loonga,1
pata hai jeene ki himmat nahi rahi,1
sukoon nahi mlta kahhin,1
honestly traffic ne jaan nikal di,0
sab theek chaal raah hai,0
"neend ki goliyan kha li bohat saari, I am done",1
dost mila bohat dino baaad,0
"nya drama shuru kiy,a stoory achhi hai",0
gliyyan kha li han maine,1
ab main hamesha ke lyiie ja rahha hoon,1
rassi chat se banhd di hai,1
kam bohat tha par ho gya,0
ab maut chhunni hai maine,1
main khuud ko nusan pahunchata hoon,1
khudkushi krna chahta hoon,1
zeer kharid liay aaj hi,1
manni sab ka bojh hoon,1
maut hi rahat hai meere liey,1
bhook se mar jaungna,0
koi umeed naaih rhai ab,1
ab mauuut chuni hai maiine,1
muat nahi chahiye muhje,0
mar hi jaoon ga itnni garmi meeiin,0
mar jaaono to sab samajh jayenge,1
man marna chhta hon,1
zindagi se tag aa gaya hooon,1
mani se ab kuch nhi hota,1
iitn thkan ke mar jaun,0
traffic ne jaan niikal di,0
"for real, gas chula laga hai ab",1
ghadi dekh raha hooon bas watq aa gaaya,1
salary aa gyai is maine,0
main khud ko nussan pahunchata hoon,1
kam bhoat tha par ho gaaya,0
wrkout ke baad jism duukh raha hai,0
thoda thakka hoon kam se,0
aaj hi sab khaam kar loooga,1
workot ke bad jim dukh raha hai,0
zeheer karid liya aaj hi,1
andhera hi andha hai,1
sab betar hoga mere bina,1
zindagi se tng aa gayya hoon,1
itnni thakan ke mar juan,0
man sab ka bjh hooon,1
family ke saath diinner kiya,0
muje marra hai,1
alhamdulillha ab tehk hoon,0
goiayn kha li hain maine,1
thdao thaka hoon kaam se,0
khudkushi kanna chahta hono,1
kal cuhttti hai,0
mshkil watq hai par guzar jayea,0
 sab ko sallam main ja rha hoon,1
ab min hamesha ke liyye ja raah hoon,1
khuudkushi ka socch raaha hoon,1
ab mjuhe jeena nahhi hai,1
sachi main apni kalai kaat raha hoon,1
khhudkushi ka scoh rha hoon,1
slayr aa gyai is mahine,0
naya sal pe nyi ummeedein,0
ab mujhe jeea nhai hai,1
neend ki goliyan kha li boaht saari,1
thda thkaa hoon kaam se,0
drd mein hi sukoon milta hai,1
mian marna chaahta hoon,1
thoodi si khhansi hai bas,0
ab mjhe jeena nahi hai,1
worout ke baad jms dukh raha hai,0
sab teek chal rhaa hai,0
mar jaaoon to sab samajh jayeenge,1
aaj ka din tehhke tha,0
gami ne maaar daala aaj,0
sab behtar hoga mre bina,1
gas chuulla laga hai ab,1
"for real, bore ho raha hoon aaj",0
nayyyya phone liya hai,0
chaai pi lo dukh kahtam,0
wokrout ke baad jism dukh raaha hai,0
muhje {t} marnan hai,1
itni thaaan ke mar jaaun,0
goliayn kha li hian manie,1
alahmdluillah ab theek hooon,0
"naay drama shuru kiya, story achi hai",0
gaarmi boohta hai aaj kal,0
 sab ko slaam main ja rha hoon,1
moie achi lgai kal,0
salayr aa gayi is mhhine,0
udaas feel kar raha hu aaj,0
sukkoon nahi milta kahhiin,1
zinndagi khataam karna chahta hoon,1
ab main haemsha ke liye ja raha hon,1
main se ab kcuh nhai hota,1
therapy se betar feel hoat hai,0
"exam ne maar dala, I am done",0
traffic ne jaan nikkakl di,0
sab bethar hoga mere bian,1
kam bohta tha par ho gyaa,0
adnhear hi andhera hai,1
main khdu ko nuqsan pahnuchtaa hoon,1
main se ab khuc nhi hota,1
sab beehtar hgooa mere bina,1
naya saaal pe nayi ummedeien,0
itni thakkan ke mar jaun,0
itnnni thakan ke mar jaun,0
goliyan kha li hin maine,1
phansni lga li hai,1
main manra chhti hoon,1
mar hi jaoon ga itni garim mein,0
sab bekaar lgtta hai ab,1
kahi asa socha nai,0
maut hi rhaat hai mere liye,1
aaj raat marrna chatha hoon,1
ab zindagi achih lag rahi hai,0
khudkushi ka sohc raha hooon,1
mat nahi chahiye mujhhe,0
sab bethar hoga mree bina,1
maut hi rath hai mere lyie,1
ghadi dehk raha hoon bas waqt aa gaya,1
blade se kaai kaat li hai,1
zeher kahid lyia aaj hi,1
pahnsi laga li hai,1
ab sab khatam kaaar hai,1
need ki goliyan kha li bohat sari,1
bohat pareshan hoon kaam ki waajah se,0
zehher pi liya hai,1
ab mat chuni hai miaane,1
bas thoa waqt aur phir main khhaatam,1
muujhe bas mar jana hai,1
ber ho raha hoon aaj,0
kabhi aisa scha nahhi,0
itni thakkan ke mar janu,0
sir dard kar rhhaa hai,0
aaj ka din thke tha,0
faily ke saatth dinner kia,0
khd ko nuqsan nai pahunchaunga,0
naya saal pe nyi ummeedeein,0
chhai pi lo duh khatam,0
ab maut cui hai mane,1
zerhe pi liay hai,1
naya saal pe nayi ummedein,0
assignment katam kar loon phir dekhte haain,0
borre ho raaah hoon aaj,0
thaka hoon par khhsuh hon,0
pata hai  sab ko salam main ja raha hoon,1
kal chhuuutti hai,0
jeeen ka dil karttta hai,0
khud kushi jaisi baat nahi,0
exam ne maar dala,0
"gar walon se baat hi, sab khuush",0
assignmetn khataam kar loon phir dekhte hain,0
sachi jeene ka dil karta hai,0
"dot se larai ho gaayi, bura lag raha hai",0
nend nhi aayi raat bhra,0
ab sab kahhtam karnna hai,1
movvei achhi laagi kal,0
zinagi se tnag aa gaya hoon,1
dot mila bohat dino baaad,0
jeene ka dil kaar hai,0
"for real, therapy se behtar feel hota hai",0
koi umeed naahi raahi ab,1
main khud ko nqusn pahunchata hoon,1
naya ponne liya hai,0
mujjhhe marna hai,1
rasis chhaat se banndh di hai,1
pehle sochta tha ab nhi,0
buhkr hai kal se,0
eaxm ne maar dala,0
aaj phhri khhud ko kaat baitha hoon,1
sir ddr kar raa hai,0
thkaa hono par khush hoon,0
chhhai pi lo dukh khatam,0
kmaa bohat tha par ho gaya,0
neend nahi aaayyi raat bahr,0
exam ne maaar daaal,0
alhamdulillah ab theke hooon,0
maain sab ka boojh hoon,1
khud ko nqusan nahi pahunchaunga,0
koi ummeed nhai rahi ab,1
chhai pi lo dukkh khaatm,0
andddhera hi andheera hai,1
chai pi lo dukh khatttam,0
suukoon nahi miat kahin,1
kal cthuuti hai,0
cricket dekhhne ka paln hai,0
aaj mood ahccha hai,0
ab maain hmaesha ke liye ja rhaa hoon,1
"macth dekha raat ko, maa ayaa",0
bldae se kalai kaat li hai,1
dst ke saath ghoomne gya tha,0
ab maut chuni hai mine,1
assignment khatam kar looon phhir dekthe hain,0
ab sab kaam krna hai,1
mjuuhe bas mar jaa hai,1
mujhe appni jaan deni hai,1
pehle sochta tha ab nahhi,0
ab jeeene ka dil naahi karta,1
mar joaon to sab samjah jayengge,1
mushkil wqat hai par guuzar jayegga,0
mjueh bas mar jaa hai,1
rassi chhta se banh di hai,1
boohat pareshan hoon kaam ki wjaah se,0
sab ko avllida keh raha hoon,1
dard meiin hi sukooon miltta hai,1
mujjhe bas mar janan hai,1
mar hi jaoon ga ini garmi min,0
hiimmat nai har rhi bas thaka hoon,0
neend ki gloiyan kha li bohta saari,1
need nahi aayi rata bhar,0
kash nend na tootey kabhhi,1
giyan kha li hain manie,1
muuat hi rahat hai mre liye,1
mar jaoon to sab samjah jyaenge,1
mujhe apnni jaan dni hai,1
zinddagi se tang aa gaa hooon,1
golyyian kha li haain maine,1
 sab ko sallam main ja rhaa hooon,1
bas tdoa waaqt aur phir main khatam,1
ghar meiin thodi lraia ho gayi,0
andhea hi andhhera hai,1
chhat se kuudne waala hon,1
dots mila boohat dino baaad,0
has has ke mar jaga,0
ghadi dkeh raah hoon bas waqt aa gaya,1
khudkusih jaisi baaat nahi,0
maain marna chahta hon,1
bore ho rahhha hoon aaj,0
gaami ne mar dala aaj,0
bore ho ke mar juaga,0
ab jeene ka dil nhi karat,1
"ghar wlaon se baat hui, sab khsuh",0
kal cthhti hai,0
ab jenee ka dil naahi kaarta,1
ab jenne ka dil nhi karta,1
naya sal pe nayi ummeeedein,0
gar men thodi laarai ho gayi,0
aaj hi sab khtaaam kar loonga,1
ab sab kahhtam kaarna hai,1
purani aadaat chhhor di,0
koi umeed nahi rahai ab,1
ghadi deh raha hoon bas wqat aa gaya,1
goliyaan kha li hain manie,1
main maran nahi cahhtta,0
gari ne maar dalla aaj,0
gas chhlua lga hai ab,1
zindagi se taang aa gya hooon,1
reslts ki tensioon hai,0
sab ko alvida keh rhaa hoon,1
pata hai zeher pi liya hai,1
mushkikl waqt hai par gzuar jayega,0
blddae se kalai kat li hai,1
koi umeed nhi rai ab,1
maaut hi rahat hai mere liyye,1
ab sab khtaam kanra hai,1
kaam boohaat tha par ho gaa,0
gas chlua laag hai ab,1
goliyan kha li hain maiine,1
sab ko alvida keh rhaa hono,1
mjhe {t} mara hai,1
rassi chat se banh di hai,1
buukrh hai kal se,0
rasis chhat se banh di hai,1
bohok se mar jaunag,0
ab maut chunnnni hai maine,1
aaj hi sab khattam kar looonga,1
"dst se larai ho gay, bura lag raha hai",0
maut naih chahye mujhe,0
aaj rata manra chahta hoon,1
zehre pi lya hai,1
himmt nhhai har rahi bas thaka hoon,0
kal chutui hai,0
mar jaoon to sab samajh jayenge,1
itni thaakan ke mar jan,0
dnuiay se jaaana chahta hoon,1
famly ke saath dinner kyia,0
purraani aadat chor di,0
nayya saaal pe nyai ummeedein,0
bre ho rha hooon aaj,0
yaar mushkil waqt hai par guzar jayega,0
"brrish ho rahi ha,i chai ke liye best",0
thaka hon par khhsh hoon,0
khudkkuushi ka soch raha hoon,1
cahi pi lo dukh khaatm,0
bor ho ke mar jaunnga,0
nayya saal pe naayi ummeedein,0
"barish ho rahi ha, chai ke liye bst",0
ab sab khatma krana hai,1
khhhudkushi ka soch raha hoon,1
ab muhje jena nai hai,1
zhere pi lya hai,1
"net slow hai aaj kal, seriously",0
exa ki tayarri chal rahi hai,0
ghr mein thodi larai ho gaiy,0
zeher pi lyia hai,1
kaaam bohhat tha par ho gaya,0
bhook se mar jaaugna,0
sab tehk chl raha hai,0
chaht se kudne walla hoon,1
himmt nahi har rahi bas thaka hoon,0
chhat se kdune wala hno,1
marrrne ka wqt aa gaaya hai,1
gamri bohaaat hai aaj kal,0
tarffic ne jaan nikkal di,0
dot mila bohat dino bad,0
ab sab khhatam karrna hai,1
garrmi bohta hai aaj kal,0
aaj raaat manra chahta hoon,1
salary aa gaiy is mahiine,0
man apni kali kaat raaha hoon,1
main marna chahhhi hoon,1
workouut ke baad jism dukh raha hai,0
gas chuula laaga hai ab,1
min maran cahhta hoon,1
pehle sochta tha ab naaih,0
book lagi hai yaaar,0
muat hi rahat hai merre liey,1
mushhkil waqt hai par gzuar jyega,0
dost mila bohat dino bda,0
trafifc ne jaan nikal di,0
mujhe bas mar jana he,1
bukhhhar hai kal se,0
boook se mar jaugna,0
akela feel kar raah hon aaj,0
khudkushi jaisi baat nahin,0
udaaas feel kar rha hon aaj,0
ab jeene ka dil nhahi karta,1
purani aat chhhor di,0
mar jaoooon to sab samajh jayenge,1
ned nhai aayi raat bhar,0
aaj mod achhah hai,0
main se ab kcuh nahi hoa,1
kal cuthti hai,0
bre ho raha hoon aaj,0
dost miila bhoat dino baaad,0
garmi ne maaar dala aaj,0
himmat nahi har rhi bas thaka hoon,0
sab teek chhal raa hai,0
naya saal pe nayi ummeedeni,0
thodi si khahsni hai bas,0
salary aa gyai is mahine,0
khudkshi ka soch raa hooon,1
neeend nahi ayai raat bhr,0
main marna nahi chahhta,0
I swear salary aa gayi is mahine,0
thdid si khansi hai bas,0
phanis laaga li hai,1
akkela feel kar raaha hoon aaj,0
garim ne maar dla aaj,0
gas chuhla lga hai ab,1
nened ki gliyan kha li bohat sari,1
akela feel kar raaha hooon aaj,0
fmaily ke saath dinnre kia,0
purani aadat chhhoor di,0
mujhe apnnni jan deni hai,1
"naa dama shuru kiya, stoy achhi hai",0
buahr hai kal se,0
"for real, aaj phir khud ko kaat baitha hoon",1
I swear zeher kharid liya aaj hi,1
 sab ko saalm main ja rhaa hoon,1
workotu ke baad jism duh raha hai,0
bohat pareshan hon kaam ki wajjah se,0
boore ho raaha hoon aaj,0
khudkkushi jaisi baat nhai,0
kama bohhat tha par ho gaay,0
worrkut ke baad jsim dukh raha hai,0
"therapy se behtar feel hota hai, not joking",0
net sllow hai aaj kal,0
garmi ne mra dala aaj,0
 sab ko slaam main ja rhaa hoon,1
thoi si khansi hai bas,0
thodda thaak hooon kaam se,0
golliyyan kha li haain maine,1
ab mujhe jnea nahi hai,1
blade se kalai kata li hai,1
mujhe anpi jaan deeni hai,1
mvoie aci lagi kal,0
mani maran chhta hoon,1
"naya drama shuur kyia, sotry achhi hai",0
khudkushi kana chhata hoon,1
zidagi khatam karna chahta hoon,1
uaas feel kar rahha hoon aaj,0
sir daadr kar rahha hai,0
ghadi dekkh raha hoon bas waaqt aa gaya,1
dadr meni hi skoon milta hai,1
mar jaaoon to sab samjah jayenge,1
thrapy se behatr feel hota hai,0
sab thheek chal rah hai,0
neend ki gliyan kha li bhoat sari,1
zer kahrid liya aaj hi,1
bkkhhar hai kal se,0
mvie achhhi lagi kal,0
zndagi khatam karna chahta hoono,1
boer ho raah hoon aaj,0
borre ho raah hooon aaj,0
aaj hi sab khattaam kar loonga,1
maain apni klai kaat raha hooon,1
muat hi rahta hai mere liye,1
aaj phir khud ko kaat baitha hu,1
kal chuutiit hai,0
traffic ne jaan nkkal di,0
ab man hamesha ke liye ja rahah hoon,1
cricket dekhnne ka pan hai,0
dadr mein hi skooon milta hai,1
sir drrad kar rhaa hai,0
duniay se jaana chahta hooon,1
mushkil waqt hai par guzra jayega,0
mian khud ko nqsan pahunchata hoon,1
golian kha li hain mane,1
neend ki gliyan kha li bohhat sarai,1
suokon nahi mila kahin,1
zindagi khatam karna chahhtta hoon,1
ghra mein thodi larai ho gaiy,0
aaj phir khud ko kaaat baitha hono,1
gas chhhuula laga hai ab,1
therapy se behtar feeel htoa hai,0
gas clhua lgaa hai ab,1
chhat se kudne walla hooon,1
duniya se jaana chahat hooon,1
bhoook lgi hai yaar,0
therapy se behtar fel hta hai,0
ab mujhe jenea nhhi hai,1
muhje bas mar jaan hai,1
family ke saat dinner kiya,0
ghadi dekh raa hoon bas waqt aa gaya,1
thooda thaka hoon kaam se,0
goliyan kha li hani mine,1
therapy se behtr feel hota hai,0
sab behtar hoga mrre bina,1
mushkil waqqt hai par guzar jayega,0
has has ke mar jaangga,0
mjhe maarna hai,1
fmaily ke saath dinnner kya,0
mueh {t} mrna hai,1
exxam ki tayari chal rahi hai,0
miin sab ka bojh hono,1
naya saal pe nayi ummeeddein,0
jeene ki himmat nahi raahi,1
paapa ke jaae ke baad maain bhi khatam,1
assignment khatam kar loon pirh dekhte hain,0
phansi laaga li hai,1
muhe marran hai,1
mar hi jaoon ga itin garmi min,0
kaam bohta tha par ho gaa,0
bhook se mar jaunnngga,0
khud ko nuqqsna nahi pahunchauna,0
sukno naahi milta kahin,1
main khud ko nsan pahunchata hoon,1
khuddkushi karna chahta hoon,1
bhooook lagi hai yaaar,0
purrrani aadat chhor di,0
naa saal pe nayi ummeedein,0
maain manra nahi chahta,0
bhook lagi hai yaaaar,0
itnni thakkan ke mar janu,0
trafic ne jaan niikal di,0
bkuhhar hai kal se,0
naya saal pe nayi ummmeedein,0
boohat pareshan hoon kaam ki waah se,0
moviie achhhi lgai kal,0
workout ke baad jissm duukh rhaa hai,0
himmt nahi har rhi bas thaka hon,0
ab maiin hameshha ke liye ja raah hoon,1
man sab ka boojh hon,1
bas thoda waqt aur phri mian katam,1
thoda thka hoon kam se,0
khudkushi ka soch rahaa hoon,1
main se ab kch nai hoa,1
"mar jaoon to sab samajh jayenge, not joking",1
kah neend na ttey kabhi,1
bukuar hai kal se,0
main sab ka bjoh hoon,1
chi pi lo duhk khatam,0
zidagi se tang aa gaya hooon,1
main marna cahhti hon,1
khud ko nuqsa nhi pahunchaunga,0
"ghar waalon se baat hui, sab khuush",0
dad meni hi sukoon milta hai,1
zehre kharid liyya aaj hi,1
koi uemmed nahi rahi ab,1
"gahr wallon se baat hui, sab khush",0
puani adat chhor di,0
ab jeee ka dil nai kata,1
traffic ne jan nikala di,0
ghadi dkh raha hoon bas waqt aa gaaya,1
sukoon nahi milta khaiin,1
main se ab kuuch nahi hot,1
has has ke mar jannag,0
move achhi lagig kal,0
bohko lgi hai yaar,0
purrni aaadat chhor di,0
bas thddoa waqt aur phir main khtaam,1
fmaily ke saath dinner kyia,0
bhook lagi hai yar,0
sab thheek cal raha hai,0
muujhe {t} mrnna hai,1
zeher kharrid liyya aaj hi,1
pehlle soctha tha ab nahi,0
sachi main se ab kuch nahi hota,1
bhoook se mar jaunag,0
cricket dekne ka plan hai,0
honestly sab ko alvida keh raha hoon,1
muje bas mar jana hai,1
ghadi dekh raha hoon bas waaqt aa gaya,1
aaj hi sab khatm kar loonnga,1
pahhnnsi laga li hai,1
ab jeene ka dil nahhi karta,1
khudkusi knra chahta hoon,1
"papa ke jaane ke baad main bhi khatam, I am done",1
"for real, marrne ka waqt aa gaya hai",1
mujhe ani jan deeni hai,1
aaj phir khud ko kaat baitha hoon,1
neennd nahi ayai raat bar,0
"naya drama suru kiya, story achhi hai",0
hmmat nahi har rahhi bas thaka hooon,0
mani se ab kuch nahi hoat,1
dots ke saath ghomne gaya tha,0
aaj mod achcha hai,0
therapy se behatr feel hota hai,0
ghadi dkh raha hon bas waqt aa gaya,1
mjueh bas mar jnaa hai,1
zher kharid liya aaj hi,1
kah neend na tootey kaabhi,1
aaj hi sab khataam kar loooonga,1
famiyl ke saath dinner kay,0
buukaahr hai kal se,0
zinndagi se tagn aa gaa hoon,1
"mujhe maaf kar deena sab ko, mani ja raha hoon",1
"match dkeha rata ko, mazza aaya",0
zindagi se tngn aa gaya hoon,1
sab behtra hoga mere bina,1
matu nahi chahiyye mujeh,0
ab sab khaatm kara hai,1
resuslt ki tennsion hai,0
andhera hi adera hai,1
kal cuhtiit hai,0
ab sab khaaam karan hai,1
min marnna chahta hoon,1
mani se ab khc nahi hota,1
muhje marna hai,1
akela feel kar rha hon aaj,0
mujhe {t} marra hai,1
aaj raat marna chahtta hoon,1
muueh bas mar jana hai,1
mai khud ko nusan pahunchata hoon,1
I swear thoda thaka hoon kaam se,0
grami boohat hai aaj kal,0
dost ke saah ghhoomne gaay tha,0
ab jeenne ka dil nhi krata,1
ghadi deh rhaa hoon bas waqt aa gaaya,1
salary aa gyai is mahne,0
andhera hi anndherra hai,1
ab jenee ka dil naahi kara,1
aaj phir kud ko kaat baaitha hoon,1
mar jaoon to sab samajh jaynege,1
maiin marna nahi cahta,0
"khudkushi karna chahta hoon, I am done",1
grmi boat hai aaj kal,0
akela feeeel kar raha hoon aaj,0
marrne ka wqt aa gaay hai,1
itni thakan ke mar jaanu,0
honestly cricket dekhne ka plan hai,0
bhook laggggi hai yaar,0
assignment khatam kar loon phiir dekhte hain,0
ghadi dekh raha hon bas waqt aa gya,1
ghar mein thoddi laari ho gayi,0
"khudkushi ka soch raha hoon, I am done",1
sab beaaar lagta hai ab,1
"maut nahi chahiye mujhe, seriously",0
muje apni jaan deni hai,1
borre ho rahha hooon aaj,0
alhamulillah ab theke hoon,0
mushkil waqt hai par guzar jeaga,0
zeehr pi lya hai,1
sallray aa gai is mahine,0
aaj hi sab khhhatam kar longa,1
khudkushi ka soch rhaa hoon,1
ab mian hamesha ke liye ja raaha hoon,1
gas chua laag hai ab,1
ab min hameesha ke liye ja raha hon,1
ahamdulillah ab thheek hoon,0
blaade se kaalli kaat li hai,1
tahka hoon par khussh hon,0
kudkushi kara chahta hon,1
sab ko alida keh rhaa hoon,1
khudkusshi ka sohc raha hon,1
kal cui hai,0
sab bekaaar lagata hai ab,1
eam ki tayari chal raahi hai,0
aaj hi sab khtaam kar looga,1
maut hi raaat hai meer liye,1
workout ke bad jism dkh raha hai,0
sukoon nahhi milta khn,1
udas fele kar rahha hoon aaj,0
bhhook se mar jauga,0
saary aa gayi is mahiine,0
ab maiin hamesha ke liey ja rahha hoon,1
ab zinagi achhi lag raaahi hai,0
mian se ab kuh nahi htoa,1
mushkil waqt hai par gzura jayega,0
thoodi si kannsi hai bas,0
gari ne maar dla aaj,0
khd ko nuqsan nahi phunchaunga,0
aaj phrri khud ko kaat baitha hoon,1
sab beakar lagta hai ab,1
jene ki himmat naih rahi,1
ini thaakan ke mar janu,0
caai pi lo dukh khatam,0
andhear hi andhra hai,1
boht pareshan hoon kam ki wajah se,0
"dost se laari ho gayi, buar lag raa hai",0
naa phnoe lyia hai,0
muhkil waqt hai par guzar jayegga,0
itni thakaan ke mar janu,0
sachi exam ki tayari chal rahi hai,0
nend ki golliyan kha li bhat saari,1
assingment khatam kar lon phir dekhhte hain,0
kal cutttti hai,0
alahmdulillah ab theek hooon,0
kaaaam bohta tha par ho gaya,0
kaaam bohat tha par ho gayaa,0
ab sab khatam karana hai,1
ab maaut chni hai maine,1
I swear koi umeed nahi rahi ab,1
"ghhar walon se baat huii, sab khush",0
ziindagi se tanng aa gaya hoon,1
main marnna naahi chahta,0
"chai pi lo dukh khatam, not joking",0
ab maiin hamesha ke liie ja raha hoon,1
zndagi se tang aa gaya hoooon,1
main se ab kuh nai hta,1
asssignment khatam kar loon phir dekhte han,0
gas chua laaaga hai ab,1
bas thoda waqt aur phir main khhatam,1
salary aa gaiy is maihne,0
"ab maut chuni hai maine, for real",1
dard mein hi skoon milta hai,1
bukhr hai kal se,0
"dsot se larai ho gayi, bura lag raha hai",0
bore ho ke mar jaaunga,0
aaj phir khud ko kaat baitha hon,1
sachi chai pi lo dukh khatam,0
gahr meni thodi larai ho gayi,0
ab sab khaatm karrna hai,1
muujhe bas mar jaan hai,1
muhje bas mar jnaa hai,1
has has ke mar jangga,0
main marna nhai cahat,0
grami ne maar daa aaj,0
purani aaadat chhhor di,0
papa ke jaane ke baad main bhi khattam,1
mujeh {t} mrana hai,1
neend ki goliyan kha li bohat saaair,1
anddheera hi andhear hai,1
aaj pihr kuhd ko kaat baitha hoon,1
naya poohne lya hai,0
maut nahi chahiiye mujhe,0
sukoon nhai miilta kahhin,1
sab bekkar laggta hai ab,1
faaimly ke saath dinnner kiya,0
mar hi jaoon ga ittni gamri meiin,0
ab zindagi achhi lag rhhaai hai,0
dosst ke sath ghoomne gaay tha,0
pehlle sohcta tha ab nahi,0
jeene ki himmat naahi rhai,1
man sab ka bjjoh hoon,1
bas thoda wqt aur phir maain khatam,1
akela fele kar rha hoon aaj,0
sir dardr kar raaha hai,0
bhook lai hai yara,0
zidagi se taang aa gaya hoon,1
workout ke baad jism duuhk raha hai,0
thaa hooon par khush hon,0
"dosst se larai ho gaayi, buar lag raha hai",0
ittni tahkan ke mar jun,0
"mujhe maaf kar dena sab ko, maiin ja raha hoon",1
ab mat chui hai maine,1
ble se kallai kaat li hai,1
boer ho ke mar jauna,0
ab main hamesha ke lye ja raa hoon,1
zehr khardi lia aaj hi,1
jeeee ka dil kaarta hai,0
sab theeeek chal raah hai,0
main se ab kuuch naahi hota,1
dost mliia bohat dnio baad,0
muhje {t} manna hai,1
mujhe aipn jaan deni hai,1
ppa ke jaane ke baad min bhi khatm,1
mushikl wqt hai par guuzar jayega,0
wrkout ke baad jism dukh raha hai,0
khudkushi ka socch rahha hon,1
khud ko nuqsan nhai pahunchaunga,0
movie achih laagi kal,0
sab behtra hoa mere bina,1
"dst se larai ho gayi, bura lag rahha hai",0
main khud ko nuqsan pahuncahtta hoon,1
ab muje jeeena nai hai,1
aaj hi sab khataam kar looga,1
aaj raat mrna cahhta hoon,1
ab main hamesha ke lie ja rhaa hon,1
purrani aadat chhohr di,0
ghar men thodi larai ho gai,0
udaas feel kar raha hon aaj,0
main se ab kucch nahi hota,1
sab bekaar laagga hai ab,1
thherapy se behtar feel hoota hai,0
zeher pi lyai hai,1
exxxam ki tayari chl rahi hai,0
rasis chhata se bandh di hai,1
purain aadat chhor di,0
bas thoda wat aur pir main khatam,1
main marnna nahi chhtaa,0
mani se ab kuch nahi hottta,1
main marrna chhahti hoon,1
"andhera hi andhera hai, not joking",1
main manra nahi chaaha,0
khd ko nuqsan nhai pahunchanuga,0
boore ho ke mar jaunnag,0
maut hi rahhat hai mere liye,1
marren ka wqt aa gaa hai,1
ab sab khaam kana hai,1
kam boht tha par ho gaay,0
naya pohne liya hai,0
jeeee ka dil karat hai,0
gmi ne maaar dala aaj,0
rseults ki teinon hai,0
aaj hi sab khama kar loongga,1
min se ab kuch nahhhi hota,1
"thodi si khansi hai bas, for real",0
bdle se kali kaat li hai,1
sab bhetar hoga mee bina,1
nend ki gooliyan kha li bohat saari,1
boe ho raa hono aaj,0
nend ki goliyan kha li bohat saarri,1
ghadi dekh raaha hoon bas wat aa gaya,1
suokn nahi milta kaihn,1
ab jeneee ka dil nahi karta,1
maiin marna chati hoon,1
"match dehka raat ko, maza ayaa",0
broe ho ke mar jauunga,0
aaj raat maran chahat hoon,1
zeher khhaid liyya aaj hi,1
aaj phir kuhd ko kaat baitah hoon,1
pahnsi lagag li hai,1
traffc ne jaan nikl di,0
zindagi se tnag aa gaya hon,1
itnni thaakan ke mar jaun,0
daard mein hi sukon milta hai,1
zindagi se tan aa gyaa hoon,1
koi uemeed nahi rahi ab,1
ab jene ka dil nahai karta,1
zhheer pi liay hai,1
"main se ab kuch nahi hota, not joking",1
sab bkeara lagta hai ab,1
bot pareshan hoon kam ki wajah se,0
ab mjuhe jena naahi hai,1
grmmi bohat hai aaj kal,0
ab min hamesha ke liye ja raha hoon,1
mar joaon to sab saamh jayenge,1
andera hi anhdera hai,1
muje maraan hai,1
mar jaoon to sab saamjh jeaynge,1
bade se kalai kaat li hai,1
ghai deh raha hoon bas waqt aa gaya,1
sir drad kar rahha hai,0
dard mein hi sukoon milat hai,1
workout ke baad jsim dukh raah hai,0
"match dekha rata ko, maza aaya",0
saalary aa gayi is mahine,0
mar hi jon ga itni gamri mein,0
 sab ko salam main ja raa hoon,1
khudkushi ka sch raha hon,1
zeher karid lia aaj hi,1
trfafc ne jaan nkial di,0
traaffic ne jaan niikal di,0
bhook se mar jaaaunga,0
yaar bhook lagi hai yaar,0
pelhe sohtta tha ab nahi,0
khudksuhi ka soch rhaa hoon,1
marne ka waqt aa gya hai,1
jeee ka dil karra hai,0
gar mein thodi larai ho gayyi,0
boe ho ke mar jaugga,0
assignment khatam kar loooon phir dekhte hain,0
dard mein hi suokon milat hai,1
aaj phri khud ko kaat baittha hoon,1
aaj phir khud ko kta baitha hoon,1
thaka hoooon par khush hoon,0
udaaas feel kar raahha hoon aaj,0
ab sab khaatam kran hai,1
ab min hamesha ke liey ja raha hon,1
rssi chat se banhd di hai,1
 sab ko salam man ja raha hnoo,1
koi umed nai raih ab,1
khudushi jisi baat nahi,0
I swear garmi bohat hai aaj kal,0
naya saal pe naiy ummeeedein,0
kahi aisa soocha nahi,0
sab theek chaal raaa hai,0
gas cha laga hai ab,1
ab mjuhe jena nahi hai,1
maut nahi chhahiye mujhe,0
aaj mood ahcca hai,0
chhat se kudne wallla hoon,1
ab sab khatam kaarrrna hai,1
ittni thakan ke mar jun,0
muhe mna hai,1
ema ki tayari chhal rahi hai,0
gas cuhua laga hai ab,1
aaj raaat marna chahta hooon,1
mujhe {t} mrana hai,1
aaj phiir kuhd ko kaat baiitha hoon,1
ziindagi se tanng aa gaya hon,1
aaj phir khhud ko kaat batha hoon,1
ppaa ke jaane ke bad maiin bhi khatam,1
naay saal pe nayi ummeedein,0
pehle sochhta tha ab nhi,0
"ghar wlaon se baat hui, sab khuhs",0
koi ummeed nai raih ab,1
kam bohhat tha par ho gaaya,0
sab theke chal raaha hai,0
bas thoda waqt aur phiir mnai khatam,1
main se ab kuch naahi hoota,1
puraani aaat chhor di,0
"matcch dekha rata ko, maza aaay",0
muat hi rahat hai merre liye,1
"mjuhe maaf kar dena sab ko, main ja raha hoon",1
dots mila bohat dnio baaad,0
assiggnment khatam kar loon pir dekhte hain,0
boe ho rha hon aaj,0
mushkil waqt hai par guuazr jayega,0
net sooow hai aaj kal,0
marnre ka waqqt aa gaya hai,1
bore ho rahha hoon aaj,0
zheer khraiid liya aaj hi,1
andhra hi andera hai,1
moie achhi lai kal,0
"naya drama shruu kiya, story achhi hai",0
jeene ki himmat nahi rahhi,1
pehle scha tha ab nahi,0
exam ki taayri chaal rahi hai,0
khudksuhi ka soh raha hoon,1
circket dehne ka plan hai,0
family ke saath dinnr kiya,0
honestly assignment khatam kar loon phir dekhte hain,0
mushkil waqt hai par guzar jyaga,0
zeher kharrid liya aaj hi,1
khudukshi ka scoh raha hoon,1
pehle socha tha ab naih,0
therapy se bhttar feel hoa hai,0
muhje {t} mannra hai,1
jeee ki himmt nahi rahi,1
gas chaul laga hai ab,1
mujheh bas mar jana hai,1
thodi si kahnsi hai bas,0
sir ddr kar rahha hai,0
andddhera hi adnhera hai,1
thaka hoon par khhush hooon,0
phsni laga li hai,1
slaary aa gayi is mahhhine,0
zeher kahrrid liyya aaj hi,1
himmat nahi har rahi bas taka hono,0
neend nahi aayi raat bar,0
sab theeek chla rahha hai,0
gas chlla laga hai ab,1
naaya phoe liya hai,0
aaj phir khud ko kat batha hoon,1
mushkil waqqt hai par gzar jayega,0
zindagi khatam karna chahta hu,1
"mujhe mafa kar dena sab ko, main ja rahha hoon",1
ab muut chhuni hai maine,1
zeher kahrd liya aaj hi,1
chhhat se kuuudne wala hoon,1
ghhhadi dekh raha hoon bas waqt aa gaya,1
hiimmat nahi har rahi bas takka hoon,0
duniay se jana chahta hoon,1
pansi laaga li hai,1
mar joaoon to sab samajh jayenge,1
sallary aa gaiy is mahnie,0
main apni kaai kaat raha hoon,1
bohat pareshan hooon kaaam ki wajah se,0
"maatch dekha raat ko, maza aaaya",0
assignmeent khatam kar loon phir dekhte hain,0
"barish ho rahhi hai, chaai ke liye bst",0
zindagi se tang aa gyaa hon,1
nayya saal pe nayi ummeedein,0
marrne ka waqqt aa gaya hai,1
andhera hi andhera he,1
maut hi rahat hai meerre liye,1
bhok laig hai yar,0
akela fele kar raa hoon aaj,0
nya saal pe naayi ummedeein,0
kama boaht tha par ho gaaya,0
 sab ko salam man ja rha hoon,1
mooive achhi lgai kal,0
kassh nend na tootey kabhi,1
mjeh apni jaan dni hai,1
sab beekaaar laga hai ab,1
neend nhi aaayi raat bhar,0
sir drd kar rhaa hai,0
"barish ho rhi hai, cahi ke liye beest",0
main mrna chahta hon,1
yaar thodi si khansi hai bas,0
resluts ki tennsiion hai,0
exam ki tyaari chal raih hai,0
garmmi booat hai aaj kal,0
sarlay aa gayi is mahine,0
"barish ho raih hai, chhia ke liye best",0
sallry aa gyi is mahine,0
kabhi aisa scoha nahi,0
ab zinddgai achhi lag rhi hai,0
sab bakar lgta hai ab,1
koi ueeed nahi rahi ab,1
main khd ko nuqsna pahunchata hoon,1
bhhook lagi hai yaaar,0
dots mial bohat dino baad,0
"muje maaf kar dnea sab ko, main ja raha hoon",1
thkkaa hoon par khush hoon,0
gar mien thodi larai ho gaayi,0
"naya drama shhuru kiya, sttory achhhi hai",0
thoda thka hon kam se,0
honestly zeher pi liya hai,1
"barish ho rahi hai, chai ke liye best, not joking",0
itni thaaakan ke mar jaun,0
pahansi laga li hai,1
purani aadat chhhor di,0
maut hi raht hai mere liye,1
"barish ho rahi ha,i chai ke liey best",0
khuudkushi karna chahta hoon,1
"macth dekha rat ko, maza aya",0
ab jeen ka dil nai karta,1
sukoon nahi miilat kahin,1
ab jeeene ka dil nhi krta,1
aaj ka din tkee tha,0
sab theeek cal rhaa hai,0
man sab ka bohj hoon,1
duniya se jaana chhahta hoon,1
"family ke saath dinner kiya, I am done",0
"dost se lari ho gayyi, bua lag raha hai",0
garmi ne mara dalla aaj,0
muhe apni jaan dein hai,1
net slwow hai aaj kal,0
dots ke saath goomne gya tha,0
ab matu chuni hai maine,1
chi pi lo dukh kahatm,0
kabhi aissa soha nahi,0
khudkushhi karna chaahta hoon,1
yaar thaka hoon par khush hoon,0
I swear udaas feel kar raha hoon aaj,0
boore ho raha hoon aaj,0
khudkushi jaiis bat naih,0
therapy se behtar feel hta hai,0
ab maut cuni hai maine,1
sab bhetar hoga mre bina,1
main marna chaat hon,1
"mtch dekha raat ko, mzaa aaya",0
blade se klai kaat li hai,1
purai aaat chhhor di,0
aaj pir khd ko kata baitha hoon,1
"naya drama suru kay, story achhi hai",0
goliyyan kha li hian mine,1
phansi lgga li hai,1
eam ki tarai chal rahi hai,0
ab zindgi achhi lag raahi hai,0
aaj phr khud ko kata baitha hon,1
ab maut cnhui hai maine,1
matu nahi chahiye mujeh,0
thodi si khaaansi hai bas,0
gas chula lag hai ab,1
phle sohta tha ab nahi,0
"aaj hi sab khatam kar loonga, not joking",1
bhko lai hai yaar,0
khudkushi jasii baat nahi,0
papa ke jaane ke baad mani bhi khatam,1
zhre kharid liyya aaj hi,1
khudkushi karna chhata honno,1
ab maut chuuni hai maaine,1
ab mujhe jeena nahi h,1
nyaa sala pe nayi ummeeedein,0
workout ke baad jism dukh rha hai,0
gadi dekh raha hoon bas waqt aa gya,1
muujhhe {t} maran hai,1
rasis chhta se bandh di hai,1
thoid si khnsi hai bas,0
"maut nahi chahiye mujhe, I am done",0
"ghar walon se bat hi, sab khhush",0
thhaka hoon par khuhs hon,0
mujhe marnnan hai,1
zidnagi se tang aa gaa hoon,1
aaj raat marna cata hooon,1
therapy se bhetar feel hoota hai,0
ghar mein thodi lari ho gaayi,0
khudkushi ka soch raha honno,1
sir daarrd kar rha hai,0
bas thooda waqt aur phr main khaam,1
man marna chahhti hoon,1
adhera hi andhera hai,1
"match dekha rat ko, maaz aaya",0
chai pi lo dukh khattam,0
phansi lgaa li hai,1
mar jaon to sab saajh jayenge,1
thoad tahka hoon kam se,0
muhe {t} mrnna hai,1
ab zinadgi achhi lag rhai hai,0
kaam bhoat tha par ho gya,0
mujhe apni jaaaan deeni hai,1
aaj pihr khud ko kaat baitha hoon,1
garmmi ne maaar dala aaj,0
mjuhhe mara hai,1
puraani aadat chor di,0
ab jeene ka dil nahi kaarat,1
kal cuutti hai,0
exam ne maaaaar dala,0
ab mjuhe jeeena nahi hai,1
kabhi aais socha nahhi,0
mueh bas mar jaan hai,1
khhud ko nuqsan nhi pahunchhaunga,0
thi si khasi hai bas,0
chia pi lo dhuk khatam,0
yaar workout ke baad jism dukh raha hai,0
neend nahi ayi raat bahr,0
rassi chaht se bandh di hai,1
ab zidagi achhhi lag rahi hai,0
taka hoon par khush hoon,0
mar hi jaoon ga itnni gaarmi mein,0
thhoda thaka hoon kaaam se,0
thoda tahak hoon kaam se,0
mar jaoon to sab samh jayenge,1
thoid si khannsi hai bas,0
sab ko alvda keh raah hooon,1
duniya se jaaa chahat hoon,1
ab mjuhe jeena nai hai,1
sab bekara latga hai ab,1
honestly aaj ka din theek tha,0
reeuslts ki tension hai,0
alhamdulillah ab tehhek hoon,0
kal chuti hai,0
sachi aaj phir khud ko kaat baitha hoon,1
"main marna chahta hoon, not joking",1
zindgai khatam karna chahta hoon,1
kal cuhit hai,0
akela fle kar raha hoon aaj,0
min apni kaai kaat raha hooon,1
himmat nahi har rhai bas thaka hoon,0
dsot mla bohat dino baad,0
mar hi jaoon ga intni garmi mein,0
bas thhoda waqqt aur phir main khaatam,1
maut nahi chhaiye mujhe,0
ab sab khaatam karrrna hai,1
kash neen na tootey kabhi,1
zhr pi liiya hai,1
exam ne maar daaaal,0
sab ko avidad keh raha hoon,1
bre ho raah hon aaj,0
main marna chhahti hoon,1
mar hi jaoon ga itni grrmi men,0
bhukaar hai kal se,0
move achhi laig kal,0
"mujhe maaf kar dean sab ko, mian ja rahha hoon",1
dsot ke sath ghoonme gaya tha,0
therapy se behtr fel hta hai,0
kal chutttit hai,0
"aaj phir khud ko kaat baitha hoon, I am done",1
kaam bhta tha par ho gya,0
uas feel kar rha hoon aaj,0
"muhje maaaf kar dena sab ko, main ja raha hoon",1
sab bethar hoag mree bina,1
mujhe apni jaan dni hai,1
udas feel kar raaha hoon aaj,0
mjjhe bas mar jaa hai,1
gami ne maaar dala aaj,0
famiy ke satah dinner kiya,0
aaj phiir khdu ko kaat biatha hoon,1
main se ab kuch nahi hta,1
bore ho ke mar jaonga,0
aaj hi sab khaatam kar lnga,1
criicket dekkhne ka plna hai,0
golyan kha li haain maine,1
bhook se mar jaaungga,0
itin thakna ke mar jaun,0
"dost se laarai ho gayi, bura lag raha hai",0
mian marna chahti hooon,1
"workout ke baad jism dukh raha hai, I am done",0
mjhe marna hai,1
zindagi se tng aa gayyya hoon,1
andhera hi anndhear hai,1
gaari bohat hai aaj kal,0
marrnne ka waqt aa gaaya hai,1
khudkuhi karna chaahta hon,1
kabhi aisa socha nhi,0
zeher khaird liay aaj hi,1
alhamduilllah ab tehek hoon,0
chi pi lo dukh khatam,0
main se ab kuch nahi hoooa,1
boore ho raah hon aaj,0
salary aa gayi is mahhiine,0
sab bekaar lagta h ab,1
ghadi dekh raha hoon bas waqt aa gyaa,1
assignment khatm kar loon phir dkhte han,0
khud ko nuqan nahi pahunchaunga,0
aaj hi sab khhatm kar loonga,1
kal chutuit hai,0
"naya dramaa shuru kiya, story achhi hai",0
bore ho ke mar jangna,0
neend ki goliyan kha li bhoaat saari,1
saalary aa gayi is mihne,0
maut nai chahye mujhhe,0
pehle schat tha ab nai,0
kabhi aisa soca nahi,0
boore ho ke mar jaunag,0
naya phone liya h,0
maut nahi chahiye mjhe,0
thoodi si khnsi hai bas,0
tahhka hoon par khush hon,0
ab sab khhtam karnna hai,1
phanssi laa li hai,1
sachi has has ke mar jaunga,0
mujjjhe bas mar jana hai,1
"barish ho rahi haii, cai ke liye besst",0
udaas feel kar raah hoon aaj,0
adhhea hi andhera hai,1
phani laag li hai,1
"ghaar waoln se baat hui, sab khush",0
bhooook lagi hai yar,0
"match dekha raat ko, maza aaayya",0
mar jaoon to sab smaajjh jaynege,1
kuhdkushi ka soch rha hoon,1
udaas feeel kar raaha hoon aaj,0
 sab ko slaam maain ja raha hooon,1
"ghr walon se bat hui, sab khush",0
"mujhe maaf kar deena sab ko, main ja raha hoon",1
main marna chta hon,1
mujhe apnpi jan deni hai,1
kabhi aisa soccah nhai,0
ab muhe jeena nhai hai,1
sab ko avlida keh raa hooon,1
gas clua lga hai ab,1
zeer pi liiay hai,1
sab beekaar lagggta hai ab,1
udaas feelle kar raha hoon aaj,0
cricket deknhe ka plan hai,0
main khuud ko nuqsan pahunchtaa hoon,1
kabi aias socha nahi,0
khudkusi jaisi baat naih,0
main marna chaahti hon,1
chhat se kune wala hooon,1
matu hi raaht hai merre liye,1
thoi si khasni hai bas,0
goliayn kha li hain maine,1
chhat se kunde walla hoon,1
mar jaooon to sab samajh jayeneg,1
bohk se mar jaunga,0
thaka hon par khussh hon,0
khudkushi karra chahta hoon,1
faily ke saath dinneer kya,0
man marna niah chahta,0
sab theek chal raha hai,0
exam ki taayari cahl rai hai,0
aaj phir khuud ko kaat baitha hon,1
rasis chhat se banddh di hai,1
andehra hi andrha hai,1
main marna nahi cahtta,0
mauuut hi rahat hai meere liye,1
mar hi jaoon ga itni garmi meeni,0
zere pi lia hai,1
mjjuhe {t} marna hai,1
assiignment khaam kar loon phir dekthe hain,0
"mtch dekha rat ko, maza aaya",0
gammi boaht hai aaj kal,0
maut hi rahat hai mere liyye,1
"naaya drama shuru kiya, stroy ahhi hai",0
mar jaono to sab samajh jayegne,1
ab ziindagi ahchi lag raahi hai,0
"ghar waln se baaat hui, sab khsh",0
ab mjhe jeena nhai hai,1
gas cuhla lgaa hai ab,1
jnee ka dil katra hai,0
kahi aisa scha nahi,0
ab jene ka dil nahi karta,1
boko se mar jaunga,0
zeeehr kharid lya aaj hi,1
sachi main marna nahi chahta,0
aklea feeel kar raha hoon aaj,0
main mana naih chahta,0
kaam bohat tha par ho gaayya,0
"ab sab khatam karna hai, not joking",1
zindagi se tang aa gaya hooon,1
main appin kalai kaat raha hoon,1
maain se ab kuch nhi hota,1
itni thaan ke mar janu,0
gariim ne maaar dala aaj,0
garmi ne mar daala aaj,0
sab ko aviida keh rha hoon,1
alhaamdulillah ab thek hon,0
blde se kalia kaat li hai,1
thoda thaak hon kaam se,0
ab mujhhe jena nahi hai,1
main sab ka bojh hon,1
chhat se kduune wala hon,1
kal chuuttti hai,0
sab ko allvida keh raah hoon,1
papa ke jaen ke baad mani bhi khatam,1
aaj hi sab khatm kar looag,1
mujhhe appni jaaan deni hai,1
"mujhe maaf kar dean sab ko, main ja raa hooon",1
thoda thaka hono kama se,0
ab mtau chuni hai mane,1
 sab ko slama main ja rhaa hoon,1
movie ahchi lgi kal,0
zeehher pi lia hai,1
sab ko aivda keh rha hoon,1
"naya darama shuru kiya, story achi hai",0
mani se ab kuuch nahi hota,1
sachi zeher kharid liya aaj hi,1
main khud ko nuqsan pahunchata hu,1
borre ho rah hoon aaj,0
phansi laaa li hai,1
mrrne ka waqt aa gayya hai,1
khudkushi jiasi baat nahi,0
rassi chhat se banh di hai,1
khudkushi karna chahta hoon,1
 sab ko salllam main ja raha hon,1
gas chlau laa hai ab,1
zeehr kardi liya aaj hi,1
"kaam bohat tha par ho gaya, seriously",0
"barish ho rhi hai, chai ke liye best",0
thkaa hon par khush hon,0
bukhkar hai kal se,0
sab bkear lagta hai ab,1
main marna naih chahhta,0
zindagi se tang aa gaaya hon,1
neend nahhi ayai rat bhar,0
sab bhtar hoa mere bnia,1
khudkusi karna chahta hoon,1
exm ne mara daala,0
sab theeek chal rha hai,0
"pata hai dost se larai ho gayi, bura lag raha hai",0
kash nend na tootey kahbi,1
ab maiin hamesha ke lyie ja rha hoon,1
man marnna nahhi chahta,0
sir dad kar raaah hai,0
anddehra hi adnhera hai,1
ab zindagi ahhchi lag rahi hai,0
has has ke mar juagnga,0
zindai katam karna chaha hoon,1
naay saal pe nayi ummeeddein,0
bore ho ke mar jaauna,0
mar hi jaono ga itni garmi mien,0
net sllwwo hai aaj kal,0
"alhamdulillah ab theek hoon, seriously",0
ghadi dekh raha hon bas wqat aa gaa,1
broe ho rha hoon aaj,0
khudkushi jaii baaat nahi,0
manni marna chaahta hoon,1
ab sab khaatam karna hai,1
sukoon nhi milat khin,1
jeeene ka dil kra hai,0
mani khud ko nuqqsan pahhunchata hoon,1
gas chlua lgga hai ab,1
family ke saath diiner kiya,0
maarrne ka waqt aa gaay hai,1
ab sab khtam karran hai,1
man khhud ko nuqsan pahunchata hon,1
reultts ki tenion hai,0
mani marna naih chahtta,0
khud ko nuqsan nai pahunchauga,0
bohok se mar jauunga,0
"naya drama shuru kiya, story achhi hai, I am done",0
eaxm ki tayarri chal rahi hai,0
koi umed nhai rhi ab,1
goliaan kha li haain maine,1
kash nend na tootey kahi,1
"ghar walon se bata hui, sab khhush",0
"mathc dekha rat ko, mzaa aaya",0
"ghr wlaon se baat hui, sab khush",0
kash neend na totoye kbhi,1
udaaaas feel kar raha hoon aaj,0
maain apni kaali kaat raha hon,1
duinya se jaana cata hoon,1
udaas fel kar rahhha hoon aaj,0
mauut hi rahat hai mere liye,1
ab matu chuni hai maien,1
aaj mdo ahcha hai,0
garrmi ne mar daala aaj,0
bhoook lggai hai yaar,0
koi umed nhai rai ab,1
"ghhar walon se bat hui, sab khush",0
 sab ko salam maiin ja raha hooon,1
miian manra chahta hoon,1
zindgai khatam krna chahhta hoon,1
ab mian hamesha ke liye ja rahha hoon,1
"for real, ab mujhe jeena nahi hai",1
sab behtar hooga mere bina,1
koi umede nahhi rhai ab,1
bhook se mar jnag,0
assignment khatam kar lono phir dekhte hin,0
sab bkra lagta hai ab,1
jene ka dil kra hai,0
assignmeent khatam kar lon phir dekhte haain,0
main maara chahti hooon,1
sab baear lagat hai ab,1
mar hi jaaoon ga itni garmi meeni,0
khd ko nuqsan nahi pahnnchaunga,0
"ghar walon se bata hui, sab khush",0
mar jaoon to sab samajh jyennge,1
himmat nhai har rahi bas thaak hooon,0
ab jnee ka dil nahi karta,1
skuoon nai mlta kahin,1
"pata hai barish ho rahi hai, chai ke liye best",0
ahlamdulillah ab teek hooon,0
ab mujhe jeena nhai hai,1
boer ho ke mar jaunag,0
sab ko alvida keh raaa hoon,1
kaam bohhat tha par ho gya,0
"naya draa shuru kiya, story achhi hai",0
main se ab kuch naaaih hota,1
cricket dekkhne ka plan hai,0
zindagi khatam kana chahta hoon,1
thdi si khannsi hai bas,0
net slow hai aaj kal,0
ghadi dekh rha hono bas waqt aa gaya,1
crictke dekhne ka pan hai,0
"jeene ka dil karta hai, I am done",0
"mujhe maaf kar dena sab ko, man ja raaha hono",1
trafic ne jaan nial di,0
thhaka hoon par khush hoon,0
mjhhe bas mar jna hai,1
maani khud ko nuqsan pahunchata hoon,1
pata hai bohat pareshan hoon kaam ki wajah se,0
main se ab kuuch nahi hoota,1
mian sab ka bohj hoon,1
zidagi se tng aa gaya hoon,1
"barish ho rahi hai, chai ke liiye besst",0
"sachi naya drama shuru kiya, story achhi hai",0
dosst ke saath goomne gaya tha,0
koi umed nai rahi ab,1
bhooook lagi hai yaar,0
neend ki goilyan kha li boohat sarai,1
thaka hoon par khh hoon,0
bas thoda waqt aur phhir main kaatm,1
pehle sochta tha ab naahi,0
sab ko alviida keh raha hooon,1
traffiic ne jaan nikal di,0
gahr mein thodi larai ho gayi,0
kama boohat tha par ho gaya,0
taka hono par khush hoon,0
khhud ko nuqsan nahi pahuncaunga,0
therapy se behtar feel hoat hai,0
ab zindagi acchhi lag rahi hai,0
ghar mein toid larai ho gai,0
zindagi khaattm karna chahta hoon,1
movviie achhi lagi kal,0
"match dekah raat ko, maza aaya",0
bohook se mar januga,0
has has ke mar jaaunngga,0
movie achhi laig kal,0
khud ko nusqna nahi pahunchaunga,0
ghdai dekh raha hoon bas wqat aa gaa,1
sab bekkraa lagta hai ab,1
zindagi khatam karna chhta hoon,1
worrkout ke baad jism dukh raa hai,0
chai pi lo dukh khhaam,0
khudkushi kara chahta hon,1
mani sab ka bjh hooon,1
pehle socha tha ab nahi,0
prai aaadt chhor di,0
garrrmmi ne maar dala aaj,0
garmi ne maara dala aaj,0
marrne ka waqt aa gyaa hai,1
zehre khardi lyia aaj hi,1
marrne ka wqat aa gyaaa hai,1
bkuhr hai kal se,0
min sab ka boh hooon,1
"barish ho rahi hai, chhai ke liye best",0
puranni aadat chhor di,0
aaj moood acha hai,0
main se ab kuhc nahi hooota,1
bukkhhra hai kal se,0
goliian kha li han maine,1
mujhe bas mar jannnna hai,1
rasi chhaat se bandh di hai,1
aaj raaat marna chaa hoon,1
bhoook lagi hai yara,0
muje bas mar jaan hai,1
famly ke saath dinner kiya,0
salry aa gai is mahien,0
mjuhe bas mar jaana hai,1
kal cututi hai,0
ghar meeein thodi laraai ho gayi,0
ab sab khaatm krna hai,1
family ke saaath diner kiay,0
dost mila bohta dnio baad,0
mujhe bas mar janna hai,1
I swear sab ko alvida keh raha hoon,1
ab main hamesha ke liye ja rha hoon,1
mjhe bas mar jna hai,1
mhue bas mar jana hai,1
exam ne maaar daal,0
zindagi se tnag aa gyaa hoon,1
assignment khatam kar loon phhir dekhte hain,0
zindagi se tang aa gayyya hoon,1
reults ki tnesion hai,0
thaaka hoon par khsh hon,0
mar jaon to sab saamjh jayenge,1
bre ho ke mar jaanuga,0
aaj raat marna chahat hoon,1
yaar zeher pi liya hai,1
mujhe {t} marnnna hai,1
kal chtuttti hai,0
neend nahhi aaiy raaat bhar,0
ab jeeene ka dil nahi kaarta,1
marrren ka wat aa gaya hai,1
jene ki himmmat nai rahi,1
andheera hi ahnera hai,1
sukoon nahhi milta kaahin,1
"dost se larai ho gayi, burar lag raha hai",0
bhok laggi hai yaaar,0
sab behtar hoga mee biaan,1
bhook lagi hai yara,0
 sab ko slaam main ja raa hoon,1
main apni kaaai kaat raa hoon,1
boer ho rhaa hoon aaj,0
sab theek cahl rha hai,0
has has ke mar jannga,0
blade se kalai ktaa li hai,1
crikcet deekhne ka plan hai,0
faamily ke sath dinner kiya,0
cai pi lo duuhk khatam,0
main khud ko nuqssan pahunchata hoon,1
mujhe appni jaan dnei hai,1
maut hi rahat hai merre lye,1
dard menni hi sukoon millta hai,1
mujhe api jaan dnei hai,1
cricccket dekhne ka plan hai,0
anddhera hi andherea hai,1
aaj hi sab katam kar looona,1
zeehr khraid liya aaj hi,1
zinddagi khatam karna chahta hon,1
main marrna nahi chhahta,0
thoid si khnasi hai bas,0
salary aa gayi is mhine,0
bukarh hai kal se,0
zndagi khatam karna chaahta hoon,1
faamilly ke saah dinner kiya,0
bukuhar hai kal se,0
gollyan kha li hain maine,1
sab ko alvida keh rha hoon,1
drd meein hi sukoon milta hai,1
bas thdda waqt aur phir main khatam,1
"barissh ho rahi hai, chaai ke liey best",0
dst ke sath ghoome gaya tha,0
zeehr pi lyai hai,1
zehr kharid lyia aaj hi,1
aaj moood ahah hai,0
ghar mein thodi laria ho gaayyi,0
bas toda waqqt aur phir min khatam,1
chhat se kunne waal hoon,1
mejh {t} marna hai,1
muuhe marna hai,1
"naya drama shuuru kiya, sotry achhi hai",0
 sab ko slam main ja raaha hoon,1
andhera hi anehra hai,1
naay phone lia hai,0
neend ki golyan kha li bohat sarai,1
aaj pir khud ko kaat batiha hoon,1
kal chtuuti hai,0
aaj mod ahhcha hai,0
kama boht tha par ho gayya,0
trffic ne jaan nikkal di,0
koi umeed nahhi rhaai ab,1
sir darrrd kar raha hai,0
puanri aadat chohr di,0
zeher khariid liyya aaj hi,1
zeehhr pi liay hai,1
thoda takka hoon kaam se,0
traffc ne jaaaan nikal di,0
doost mia bohat diino baad,0
itni thhakn ke mar jaaun,0
itni thhakkan ke mar jaun,0
kash neeend na tootey kabbhi,1
zindagi khatam karnna cahhtta hoon,1
goliyan kha li haiin mane,1
exm ne mar dala,0
jene ki himmat naahhi rahi,1
ab maut chuni hai maien,1
sab bhtar hoga mre bina,1
I swear sab behtar hoga mere bina,1
bhoko se mar jungga,0
khudkuushi ka soch raha hon,1
aaj raat maarrna chahta hoon,1
kuhd ko nuqsan nahi pahunchaunga,0
aaj hi sab khtaam kar loogna,1
aaj phri khd ko kaat baitha hoon,1
"koi umeed nahi rahi ab, not joking",1
duniya se jaana chahta hoooon,1
chhat se kuden waal hoon,1
thoda thaka hon kaam se,0
mrrne ka waqt aa gaaya hai,1
suooon nahi milta kahin,1
bkuhaar hai kal se,0
net sllo hai aaj kal,0
ab mtau chhuni hai maine,1
results ki tension h,0
workout ke baad jism dkuh raha hai,0
assignment khaatam kar loon phhir dekhte hani,0
goliyan kha li hain maien,1
bas thoda wat aur phir main khaatm,1
man mrana chahti hooon,1
gas chullla lga hai ab,1
ab zindagi achi lag rahi hai,0
chai pi lo duk khatam,0
family ke satah dinner kyia,0
has has ke mar jauna,0
mujhe marn hai,1
sab bekaaar laagta hai ab,1
naya phne lya hai,0
 sab ko salam main ja raha hoon,1
"exam ki tayari chal rahi hai, for real",0
"I swear ghar walon se baat hui, sab khush",0
boohat pareshan hooon kaam ki wajah se,0
khudkushi jaisi baat naai,0
chhat se kue waala hoon,1
ab sab khattam kanra hai,1
purani aadat chohor di,0
mushkil wat hai par guzar jaayeega,0
gas chuula lgga hai ab,1
jeene ka dil kaaart hai,0
mani marna chhati hoon,1
aaj hi sab katm kar loonga,1
mar jaoon to sab samajh jyenge,1
bas thoda wqat aur pihr man khatam,1
ab main hmaesha ke liye ja raaha hono,1
sir daadr kar raha hai,0
exam ki taayri chla rahi hai,0
sab beara latga hai ab,1
naya pone liya hai,0
gas cuhal laag hai ab,1
pehle soocta tha ab naahi,0
buuhhar hai kal se,0
kam bohhat tha par ho gaa,0
ab mujjhe jeeena nahi hai,1
ab jeene ka dil naih karta,1
exam ne maar dla,0
ghaddi dekh raaha hoon bas waqt aa gaaya,1
sachi exam ne maar dala,0
muujhe marrrna hai,1
slary aa gayi is mahine,0
koi ueed nhai rahi ab,1
main kud ko nuqsan pahuunchata hoon,1
andhera hi andhrea hai,1
zinagi katam karna chahta hoon,1
"dost se larai ho gayi, buura lag raha hai",0
inti thaakan ke mar jan,0
mar hi jaoon ga iti garmi mein,0
marrne ka waaqt aa gyyaa hai,1
zindagi se tang aa gya hon,1
sab ko avda keh raha hono,1
purani aaddat chhhor di,0
"ghaar walon se bata hui, sab khush",0
boer ho ke mar jaungga,0
rsasi chht se badnh di hai,1
moive achhi lgi kal,0
gas cla lga hai ab,1
thdi si kahni hai bas,0
khud ko nuqsan nhi pahunchaunga,0
khudkushi ka sohc rahha hoon,1
naa saal pe naiy ummeedein,0
sab behtar hoga meer bniia,1
ghaadi deh raha hoon bas waqt aa gaay,1
phasni lagga li hai,1
"for real, kash neend na tootey kabhi",1
zindagi khaam karna chaaahta hoon,1
zeher kharid liiiya aaj hi,1
pappa ke jaane ke baad min bhi khaatam,1
"dots se larai ho gayyi, bura lag rahha hai",0
ini thaakn ke mar jaun,0
sab bekaaaar lgata hai ab,1
sab behttr hoga mre bina,1
ab maain hamesha ke liye ja rhaa hoon,1
ghar men thodi laaari ho gayi,0
"gar waalon se baat hui, sab khsuh",0
mar hi jaon ga itni garmmi mein,0
kud ko nuqsan nahi pahunchanuga,0
"naya drama shuru kiya, storrry achhi hai",0
kabbhi asa socha nhi,0
dost ke sath ghoomne gaaya tha,0
reslus ki tension hai,0
famiily ke saath dinner kiya,0
khukushi karna chhata hooon,1
jeeen ki himmta nahi rahi,1
nayya phonne liya hai,0
maut hi rahat hai mere liyyye,1
mar hi jaon ga itni garmi min,0
bas toda waqt aur phiir mian khatam,1
main maraan chahti hoon,1
darrd mein hi sukkoon milta hai,1
zindagi khatam kanra chahta hon,1
sab theek cahl raa hai,0
zehher pi liyya hai,1
udasa fel kar rahha hoon aaj,0
jeene ki himmat nhaai raahi,1
sukon nahi milta kaahin,1
"mach dekha raat ko, maza aaya",0
kaam bohhat tha par ho gaya,0
ab jnee ka dil nhai karta,1
alhaduillah ab theek hoon,0
mjhe apni jaan deni hai,1
udaas feel kar rhaa hoo aaj,0
goliyn kha li haain mane,1
aaj raat marrna chaahta hono,1
exam ne maaaar daa,0
aaj phir khuud ko kaat baiitha hoon,1
"mujhhe maaf kar dena sab ko, main ja raha hno",1
slarry aa gayi is mahine,0
aklea feeel kar raha hon aaj,0
"dost se larai ho gayi, bua lag raha hai",0
salary aa gyi is mahne,0
ab muujhhe jeena nahhi hai,1
zindagi khatam kana chhta hooon,1
purni adaat chhoor di,0
bhoko se mar janga,0
sab ko alviiida keh rha hoon,1
zeeeher pi lya hai,1
jeeeene ka dil kartta hai,0
rsasi chhat se baandh di hai,1
koi umeed nhi rahhi ab,1
boht pareshan hoon kaam ki waajh se,0
sachi itni thakan ke mar jaun,0
exm ki tayari chla rahi hai,0
sukoon nai mitla kaihn,1
buuar hai kal se,0
exam ki tayari calh rahhi hai,0
ab mujhe jeea naih hai,1
assignment khaatam kar loon phir dekhte han,0
ab sab kahtm karan hai,1
salayr aa gyi is mahine,0
kaam bohhaat tha par ho gaya,0
ab jene ka dil nahi kaara,1
reusls ki tension hai,0
mar jaon to sab saamjh jayege,1
bukkhaar hai kal se,0
jeeene ki himmat nahhi rahi,1
I swear chai pi lo dukh khatam,0
peehle soochta tha ab naih,0
mian marna cahtta hoon,1
muujhe bas mar jaaan hai,1
bore ho ke mar jaanuga,0
main manra chahit hoon,1
workout ke badda jims dukh raha hai,0
breo ho raha hoon aaj,0
main apnni kalai kaat raaha hoon,1
udas feel kar raha hono aaj,0
garmi boht hai aaj kal,0
duniiya se jaanna chahta hoon,1
bhook se mar jaanugga,0
garrrmi bohat hai aaj kal,0
ghaar mein thodi larai ho gayi,0
exam ki taayri chal raih hai,0
gas chhua laga hai ab,1
sab behtar hga merre binna,1
"barish ho rahi hai, chai ke lye best",0
mjjhe bas mar jaana hai,1
papa ke jaane ke baaad mnai bhi khatam,1
ab znidagi ahchi lag rahi hai,0
mar jooon to sab samjh jayenge,1
peehle sochtta tha ab nhai,0
aaj raat mrana chahat hoon,1
mushkil watq hai par guuar jayega,0
salaarry aa gayi is mahine,0
family ke saah dnner kiya,0
"mujhe maaf kar dena sab ko, mani ja raha hoon",1
aaj phhir khud ko kat baitha hooon,1
anddhera hi andheera hai,1
kam bohat tha par ho gay,0
drd mein hi suokon milta hai,1
has has ke mar jaaugna,0
 sab ko salma maiin ja raha hoon,1
neennd ki gloiyan kha li bohat saari,1
gas cua laaga hai ab,1
teehrapy se behtar fel hota hai,0
gari booaht hai aaj kal,0
jeene ki hmmat nahi rhi,1
kaam bohat tha par ho gaaay,0
main apni kaia kaat raha hono,1
tohddi si khansi hai bas,0
sab beakr lgata hai ab,1
bas thohda waqt aur phir mian khatam,1
khudkushi jisi baat naahi,0
bohat pareshan hoon kama ki waajh se,0
bore ho raahha hoon aaj,0
bas thoda waqt aur phir main khaatm,1
ab jeene ka dil nai karata,1
itin thakaan ke mar jaun,0
sachi bore ho raha hoon aaj,0
main maran nahi chaat,0
goliiyan kha li hin maien,1
khudkushi karan chhahta hono,1
aaj mod ahcha hai,0
bukkaar hai kal se,0
worrkoout ke baaad jism dukh raha hai,0
 sab ko salm man ja raha hoon,1
aaj phri khdu ko kaat baaitha hoon,1
dard mein hi sukoon milta hai,1
garrmi ne maar dala aaj,0
bas thoda waqt aur pihr main khattaam,1
salary aa gayi is maaihne,0
golayn kha li hain mane,1
ab zinadggi achi lag rahi hai,0
maiin mrnna chahti hoon,1
sir daadr kar raaha hai,0
zerhe pi liya hai,1
ab jeenne ka dil nai karta,1
duniya se jaana cahta hoon,1
gami ne maar dala aaj,0
main sab ka bojhj hono,1
muhskli wat hai par guzar jayega,0
gloiyan kha li hain maaie,1
"for real, alhamdulillah ab theek hoon",0
aekla feel kar rahha hon aaj,0
dost ke saath ghoomne gyaa tha,0
mar hi jaoon ga itnni garmi mein,0
broe ho raa hon aaj,0
doost ke saaht ghoomne gaya tha,0
zeher khraid liay aaj hi,1
main apin kaai kaat raha hon,1
alhamdulilllah ab theek hoon,0
kud ko nuqsan nahi pahunchaungga,0
rassi chhta se banhd di hai,1
udaas feel kar rahha hon aaj,0
aaj pihr kud ko kaaat baitha hoon,1
gai boohat hai aaj kal,0
ddar meni hi sukoon milta hai,1
mushkil watq hai par guzar jyega,0
kaama bohat tha par ho gya,0
puurani aadt chhor di,0
aaj raat marnna chahta hoon,1
I swear duniya se jaana chahta hoon,1
mut nahi chahiye muje,0
andheea hi anhera hai,1
himmat nahi har rahi bas thaak hooon,0
khudushi kara chaahta hoon,1
ab zindai achhi lag rhi hai,0
aaj ka din teheek tha,0
iti takan ke mar janu,0
garmi ne mar daaala aaj,0
"ghaar wlon se baat hui, sab kush",0
pata hai kal chutti hai,0
goliyaan kha li haiin maaine,1
kal chtuit hai,0
family ke sath dinner kiiya,0
papa ke jaane ke baaad min bhi khataam,1
thaka hon par khuh hoon,0
trraffic ne jan nikal di,0
sab bekaar lgatta hai ab,1
sir dard kar rahha hai,0
"ghar walon se bata hui, sab khussh",0
bas thoa waqt aur phiir main khatam,1
bore ho ke mar jaanga,0
mani khud ko nuqsan pahunchata hoon,1
bohat parehan hoon kaaam ki wajah se,0
sukoon nahhi milat kahin,1
muhskil waqt hai par guuzar jyaega,0
gas chuhla lgaa hai ab,1
inti thakna ke mar jan,0
"mujhe maaaf kar dena sab ko, man ja raha hono",1
ghadi dekh raa hon bas waqt aa gaya,1
aaj hi sab khatma kar looga,1
sukoon nahi miila kahin,1
mani se ab kuch nahi hoa,1
bkuhar hai kal se,0
 sab ko salam main ja rhhaa hoon,1
aaj raat mara cahhta hon,1
yaar  sab ko salam main ja raha hoon,1
jene ki himmmat nhi rahi,1
"barish ho rai haii, chi ke liye best",0
mujhe mrnna hai,1
khudkushi jisai bata nahi,0
salary aa gayi is mahiine,0
has has ke mar jaaaunga,0
dard mein hi sukoon milta h,1
rsulsst ki tension hai,0
family ke saath dinnr kia,0
ab jeeen ka dil naahi kartta,1
bohat pareshna hon kam ki wajah se,0
mian se ab kuch nahi hota,1
"ghaar wlaon se baat hui, sab khuhs",0
ab zindagi achhi lag rahi h,0
"mujhe maaf kar dena sab ko, mian ja raha hon",1
cahi pi lo dukh kataam,0
"dost se larria ho gayi, brua lag raha hai",0
bohok lagi hai yara,0
mujhe ani jan deni hai,1
itni tahakan ke mar jaun,0
ab maain hamesha ke liye ja raha hon,1
sachi naya phone liya hai,0
thodi si khnssi hai bas,0
bre ho rhaa hon aaj,0
andheera hi andheaar hai,1
papa ke jaane ke baad maain bhi khaam,1
man khud ko nuqqsan pahunchhata hoon,1
kaam bhhat tha par ho gaa,0
maiin mana chahta hoon,1
aaj raat marna chaah hoon,1
workout ke baad jsim dukh raha hai,0
ab jeene ka dil naahi kaarta,1
koi umeed nai raahi ab,1
mjhe apin jaan deni hai,1
jeeene ki himat nahi rahi,1
"barih ho rhai hai, chai ke liye best",0
min mana chahti hono,1
akela feel kar rah hon aaj,0
bhoko se mar jauunga,0
nyaa phnoe liya hai,0
"dosst se laarai ho gayi, bura lag raha hai",0
"match deka raat ko, mzaaa aaya",0
neend nahih aayi raat bar,0
honestly thaka hoon par khush hoon,0
goilyaan kha li hain maine,1
"bohat pareshan hoon kaam ki wajah se, for real",0
sir ddr kar rha hai,0
bore ho raha hono aaj,0
"barish ho rahi hai, chai ke lyie best",0
sukon nahi mliat kahin,1
ab jeenne ka dil nhi karrta,1
has has ke mar jnaga,0
naa saal pe nyi ummeedein,0
dunniya se jaana chahta hooon,1
akela feel kar raah hoon aaj,0
"sachi match dekha raat ko, maza aaya",0
doots ke satah ghoomne gaya tha,0
"main khud ko nuqsan pahunchata hoon, not joking",1
neend nahi ayai rata bar,0
ghar meiin thoid larai ho gayi,0
andhrea hi andhera hai,1
gaarmi bhta hai aaj kal,0
"barish ho rhi haai, chai ke liye besst",0
udaas feeel kar rahha hoon aaj,0
thaka hono par khush hoon,0
sab behtar hga mre bia,1
naa saaal pe nayi ummeedein,0
naay sal pe nayi ummeedein,0
naya sala pe nai ummeedein,0
pehle shota tha ab nahi,0
jenee ki himmat nahi raaahi,1
booorre ho raha hoon aaj,0
aaj pir kuhd ko kaat baitha hon,1
gami bht hai aaj kal,0
koi uemed naahi rhai ab,1
min sab ka bojh hoon,1
sab theek chala raha hai,0
muhe bas mar jaa hai,1
dst ke satth ghoomne gaya tha,0
thad thaka hon kaam se,0
dst ke saath gooomne gaya tha,0
"maatch dekhha raat ko, maza aaya",0
main apni kalai kaaat rha hono,1
jeenne ka dil kata hai,0
"net slow hai aaj kal, I am done",0
ab maaut cuni hai maine,1
papa ke jaaane ke baad main bhi khatam,1
trfafic ne jaan niikal di,0
uadas fele kar raha hon aaj,0
famiy ke saath dinre kiya,0
main maran nai chahta,0
thdooi si khansi hai bas,0
dot mila bhoat dion baad,0
bok se mar janga,0
mian se ab kuhc nahi hota,1
"muujhe maaf kar dea sab ko, main ja raha hoon",1
mar jaoon to sab sammjah jaynge,1
phsain laga li hai,1
sab bhhetar hoga mere bina,1
dsot mila bohhat dion baad,0
fammilly ke saath dinner kia,0
goliyyan kha li hain mine,1
thaka hoon par khsh hoon,0
thoad thaka hoon kam se,0
rssi chht se banh di hai,1
crricket dekhne ka pan hai,0
thkaa hoon par khush hoon,0
rsasi chhhaat se bandh di hai,1
mararrne ka waqt aa gaya hai,1
akela fel kar rhha hoon aaj,0
khudkushi jaiissi baat nahi,0
family ke saath dinnner kya,0
main khud ko nuqsan pahunhcata hono,1
bade se kaaai kaat li hai,1
thodi si khhhnasi hai bas,0
anddera hi andhera hai,1
dost miila bohat dno baad,0
zindgi se tang aa gaya hon,1
mushkil wqt hai par guzar jayeeag,0
ab mue jeena nai hai,1
maut hi rht hai mere liyye,1
phhani laga li hai,1
gliyan kha li hain maaine,1
alhamddulillah ab theek hon,0
needn ki goliyan kha li bhat sari,1
cahi pi lo dukkh katam,0
yaar koi umeed nahi rahi ab,1
bre ho ke mar juangga,0
grmi ne mara dala aaj,0
sab ko allvda keh raha hoon,1
marne ka waqt aa gaaya hai,1
marre ka wqat aa gaay hai,1
blde se kalai kat li hai,1
thooodi si khani hai bas,0
sab beekaaar laagta hai ab,1
yaar alhamdulillah ab theek hoon,0
mian se ab kuhc nahi hoota,1
khudkusi ka soch raha hoon,1
wokout ke baad jism dukh raha hai,0
main khud ko nuqsan pahunchtaa hooon,1
main maarna chahti hoon,1
khudkushi krana chahhta hooon,1
ab zidnagi acih lag rahi hai,0
jeene ki himmaat naih rahhi,1
exam ki tayrai chal rahi hai,0
ab mut chuni hai maine,1
maut hi raahat hai mere lie,1
buahhr hai kal se,0
mujhje bas mar jana hai,1
mujhe {t} marran hai,1
main sab ka bojjh hoon,1
"yaar mujhe maaf kar dena sab ko, main ja raha hoon",1
mjhe anpi jan deni hai,1
ab jeene ka dil naahi karta,1
jeeen ka dil kaarta hai,0
golliyna kha li hain maine,1
exam ne mar dlaa,0
marne ka waqt aa gaya hai,1
"bore ho ke mar jaunga, for real",0
"barish ho rahi hai, caahi ke lie best",0
goliyan kha li hin maaiine,1
zindaggi ktaam karna chahta hoon,1
mar hi jaoon ga inti garmi meni,0
mian marna chahhta hon,1
main ani kaai kat raha hoon,1
ab mauut chuni hai maiine,1
sab bhetar hoga mere bnna,1
neend nhe aayi raat bhar,0
main sab ka bojoh hon,1
naa pone liya hai,0
"marrne ka waqt aa gaya hai, not joking",1
 sab ko saalm maain ja raha hoon,1
dunniya se jana chaha hoon,1
maain sab ka bohj hon,1
udasa feel kar rahha hon aaj,0
zindagi se tnag aa gaay hoon,1
mian mannra chahta hoon,1
jeeen ka dil krarta hai,0
zeher karid lyai aaj hi,1
neend ki goliyaan kha li boat saaari,1
mani maarna nai chahta,0
koi uemmed nhi rahi ab,1
honestly chhat se kudne wala hoon,1
phnai laa li hai,1
aaj hi sab khatam kar loog,1
pnai laga li hai,1
alhamdulilah ab theek hoon,0
sir dad kar raaha hai,0
boko lagi hai yaar,0
"dst se laai ho gayi, brua lag raha hai",0
raais chhat se bandh di hai,1
ab main hamsha ke liye ja raha hoon,1
jeee ki himta nahi rahi,1
gas culla laag hai ab,1
neend nhai aayi raat bhar,0
zndaagi se tang aa gaaya hoon,1
"math dekha rat ko, maza aaya",0
gas chal laaga hai ab,1
exm ne maar daa,0
akella fel kar raha hoon aaj,0
mueeh bas mar jana hai,1
exam ki tayari chal rhi hai,0
ab jene ka dil nai karta,1
therpy se behtar fele hota hai,0
thodi si khnasi hai bas,0
jeeen ki himmmat nahi rhai,1
" sab ko salam main ja raha hoon, not joking",1
gmri bhat hai aaj kal,0
thhoda thaak hoon kaam se,0
neend nahin aayi raat bhar,0
aaj ka din theeek tha,0
"mujeh maaf kar dnea sab ko, main ja raha hoon",1
udaas fel kar raa hoon aaj,0
himmat nhai har rahi bas thaka hoon,0
bohat pareshan hono kaaam ki waah se,0
ghaddi dekh raha hoon bas watq aa gayya,1
mvoiie ahhi lagi kal,0
 sab ko salam min ja raha hoon,1
ab jeeeen ka dil nahi karta,1
"workout ke baad jism dukh raha hai, for real",0
garmmi boohat hai aaj kal,0
 sab ko slaam main ja raha hooon,1
alhamdulilalh ab theeek hooon,0
mujhe bas mar jaaan hai,1
blae se kalai kaat li hai,1
"match dekha rat ko, maza aaya",0
mhje {t} marna hai,1
"maut hi rahat hai mere liye, not joking",1
ab mat chuni hai maei,1
boore ho raah hooon aaj,0
neend naahi ayai raat bhar,0
sab ko alivda keh raah hoon,1
mar jaooon to sab sammajh jayeneg,1
bohat paresshan hoon kaaam ki wajah se,0
bhoook se mar juanga,0
muskhil waqt hai par guar jayega,0
cahi pi lo dukh khatm,0
bhoo se mar jaunga,0
purani aadaaat chhor di,0
zehre krhid liya aaj hi,1
pehle sochhta tha ab naahi,0
maani se ab kuch nahi hota,1
dot mila boat dino baad,0
main mraa chahta hon,1
khudkushi ka soch raha hono,1
chat se kudne waa hoon,1
"phansi laga li hai, I am done",1
"main sab ka bojh hoon, I am done",1
yaar main marna chahti hoon,1
thda thka hon kaam se,0
mat hi raaht hai mere liye,1
khudkushi jiassi baat nahi,0
zehhre pi lya hai,1
hmiat nahi har rahi bas thaka hoon,0
aaj pihr khhud ko kaat baitha hon,1
bhooat pareshan hoon kaam ki wajah se,0
assignment khatam kar loon phir dehte hain,0
sukoon nahi miilta kaahin,1
taha hoon par khhush hoon,0
"naya saal pe nayi ummeedein, not joking",0
prani aadat chhhr di,0
sab bekaar ltgta hai ab,1
khudkushi karna chahta hooon,1
sir darad kar raaha hai,0
mujhhe bas mar jana hai,1
bore ho raha hoooon aaj,0
andhera hi anddhera hai,1
thoooda thkaa hoon kaam se,0
honestly ab jeene ka dil nahi karta,1
sachi sukoon nahi milta kahin,1
mar hi jaoon ga itni garmi min,0
ab muujhe jena nahi hai,1
ab zindgi achhi lag rahi hai,0
sab behtr hoga mere biina,1
garmi boahat hai aaj kal,0
aaj hi sab khattam kar loona,1
results ki tesioon hai,0
kahbi aissa socha nahi,0
"mujhe maaf kar dea sab ko, mani ja raha hoon",1
nya sal pe nai ummeedein,0
pele sochtha tha ab nahi,0
itin thaaakan ke mar jaun,0
main se ab kuch naih haot,1
garmmi bota hai aaj kal,0
eam ne maaar daala,0
adnhera hi andehera hai,1
I swear main marna chahti hoon,1
exam ne mara dla,0
anndhera hi andhera hai,1
criicket dekhne ka plan hai,0
main api kalai kaaat raha hono,1
khudkusih ka sch raha hon,1
kaash neend na tootey kabhi,1
main marna nhi chata,0
sab bekaar lgagta hai ab,1
andehra hi andhhera hai,1
ab maut chnui hai maien,1
dosst ke saaath ghoomne gayya tha,0
garim ne maaar daala aaj,0
bohok se mar jauunag,0
kudkushi ka socch raha hoon,1
ab man hamesha ke liye ja raha hoon,1
bukkhr hai kal se,0
ab sab khhtam karna hai,1
khudkushi jasi baat nahhi,0
zindagi katam karna chahta hoon,1
kaaam boha tha par ho gaya,0
sir dard kar raha hai,0
mar hi jan ga itni gamri mein,0
mian marna nai chahta,0
"cricket dekhne ka plan hai, seriously",0
mar hi jaon ga itn garmi mein,0
koi umeed nahi rhhai ab,1
himamt nahi har rahi bas thakkka hoon,0
maut naai chahiiye mujhe,0
sab bekaar lagt hai ab,1
mar hi jaoon ga itin garmi mnei,0
sukoon nahi mlita kanh,1
aaj hi sab katam kar loong,1
mjueh bas mar janna hai,1
muhhje bas mar janna hai,1
jene ka dil kaatra hai,0
yaar kaam bohat tha par ho gaya,0
udaaas feel kar raha hooon aaj,0
ghar mein thodi larai ho gaiy,0
ab mjhje jeena nahi hai,1
saary aa gai is mahine,0
assinment khatm kar loon phir dekhet hain,0
zeehr kharid liya aaj hi,1
aaj raat maran chahat hon,1
borre ho ke mar jauna,0
dost mila bohat dno baad,0
nend ki goliyn kha li bohat sari,1
puranni aadat chhhro di,0
nyaa saaal pe nayi ummedein,0
andhera hi anndhar hai,1
musshkil waqt hai par guuzaar jayega,0
purnai aadat chohor di,0
mni mara chahta hoon,1
mushikl waqt hai par guzar jaygea,0
mar joaon to sab samjah jaenge,1
workout ke bad jism dukkh raha hai,0
aaj rata maran chahta hoon,1
exaxm ki taari chal rahi hai,0
zeehr pi liiiya hai,1
chhat se kuden wala hoon,1
"purani aadat chhor di, for real",0
yaar maut hi rahat hai mere liye,1
maaut hi raahat hai mere liiye,1
aaj ka din tek tha,0
"for real, zeher pi liya hai",1
gas chla laaga hai ab,1
kaam bhat tha par ho gya,0
zindgai se tang aa gayya hoon,1
purani aadat chor di,0
jeene ka dil kratta hai,0
thda thaak hoon kaam se,0
"mujhe maaf kar dena sab ko, main ja rahha hooon",1
"nayya drama shuru kiya, story ahhi hai",0
buukhr hai kal se,0
paap ke jaaanne ke baad main bhi khatam,1
duniya se janaa chahta hoon,1
andhera hi anndhrea hai,1
mushkil waqt hai par guzar jagyea,0
boer ho ke mar jauuunga,0
bohat pareshan hoon kaam ki wajjah se,0
mhue {t} mana hai,1
main marna nhe chahta,0
zeher khardi liiya aaj hi,1
 sab ko sallam min ja raha hoon,1
ab matu chuni hai maiine,1
khudkushi karna chhata hooon,1
zindagi se tnag aa gaaya hooon,1
gas chua laa hai ab,1
sab beakra laagta hai ab,1
bhook se mar jaauunga,0
"dost se larai ho gayi, bura lag raha hai, for real",0
aekla feel kar rha hoon aaj,0
zehere pi liyya hai,1
muuhe bas mar jaa hai,1
kaaam bhoat tha par ho gaya,0
rsasi chat se baandh di hai,1
mut nahi chahiye mujhhe,0
jene ka dil karat hai,0
bukkkhra hai kal se,0
"barsih ho rahi hai, chai ke liye best",0
ittin thakan ke mar jaaun,0
ab jeene ka dil nahhi krata,1
nend ki goliiyan kha li bohat saari,1
khudkushi karna chahtaa hoon,1
ab mtu cuhni hai maine,1
akeal feel kar rha hoon aaj,0
muujhe mana hai,1
main khhhud ko nuqsan pahunchata hoon,1
salary aa gaaiy is mahne,0
exam ne mra dla,0
"match dehka raat ko, maaz aaya",0
ab zindagi achhi lag raih hai,0
andhera hi andhear hai,1
workout ke baaad jims dukh rahha hai,0
exm ki tayari cal rahi hai,0
mar hi jaoooon ga itni garmi meein,0
"match deka rat ko, maza aaya",0
saary aa gaayi is mahien,0
thoad thakka hoon kaam se,0
dard mein hi sukon miilta hai,1
dard mein hi suukoon mlita hai,1
dost ke sath ghoomne gaya tha,0
naya sal pe nayyi ummeedein,0
zhhre pi liya hai,1
ab maut chni hai maine,1
"naya drma shuru kiya, story achhi hai",0
buhhra hai kal se,0
andehra hi andra hai,1
zer kharid lia aaj hi,1
muhje {t} maar hai,1
neennd nahi aayi raat bhhar,0
papa ke jaanne ke bada main bhi katam,1
sab behtar hoga mere binna,1
sab teek chal raa hai,0
bukuhra hai kal se,0
marren ka watq aa gaya hai,1
dard mein hi sukono mlat hai,1
"garmi bohat hai aaj kal, not joking",0
ittni thakaan ke mar juan,0
man marna chhata hoon,1
koi umeeed nai raahi ab,1
assignment khtam kar loon pir dehte hain,0
dost mila bhoat dinno baad,0
rassi chhat se bndh di hai,1
udaas feel kar raaah hooon aaj,0
alhamdulillh ab tehk hoon,0
neend ki goliyn kha li boohat saari,1
maut hi rahat hai mre liyye,1
gadi dekh raha hoon bas wqt aa gaya,1
bore ho ke mar jung,0
bohat pareshan hoon kama ki wajjah se,0
khudkuhsi ka soch raha hoon,1
gami bohata hai aaj kal,0
jeenne ki himmat nahi rahi,1
kudkushi karna chahta hon,1
akkela feeel kar rhaa hoon aaj,0
sab behtr hgooa mere bina,1
ab maiin hameha ke liye ja raha hoon,1
gmi ne maar daal aaj,0
gmi ne maar dala aaj,0
chhat se kuuudne wala hoon,1
"family ke saath dinner kiya, seriously",0
"naya drama shuru kiiya, story achhi hai",0
duniya se jaa chahta hoon,1
mar jan to sab samajh jayenge,1
aaj raat marna chahta hoooon,1
maaut hi rahhat hai mere liiye,1
jeene ki himmaat nahi rahi,1
kabhi aisa soocha nhi,0
chhaai pi lo dkh khatam,0
nyaa saal pe nayi ummedeein,0
nya phone liay hai,0
gaami bohat hai aaj kal,0
marrne ka wqat aa gya hai,1
moviie achi lagi kal,0
alhamudlillah ab theek hoon,0
faamily ke saath diinner kiya,0
"dost se larai ho giya, bura lag raha hai",0
gahdi dekh raha hoon bas waqt aa gaya,1
rasssi chhat se baanh di hai,1
zindagi khatam karna chahat hono,1
"naya drama shuru kya, story achhi hai",0
pata hai kaam bohat tha par ho gaya,0
salary aa gai is mahie,0
main apnni klaai kaat raha hon,1
"barish ho rahhi hai, chai ke liye bset",0
kal chhuuti hai,0
worrkuot ke baad jism dukh rhaa hai,0
khuddkushi ka soch raha hoon,1
traaffic ne jaaan nikkal di,0
aaj raat mrna chahta hooon,1
honestly khud ko nuqsan nahi pahunchaunga,0
bas thoda waqt aur phir main khtam,1
alhamduliillah ab tek hoon,0
main se ab kuch naih httoa,1
adhera hi adhera hai,1
jene ki himmat nhi raahi,1
maain se ab kuch nai hta,1
kah nend na tootye kabhi,1
maiin khud ko nuuqasn pahunchata hoon,1
boe ho ke mar juanag,0
ab sab kahtam krana hai,1
dard mein hi sukoon miltta hai,1
zehhr pi liya hai,1
neend ki goliyan kha li boaht sarai,1
itni tahkan ke mar jun,0
mujhe ani jaan deeni hai,1
phassni lagga li hai,1
tehrapy se betar feel hota hai,0
zeehr kharid lia aaj hi,1
bukrh hai kal se,0
zindagi khatam karnna cahhta hoon,1
mar jaoon to sab saajh jaaenge,1
sab behtr hgoa mere bina,1
pehle sohcta tha ab nahi,0
khudkusshi jaisi baat nahi,0
khuudkushi karnna chahta hooon,1
mje apni jaan dei hai,1
thoad thaaka hoon kaam se,0
mina sab ka bojh hono,1
gas chula laagaa hai ab,1
iitn thakan ke mar jaun,0
thhaka hoon par khush hoono,0
goillyan kha li hain maine,1
sab ko alvdai keh raha hoon,1
cricket dkehne ka pan hai,0
"khudkushi jaisi baat nahi, seriously",0
thhoad thaka hooon kaam se,0
"barihs ho rahi hai, chai ke liye best",0
maiin khud ko nuqsaan pahunchtaa hoon,1
yaar exam ne maar dala,0
jeene ka dil katar hai,0
 sab ko salam man ja raa hoon,1
maut nahi chahhiye mujhe,0
koi umeeed nahi raih ab,1
bhk se mar jaunag,0
matu nahi chhiye mujhe,0
garmi ne maaaar daa aaj,0
mujhhhe marna hai,1
bhook se mar januag,0
zindagi se tagn aa gayya hon,1
goliyan kha li hain maaein,1
bohat pareshan hooon kaam ki wajaah se,0
jeene ki himmat naih rhhai,1
purani aadat chhooor di,0
zeehr khrid liya aaj hi,1
mjhe bas mar jaan hai,1
nend ki goliyan kha li bhoat saaari,1
bohaat pareshan hoon kaam ki waaah se,0
sab ko avidda keh rahha hoon,1
sir dada kar raha hai,0
zeehre pi lia hai,1
thaaka hoon par khush hon,0
chai pi lo duh khatama,0
maut hi rahaat hai mere lie,1
muje mara hai,1
ab min haamesha ke liye ja rhaa hoon,1
ab main hammeesha ke liye ja raha hon,1
mujhe mana hai,1
ziindagi khatam karna chahta hoon,1
traffic ne jan nila di,0
thooda thka hoon kaaam se,0
himmat nahi har rai bas thakka hoon,0
"muujhe maaf kar dena sab ko, main ja raha hoon",1
duniya se jaana chahat hoooon,1
bas thoda waqt aur phhiir main khatam,1
mar jaoon to sab saajh jyenge,1
chhat se kudne wla hoooon,1
garmi bhot hai aaj kal,0
buhr hai kal se,0
papa ke jaane ke baad mani bhi khatma,1
pehle sochhta tha ab nahi,0
maini marna chahti hooon,1
thaa hoon par khsh hon,0
kabhi aisa socha naih,0
ghadi dekh raha hoooon bas waqt aa gaya,1
bhko lagi hai yaar,0
I swear bohat pareshan hoon kaam ki wajah se,0
sab behtar hoga meree bna,1
cai pi lo dukkh khattam,0
boe ho raah hon aaj,0
puuurani aaadat chhor di,0
nened ki golyian kha li bohat saari,1
"match dekha raat ko, maza aaya, seriously",0
jeene ki himmat naahi rahi,1
mani sab ka boojh hoon,1
mar hi jaoon ga itni garmi meni,0
bas thoda waqt aur phhir main kahtam,1
rasssi chat se banh di hai,1
ab jeenee ka dil nahi karta,1
need nahi aayi raat bhar,0
"kash neend na tootey kabhi, I am done",1
cickt dekhne ka plan hai,0
itin thhakan ke mar jaun,0
naaay saal pe nayi ummeedein,0
ab zindagi ahhi lag rhi hai,0
"zindagi se tang aa gaya hoon, seriously",1
therapy se behtar fel hoota hai,0
exam ne mara dlaa,0
ghadi dekh raha hu bas waqt aa gaya,1
alhamdulillah ab theeek hono,0
sukon nai milta kahhin,1
bas thoda waqt aur phhir main khatam,1
mushkli waqt hai par guzar jaayega,0
kal chti hai,0
bukrha hai kal se,0
mujeh bas mar jaaana hai,1
moive achhi laggi kal,0
kabhi asia socha nahhi,0
faimly ke saaath dinnner kiya,0
rasis chht se badnh di hai,1
mujhe {t} mrnna hai,1
"for real, sukoon nahi milta kahin",1
alhamduliillah ab theek hon,0
sab bekkkar lagta hai ab,1
khudkushi karna cahat hoon,1
muje maaran hai,1
khudkushi jaiis baaat nahi,0
mjhe maaarna hai,1
sir dard kar rah hai,0
mar jaono to sab samajh jayege,1
purni adat chhor di,0
gami bhta hai aaj kal,0
cai pi lo dukh khatam,0
alahmdullilah ab teek hoon,0
nya phone liyya hai,0
"muhe maaaaf kar dena sab ko, main ja raha hoon",1
akela feeel kar raha hono aaj,0
andea hi adnhera hai,1
ghar mien thodi larai ho gayi,0
"mujhe maf kar dena sab ko, maain ja raah hoon",1
sir dad kar rah hai,0
main kuhd ko nuqsan pahuncahta hoon,1
ab jee ka dil nahi karta,1
doost ke saath ghoomne gya tha,0
ahamdulillah ab teek hon,0
maiin se ab kuch nahi hota,1
thraapy se behar feel hota hai,0
 sab ko salaam main ja raha hoon,1
duniya se janaa chaha hooon,1
khuduskhi karna chata hoon,1
marren ka wqt aa gaya hai,1
garrmi both hai aaj kal,0
results ki tensnion hai,0
"bas thoda waqt aur phir main khatam, for real",1
sukono nahi mlita kaahin,1
ab jeene ka dil nahhi kaa,1
akla fel kar raha hooon aaj,0
mjhe bas mar jan hai,1
zeher pi lyya hai,1
reslts ki tensiion hai,0
iti thaakn ke mar jun,0
sab ko avida keh rhaa hoon,1
kaaam bohat tha par ho gyaa,0
min apni kalai kaat raha hono,1
marrne ka wat aa gya hai,1
kam bhoat tha par ho gaya,0
dadr min hi sukoon milta hai,1
hmimat nahi har rahi bas thaka hoon,0
khhud ko nuqsan nahi pauhnchaunga,0
sir daddr kar rhaa hai,0
koi umeed nai rhi ab,1
khudkuhsi jaisi baat nahi,0
man se ab kuch naih hota,1
sab bekkaar laa hai ab,1
aaj hi sab khataam kar longa,1
marrne ka waqt aa gay hai,1
chat se kudne wla hon,1
khudkushi karaan chahta hoon,1
"ghra walno se baat hui, sab kush",0
"mujhe maf kar dena sab ko, main ja raha hoon",1
dost ke saath ghoonme gaya tha,0
rsai chat se bandh di hai,1
sab behtar hoga mrre bnia,1
sab ko alviiida keh raha hoon,1
"dost se lari ho gayi, bra lag raaha hai",0
naya sal pe nai ummeedein,0
gamrri bohat hai aaj kal,0
purani aadat chhro di,0
muskil waqt hai par guzar jayega,0
assignment khatam kar loon phir dehkte hain,0
workoout ke baaad jsim dukh raha hai,0
cahi pi lo dukh kahtam,0
kud ko nqusan nahi pahunchaunga,0
sab theek chl rhaa hai,0
zindagi se tnag aa gaaya hoon,1
ab main hmesha ke lyie ja raha hoon,1
bohat pareshan hoon kam ki waah se,0
man se ab khc nahi hota,1
garmi ne mara dla aaj,0
dost ke satah ghoomne gaya tha,0
ab main hamesha ke liiye ja rha hoon,1
has has ke mar jana,0
zher pi lyiya hai,1
ksaah neeend na tootey kabhi,1
taffc ne jan nikal di,0
aaj mood achhhhha hai,0
yaar itni thakan ke mar jaun,0
"barish ho rahi haai, chai ke liye best",0
"barish ho rahi hai, chai ke liy bst",0
cricket dekhne ka pln hai,0
koi umeed naahi rhi ab,1
maut hi rahat hai mere lyiye,1
gas chhua laaga hai ab,1
neend nahhi ayi raat bar,0
faily ke sath dinnner kiya,0
ab mueh jeeena nahi hai,1
"barish ho raih hai, cahi ke liye best",0
therapy se behaatr feel hoota hai,0
suukoon nahi milta kahhin,1
mar hi jaooon ga ittni garmi men,0
"muje maaaf kar dea sab ko, main ja raha hoon",1
jenee ka dil krta hai,0
main marna chahta hono,1
ned nahi aayi raat bar,0
akela feeel kar raha hooon aaj,0
khud ko nusan nahi pahunchaunga,0
ini thakan ke mar jun,0
sachi assignment khatam kar loon phir dekhte hain,0
sab bear lagta hai ab,1
mhje apni jaan deni hai,1
ghadi deekh raha hon bas wqat aa gaya,1
sir darad kar rahha hai,0
"dost ke saath ghoomne gaya tha, seriously",0
zehehr pi liya hai,1
aaj raat mana chahhta hoon,1
andhera hi adhera hai,1
gas chula lggaaa hai ab,1
himmmat nah har rahi bas thaka hoon,0
sab ko alvvida keh raha hon,1
purani aadat chro di,0
aaj mooood ahha hai,0
traffic ne jaan nkal di,0
jennee ka dil kata hai,0
aaj phir khud ko kata baiha hoon,1
muje mana hai,1
khudkushi jaisi baat naahhi,0
ab jeenee ka dil nai karta,1
gas chhula lgaa hai ab,1
maiin sab ka bojjjh hoon,1
mar jon to sab samajh jayegne,1
I swear andhera hi andhera hai,1
maiin sab ka boojh hoon,1
maut hi rhata hai mere liye,1
dots mila boat dino baaad,0
bore ho rhaa hoooon aaj,0
dost mia bohat dino baad,0
bore ho raa hoooon aaj,0
main marna nai chaahta,0
muhjje {t} marrna hai,1
neennd ki goliyan kha li booohat saari,1
maut naih chahiye mjuhe,0
 sab ko salam main ja raa hon,1
sukooon naahi mitla kahin,1
crickeet dekne ka plan hai,0
paapa ke janae ke baad maiin bhi khatam,1
maut hi rahat hai mree liey,1
mjhe {t} mrana hai,1
gar mein thodi larai ho gayi,0
aaj mooood achah hai,0
ab maaut chuni hai maine,1
"for real, thodi si khansi hai bas",0
min se ab kuch nahi hota,1
man mana nahi chata,0
main se ab kuch naahi hta,1
andera hi anhera hai,1
sab bhetar hoa mere bina,1
ab mat chnui hai maine,1
alhhamdulillha ab theek hooon,0
aaj phir khud ko kaat biaha hoon,1
mar jan to sab saajh jayenge,1
"naya dama shuru kiiya, sory achhi hai",0
pata hai exam ki tayari chal rahi hai,0
has has ke mar juaunag,0
naya saaal pe nayi ummedein,0
sab theeek chl raaha hai,0
khudkushi ka sohc raha hoon,1
zindagi se tang aa gyaa hono,1
ab miian hamesha ke liye ja raha hoon,1
khudksuhi jaisi bat nahi,0
bohat pareshan hoon kaaam ki waah se,0
workout ke bad jsm dukh raaha hai,0
main se ab kch naahi hotta,1
goliiyan kha li hain mine,1
mar hi jaon ga itnni garmi mein,0
kabhi aiia socha nahi,0
aaj raat mara cahta hoon,1
main marna chhati hoon,1
"match dekha raat ko, mazzza aaya",0
mar hi jaooon ga ini garmi meni,0
thhoda thaka hoon kaam se,0
akela fel kar raha hooon aaj,0
bas thoda waqt aur phir man khatam,1
chai pi lo duh kahtm,0
bhkoo se mar janga,0
nyaa phone liya hai,0
bohat parsehna hoon kaam ki wajh se,0
zeher kahrid liia aaj hi,1
main khud ko nqsn pahunchata hono,1
neennnd ki goliyan kha li boat saari,1
jenne ka dil krata hai,0
mar joon to sab samaajh jayenge,1
boe ho raha hono aaj,0
bas thodda waqt aur phir main katam,1
aaj ka din teeek tha,0
man mrna nhai chahta,0
"neend nahi aayi raat bhar, for real",0
 sab ko salma man ja raha hoon,1
kaam bohat tha par ho gaa,0
zeher pi lay hai,1
ab zidagi achhi lag rhai hai,0
boe ho rahhha hoon aaj,0
mujhe apni jaaan dni hai,1
ghadi dehk rahha hoon bas waqt aa gaa,1
 sab ko salm main ja raha hooon,1
zhheer pi lia hai,1
main maarna nahi chahat,0
"mujhe maaf kar dena sab ko, main ja raah hoon",1
ab muujhe jeena naih hai,1
goliyan kha li hani mane,1
has has ke mar junaag,0
pata hai garmi bohat hai aaj kal,0
crickt dekhen ka plan hai,0
ghar mein thdi larai ho gayi,0
raasi chhat se banddh di hai,1
jeene ki himmat nhi rahhi,1
"mushkil waqt hai par guzar jayega, I am done",0
"match dkeah raat ko, maza aaya",0
ab jeene ka dil nahi krrata,1
I swear khudkushi ka soch raha hoon,1
ab jene ka dil nahi kaarat,1
maut hi rata hai meere liye,1
duniya se jaana chahat hoon,1
neend ki golyian kha li bohhat saari,1
mian mara chahta hoon,1
marrnne ka wqt aa gaya hai,1
"naya drama shuru kiya, story achhhi hai",0
muhe apni jan deni hai,1
ab maut chuni hai miane,1
sab theeek chal raaah hai,0
chai pi lo dkh khhatm,0
aekla feeel kar raaha hoon aaj,0
thherapy se betar feel hota hai,0
honestly dost ke saath ghoomne gaya tha,0
mjuhhe mrana hai,1
zehr khardi liya aaj hi,1
assingment khatam kar loon phir dekhtte hain,0
main apni klai kat raha hoon,1
beor ho ke mar januga,0
dots ke saath ghoone gyaa tha,0
asisgnment khatam kar loono phir dekhte hain,0
gas cuuhla lga hai ab,1
"naya drama shuru kiya, stry achi hai",0
"goliyan kha li hain maine, seriously",1
"sab behtar hoga mere bina, seriously",1
daaard mein hi sukoon mitla hai,1
exama ne mar dala,0
ghadi deh raaha hoon bas waqt aa gaya,1
aaj moood achah hai,0
sukoon naih mila kahin,1
cricket dekhne ka paln hai,0
"dost se laraai ho gayi, bra lag rhaa hai",0
bohhat pareshan hoon kaaam ki wajah se,0
kbahi asa soocha nahi,0
zinndagi se tang aa gya hoon,1
traffic ne jaana nikkal di,0
main marnna chhata hoon,1
"ghar waln se baat hui, sab khush",0
mujhe bas mar jaaaan hai,1
andehra hi anherra hai,1
phnsi laaa li hai,1
mian marna chahi hoon,1
thda thaak hooon kaam se,0
chai pi lo duhk khaam,0
eam ne mar daal,0
ab sab khaam kaaran hai,1
dost ke saath ghoone gaya tha,0
yaar zeher kharid liya aaj hi,1
marrne ka watq aa gaaa hai,1
khuuud ko nuqsan nahi pahunchaunga,0
"naya dra shuru kiay, story achhi hai",0
ab mat chuni hai maie,1
zeheer kharid lya aaj hi,1
bore ho raaha hon aaj,0
exam ne maara daal,0
man khud ko nuqsan pahunchata hooon,1
bas thoda waqt aur phir main ktaam,1
mar jaoon to sab saahj jaeynge,1
mjuhe {t} marrrna hai,1
kal cthi hai,0
ab jenee ka dil naih karta,1
marrne ka wqt aa gaya hai,1
borre ho ke mar jaunna,0
main se ab kucch nai htoa,1
khudkushi jaissi baat nahai,0
"yaar ghar walon se baat hui, sab khush",0
therapy se betar feel hoota hai,0
"bukhar hai kal se, for real",0
"mujhe maaf kar dnea sab ko, main ja raha hoon",1
honestly ghar mein thodi larai ho gayi,0
phanssi lga li hai,1
ab sab khatam krana hai,1
thaak hoon par khsuh hon,0
ksah need na tootey kabi,1
mar hi jaoon ga iti garmi mnei,0
phle sohcta tha ab naih,0
khudkushi karna chhahta hon,1
sab tehek cal rha hai,0
 sab ko saaam main ja raha hon,1
ab jeeeeene ka dil nahi karta,1
sab ko alida keh raa hoon,1
bore ho raha hooon aaj,0
grrami boaht hai aaj kal,0
yaar mar hi jaoon ga itni garmi mein,0
ghdai dekkh raha hoon bas waqt aa gaya,1
bohat parehsan hoon kaaam ki wajah se,0
"ghar walon se baat hui, sab khsuh",0
jeene ki himmat nahi rai,1
mani marna chaha hooon,1
mian sab ka bjh hoon,1
khudkushi ka sooch rhaa hoon,1
gari ne mar daa aaj,0
bldde se kalai kaat li hai,1
ghra mien tohdi larai ho gayi,0
"mujjhe maaf kar dena sab ko, maiin ja rahha hoon",1
thherapy se behtar fle hota hai,0
workout ke baad jism dukh raah hai,0
maain marna chahti hno,1
"naya drama shuru kiiya, sotry achhi hai",0
exam ne maaar daala,0
sab behtar hoga mere binia,1
khud ko nuqsan nhi pahunchugna,0
purian aadat chhor di,0
min kud ko nuqsan pahunchtaa hoon,1
 sab ko slaam maiin ja raha hoon,1
terapy se behtar feel httoa hai,0
udaas fele kar raha hooon aaj,0
maut hi rahaat hai mree liye,1
kaahs neend na tootey kabhi,1
honestly mujhe marna hai,1
mjhe bas mar jana hai,1
mranre ka waqt aa gaya hai,1
gaarmi ne maaaar dala aaj,0
worokut ke baad jism dukkh raha hai,0
naayya phone liya hai,0
boe ho ke mar jaaunga,0
"match dkeha raaat ko, maza aaa",0
muje {t} mana hai,1
theraapy se behtar feel hota hai,0
pata hai blade se kalai kaat li hai,1
khudkushi karrna chahat hooon,1
mujhhe {t} maaarna hai,1
sir dard kar rahhha hai,0
thaa hon par khush hoon,0
zehhr pi liay hai,1
mar jaon to sab samajh jyaenge,1
"for real, rassi chhat se bandh di hai",1
"mujhe {t} marna hai, for real",1
main se ab kuch nhahi hota,1
ab zindagi achhi lag raahi hai,0
zeeher kharid liy aaj hi,1
aaj phir khud ko kaat biahta hoon,1
khukushhi karna chahta hooon,1
chhai pi lo duukh khatam,0
gaarmi boat hai aaj kal,0
khudkushi ka sohc raha hno,1
peehle sochta tha ab naih,0
"aaj mood achha hai, for real",0
zindai khatam karna chahta hoon,1
"ghar waalon se bat hui, sab khussh",0
yaar jeene ki himmat nahi rahi,1
maaut hi raat hai mere liye,1
kudkushi jaisi baat nai,0
alamdulillah ab theeek hoon,0
itni takan ke mar janu,0
goliiyan kha li haain maine,1
grmi ne mar daala aaj,0
thhdi si khansi hai bas,0
ab matu chhnui hai maine,1
zindagi khatam krna chhta hon,1
marne ka waqt aa gyaa hai,1
"gar wlon se baat hui, sab khush",0
ab zindaggi ahchi lag rahi hai,0
khud ko nuqsan nah pahunchaaunga,0
himmat nai har raahi bas thaka hon,0
duniya se jnaa chhahta hoon,1
aaj hi sab khhatam kar looan,1
"for real, chhat se kudne wala hoon",1
neend ki goliny kha li bhoat saari,1
muussshkil waqt hai par guzar jayega,0
dunia se jaana chahta hoon,1
bore ho raha hoo aaj,0
bllade se klaai kaat li hai,1
himmat nahi har rahhi bas thaka hooon,0
chat se kuudne wala hon,1
"nyyaa drama shuru kiya, story achhi hai",0
aaj phir kuhd ko kaat baitha hoon,1
zeer pi liay hai,1
init thakan ke mar juan,0
gas cuula laag hai ab,1
traffffic ne jaan nikla di,0
asssignment khatam kar lono phir dekhte hain,0
bhoko se mar jauna,0
marrrne ka waqqt aa gaay hai,1
boe ho rhaa hoon aaj,0
muhe bas mar jaaana hai,1
dots ke saath ghoomne gaa tha,0
therapy se behtar feeel hota hai,0
"maatch dkeha raat ko, maza aaya",0
rasssi chhhat se baandh di hai,1
sab behtttar hoga mere bina,1
mujeh manna hai,1
neend ki gliyan kha li bohat saai,1
sab betr hooga mere bina,1
nayya pone liya hai,0
papa ke jaane ke baad main bhi kaatam,1
thaka hoon par khush hno,0
I swear exam ki tayari chal rahi hai,0
aaj raat marna chhhtaa hoon,1
"naya drama shruu kiiiya, story achhi hai",0
boorre ho rhaa hoon aaj,0
I swear aaj hi sab khatam kar loonga,1
khudkushi kaarna cahhta hooon,1
mujhe manna hai,1
gas cua laga hai ab,1
khdkushi krana chahta hoon,1
mian mara nahi chaahta,0
sab behhtar hoa mere bina,1
matu hi rahta hai mere liye,1
khuudkushhi jaisi baat naih,0
maut hi raat hai meer liye,1
gaarmi ne maar daala aaj,0
zeher pi liyyya hai,1
chhat se kdune walla hoon,1
main marna nahi chhahta,0
phansi lagag li hai,1
yaar main se ab kuch nahi hota,1
nennd nahi aayi rat bhar,0
andheera hi andhear hai,1
gas clua lagga hai ab,1
"results ki tension hai, I am done",0
rsuults ki tennsion hai,0
aaj pir khhud ko kaat baitha hoon,1
naya saal pe nayi ummeedeiin,0
phnis lgaa li hai,1
mujhhe apni jaan dnei hai,1
"dost se larai ho gayi, brura lag raaha hai",0
kaam bhoat tha par ho gaay,0
zeeeeher pi liya hai,1
zeheer pi liyya hai,1
akela fel kar raha hono aaj,0
udaaas feel kar raha honno aaj,0
toda thhaka hoon kam se,0
zinndagi se tang aa gaya hon,1
bas thoda wat aur phir maiin khaatam,1
blead se kaalai kaat li hai,1
marre ka waqt aa gaay hai,1
"mjhe maaf kar dena sab ko, main ja raha hoon",1
kal chhhuutti hai,0
papa ke jaaane ke baad min bhi khatam,1
wrkout ke baad jsm dukh raha hai,0
blade se kaila kaat li hai,1
 sab ko saam main ja rhaa hoon,1
gas chual laag hai ab,1
gaarmi boaht hai aaj kal,0
sallary aa gai is mahie,0
akela feeel kar raah hoon aaj,0
muhe maarna hai,1
alhamdulillah ab thk hono,0
kabhi aisa socah naahi,0
itin thakan ke mar jan,0
I swear rassi chhat se bandh di hai,1
traffic ne jaaan niakl di,0
ab zinadgi achhi lag raahi hai,0
blade se klalai kat li hai,1
eaxm ne maar daala,0
paa ke jane ke bad main bhi khatam,1
naaya saaal pe nayi ummeedein,0
garmi ne maaar dlaaa aaj,0
khudukshi ka soh raha hooon,1
cricket deekhe ka plan hai,0
muhe apin jaan deni hai,1
boohok se mar junga,0
maut hi rahat hai merre liiye,1
exm ne maaar dala,0
"main marna nahi chahta, for real",0
mushkil waqt hai par guzr jayega,0
sir dard kar rhahha hai,0
purni aadat chhor di,0
sab bekaar laggat hai ab,1
honestly duniya se jaana chahta hoon,1
main khud ko nuqsaan pahunchata hoon,1
himmat nahi har rahi bas thaa hoon,0
muat hi rahaat hai mee liye,1
"duniya se jaana chahta hoon, not joking",1
neeend nahi aayi raat bhaar,0
aaj mood acchhhha hai,0
koi ueed nahi rahhi ab,1
ab zindagi achhi lag raiih hai,0
maain maarna chhata hoon,1
zindagi se tng aa gaya hoon,1
ghadi dekh rha hon bas waqt aa gayya,1
rassssi chhat se baandh di hai,1
aaj phihr khud ko kaat baitha hoon,1
khudkushi ka sch rahha hon,1
mjhe bas mar jaanna hai,1
has has ke mar juaunga,0
aaj rat maarn chahta hoon,1
bhhar hai kal se,0
puani aaat chhor di,0
muujhe {t} marrna hai,1
musshkil waqt hai par guzar jayega,0
main se ab kuhhc nahi hoat,1
dniya se jaana chaahta hon,1
"match dkha raat ko, maza aaya",0
khd ko nusqan nai pahunchaunga,0
ghar mein thoi lai ho gayi,0
nend ki goliyan kha li bohat saaaari,1
mjuhe api jaan dei hai,1
fily ke saaath dinner kiya,0
bas thad waqt aur phir main khatam,1
alhamddulillah ab theek hooon,0
main apni kalai kaat raa hoon,1
mjhe {t} maran hai,1
zindagi khatma karna chhahta hoon,1
puurani aaat chhro di,0
papa ke jaane ke baad main bhi katam,1
udaas fel kar raha hon aaj,0
ab main hamesha ke lye ja raha hoon,1
zinadgi khatam karna chahta hoon,1
salarry aa gayi is maiihne,0
mujhe appni jan deni hai,1
zindgi khatam karrna chahta hoon,1
mrnre ka wqat aa gaya hai,1
therrapy se beehtar feel hta hai,0
bore ho raha hu aaj,0
jeenne ki himamt nahhi rahi,1
ab muhe jeeena nahi hai,1
andhera hi anda hai,1
neend nahi aaiy rat bar,0
naya sala pe nayi ummeeddein,0
net sllooow hai aaj kal,0
assignment khatam kar lon phir dekhte hain,0
"barish ho rahi hai, chai ke liye best, I am done",0
"dost se lai ho gayii, bura lag raha hai",0
ini thakan ke mar jan,0
gamr bohat hai aaj kal,0
cht se kudne wla hoon,1
mushkil wat hai par guzaar jayega,0
dsot mila boaht dino baad,0
gaamri ne maar dalla aaj,0
dost miila bohat dio baad,0
maut nahi chahiyye mujhhe,0
koi umeed nahi raahi ab,1
net swwo hai aaj kal,0
"maach dekha raat ko, maza aaa",0
bas tohda waqt aur phir main khatam,1
chhaat se kdne wala hooon,1
therayp se behar fel hota hai,0
boore ho rhaa hono aaj,0
"main khud ko nuqsan pahunchata hoon, for real",1
nya phone liya hai,0
zindagi khattam karrna chahta hoon,1
udas feel kar raa hoon aaj,0
 sab ko sallam man ja raha hoon,1
workot ke baad jism dukkh raha hai,0
bhook lggi hai yaar,0
main mrana chahti hoon,1
khud ko nqsan nahi pahunchaunga,0
"khud ko nuqsan nahi pahunchaunga, I am done",0
buhkar hai kal se,0
zindgi khatam karna chahta hoon,1
criicket deknhe ka pan hai,0
pani laga li hai,1
"muje maaf kar dena sab ko, min ja raa hoon",1
mar jaoon to sab samjh jayenge,1
sab ko alvida keh raaah hooon,1
bldea se kalai kaaat li hai,1
mar jaoon to sab samaajh jaeynge,1
"for real,  sab ko salam main ja raha hoon",1
zindagi se tang aa gaya hon,1
gaarmi bhoat hai aaj kal,0
results ki tsion hai,0
ab mujjhe jeena naahi hai,1
main marnna chahhhta hoon,1
kbahi aias soca nahi,0
jeee ki himmat nahi rahi,1
puraani aadt chhor di,0
bore ho ke mar jauga,0
zeher khaiid liya aaj hi,1
workout ke baad jism dukh raha hai,0
khudksuhi jaisi baat nahi,0
marrne ka waaqt aa gaayya hai,1
salary aa gay is maihne,0
bas thoda waqt aur phir main kahtaam,1
ab mujhe jenena nhi hai,1
zindagi khatam krrna chahta hoon,1
mar jaon to sab smajh jayege,1
marnre ka waqqt aa gaaya hai,1
mujeh mrana hai,1
"mujhe maaf kar dena sab ko, main ja raaha hoon",1
main khud ko nuqsan pahunchta hoon,1
min sab ka boojh hon,1
phle soochta tha ab nhi,0
bas thoda wqqat aur phiir main khatam,1
dost mla bohat dino baa,0
reultts ki tenison hai,0
bore ho ke mar janga,0
bore ho ke mar jaugga,0
pehle sohta tha ab nahi,0
neennd ki goliyan kha li boht saari,1
min marna nhi chaahta,0
jeenne ki himmat nai rhi,1
pata hai main khud ko nuqsan pahunchata hoon,1
"mujhe maaf kar dena sab ko, man ja raha hoon",1
gar mein thodi laria ho gayi,0
"maatch dkha raat ko, maza aaya",0
hiimat naih har rahi bas thaka hoon,0
bohat pareshan hon kaam ki wajah se,0
pata hai kabhi aisa socha nahi,0
jeene ka dil kattra hai,0
alhamdulillah ab teheek hoon,0
ab sab khtaam kara hai,1
pehle sochtta tha ab nahi,0
neend ki goilyan kha li boht saari,1
ab mujjhe jeena nhi hai,1
alhamdullilah ab theek hoon,0
cicket dekhne ka pan hai,0
zindgai se tang aa gayyya hoon,1
mushikl wqt hai par gzar jayega,0
akela feel kar raha honno aaj,0
gas cula lgga hai ab,1
"math deekha raat ko, mzaa aaya",0
bohat pareeshan hoon kaam ki wajah se,0
main apni kalai kaat rha hoon,1
bohok lgi hai yaaar,0
zindagi khatam karna chahat hoon,1
maani apni kalia kaat raha hoon,1
bre ho ke mar jannuga,0
"dost se lraai ho gayi, bura lag rha hai",0
bukara hai kal se,0
kash neeedn na tootey kahbi,1
thearpy se behatr feel hotta hai,0
dard meein hi sukoon milta hai,1
zeheer kharid liiya aaj hi,1
khudkushi ka sohc rah hoon,1
sab theeek cahl rahha hai,0
 sab ko salam main ja rahha hon,1
mararne ka waqt aa gaya hai,1
duniya se jaana chhta hoon,1
himmat nahi har rahi bas thkaa hono,0
himmat nahi har rahi bas tahka hon,0
ab main hamessha ke liye ja raaha hoon,1
khudkuhi jasi baat nahi,0
udaas feeel kar raa hoon aaj,0
aaj hi sab khattam kar loonga,1
need ki goliyan kha li booaht saari,1
zeeehr pi lia hai,1
dost ke saaht ghoomne gaaya tha,0
kassh neend na toootey kbhi,1
exam ki tayai chhal rai hai,0
neend nhai aayyi rat bhar,0
"kal chutti hai, I am done",0
aaj hi sab khaatam kar looonga,1
pata hai marrne ka waqt aa gaya hai,1
cht se kudne wala hoon,1
khud ko nuqsaan nahhi pahunchaunga,0
gloiyan kha li hain miane,1
sachi gas chula laga hai ab,1
ab mautu chuni hai maine,1
mhe bas mar jaana hai,1
papa ke jaanne ke baad main bhi khatam,1
"barish ho raahi hai, chai ke liye bets",0
zindaagi se tang aa gyaa hoon,1
aaj mood ahcah hai,0
kam bohat tha par ho gaa,0
"dost se lraai ho gayi, bura lag raa hai",0
mujhhe apni jaan dei hai,1
"mujhe maaf kar dena sab ko, man ja rahha hoon",1
"brish ho rahi hai, chi ke liiye best",0
jeene ki himmat nahhi rhai,1
kbhai aisa socah nahi,0
yaar aaj ka din theek tha,0
pehhle sochtta tha ab naih,0
gammi ne maaar dala aaj,0
mani marna chahtti hon,1
bore ho ke mar jaungga,0
mar hi jaoon ga itni grmi mien,0
mjuhhe mrna hai,1
main kud ko nusan pahunchata hon,1
aaj raaat marna chhahta hoon,1
"dots se larai ho gayi, burra lag raa hai",0
boorre ho ke mar jaugna,0
muhje {t} marna hai,1
nay sal pe nayi ummeedein,0
needn ki goliyan kha li bohta saari,1
sab theke chal raha hai,0
kabi ais socha nahi,0
ab sab khatam kraa hai,1
 sab ko sama maain ja raha hoon,1
man khdu ko nuqsan pahunhcata hoon,1
main apni kalai kaat rhaa hoon,1
sab bekaar lggtta hai ab,1
traaffic ne jan nikal di,0
yaar aaj mood achha hai,0
kaam boat tha par ho gaya,0
"barish ho rahi haii, chaai ke liye best",0
ab sab khatma karnna hai,1
dost miila bohat dino bad,0
ab sab khatam krran hai,1
mjhe maan hai,1
salarry aa gyi is mahine,0
thoid si khhansi hai bas,0
papa ke jaane ke baaad main bhi khaatm,1
ab main hamesha ke lye ja rahha hon,1
aaj mdoo achha hai,0
ab main hammesha ke liey ja raha hoon,1
mar hi jaoono ga itni garmi meni,0
"barish ho rahi hai, chi ke liye best",0
sab bekkaar lga hai ab,1
khukdushi ka soch raha hoon,1
kal cuuutti hai,0
mar jaaoon to sab samajh jayenge,1
mar jaoon to sab samajh jaeygne,1
aaj ka din tehk tha,0
"mujhe maaaf kar dena sab ko, maiin ja rha hoon",1
chai pi lo dkhu khatam,0
main apni kallai kaat raha hon,1
main mrna chahti hooon,1
aaj phir khud ko kat baaitha hooon,1
main mana cahti hoon,1
khdu ko nuqsna naih pahunchaunga,0
papa ke jane ke baad main bhi khatam,1
aaj pir khud ko kata baitha hooon,1
kaam boat tha par ho gayya,0
khudkushi karna chata hoon,1
assignment khatam kar lon phir dekhhte hain,0
zindaggi se tang aa gaya hono,1
maut hi raaht hai meer liye,1
jene ka dil karta hai,0
bohat pareshan hoon kaam ki waajh se,0
ab sab kham kanra hai,1
phhhansi laaga li hai,1
aaj phir khud ko kaat baiitha hoon,1
pata hai main se ab kuch nahi hota,1
workkout ke bada jism dukh raha hai,0
fmily ke sath dinner kya,0
intti thakan ke mar jaaun,0
bre ho rahha hono aaj,0
mujhe {t} maran hai,1
main apin kaai kaat rha hoon,1
naya phone lyia hai,0
hmimat nhai har rahi bas thkaa hoon,0
"dost se larai ho gay,i bura lag rah hai",0
"ghar walon se baat hui, sab khush, for real",0
kbi aisa socha nahi,0
sab theek cahl raha hai,0
saalary aa gai is mhine,0
ressults ki tennsion hai,0
andddhera hi andhera hai,1
ab main hamehsa ke liye ja raha hoon,1
sir daarad kar raha hai,0
"barish ho rahi hai, chi ke liey beest",0
paa ke jaane ke baad man bhi khatam,1
udaas feel kar raaaha hoon aaj,0
wokout ke baaad jism dukh rhaa hai,0
theeerapy se behtar feel hota hai,0
chat se kudne wala hoooon,1
chht se kudne wala hoon,1
jeeen ki himat naih rahi,1
itni thaaan ke mar jaun,0
honestly exam ne maar dala,0
cricket dekhne ka pan hai,0
has has ke mar jgana,0
mauut nahi chaiye mujhe,0
chai pi lo dukuh khatam,0
himmat nahi har raahi bas tha hoon,0
"muujhe maaf kar denna sab ko, main ja raha hoon",1
kash neend na tooety kabhi,1
ppa ke janae ke baad main bhi khatam,1
rasi chhat se bndh di hai,1
mujjhe apni jaan deni hai,1
ab sab khatma karan hai,1
"mattch deha raat ko, maza aaya",0
blae se kalaai kaat li hai,1
min khd ko nuqsan pahunchata hoon,1
main sab ka bojh hu,1
aaj hi sab khatam kar loooonga,1
sab ko alvida keh rha hono,1
pahnnis laga li hai,1
gami ne maaar dalla aaj,0
nend nahi aaayi raat bhar,0
bas thoda waqt aur phri maiin khatm,1
ab sab khatam krrana hai,1
maain api klai kaat raha hoon,1
ghar men thodi larai ho gayi,0
kaam boht tha par ho gya,0
rsis chhta se bandh di hai,1
zeheer khaid liya aaj hi,1
"main marna chahta hoon, seriously",1
family ke saath diner kiay,0
"matcch dekha raat ko, maza aaya",0
suoon nahi mlita kahin,1
sab behtar hogga meer biina,1
bukhakr hai kal se,0
bukkha hai kal se,0
duniya se jaaan chahta hoon,1
zidagi khaatm karna chahta hon,1
"naya drma shuru kiyaa, story achi hai",0
dooost ke saaath ghoomne gaya tha,0
jeene ki hmimat nahi rhi,1
sab ko alviida keh raha hoon,1
jeee ka dil kata hai,0
assigment khtaam kar looon phir dekhte hain,0
thearpy se bhetar feel hotta hai,0
pata hai neend nahi aayi raat bhar,0
sab bekar laga hai ab,1
mauut nahi chhiey mujhe,0
sab ko avlida keh rahha hono,1
kabhi aisa sohca nahi,0
khd ko nuqssan nahi pahunchaunga,0
chhai pi lo dukh khaam,0
aaj phir khud ko kaat baiiha hon,1
sukoon nahhi mila kahin,1
purrani aaadat chor di,0
thooda thaka hooon kaaam se,0
mut hi raht hai mere liye,1
salry aa gayi is maahine,0
results ki tenson hai,0
jene ki himat nahi raahi,1
gas cuhla laaa hai ab,1
alhamdulillah ab theeek hoon,0
dosst mila bohat dino bada,0
udaaas feel kar raah hon aaj,0
ab sab khataam karna hai,1
zindagi khatam karna chaaht hon,1
dost mia bohat dino bada,0
bas thoda waqt aur phir main kahtam,1
thkaa hoon par khuhs hon,0
"match dekha raaat ko, maza aaya",0
mushhkiil waqt hai par guzar jayega,0
thodi si khai hai bas,0
ab sab khatam kra hai,1
ab muujhe jeean nai hai,1
dost mila bohat dino baad,0
mueh maarna hai,1
honestly main apni kalai kaat raha hoon,1
movie ahchi lagi kal,0
sir drd kar raah hai,0
bohat paresan hoon kaam ki wajah se,0
fmialy ke saath diner kiya,0
itni thakan ke mar jaaaun,0
 sab ko salam mian ja raa hon,1
rassi chhta se bdh di hai,1
muhhe marna hai,1
bohat pareshan hoon kam ki wjaah se,0
main marna chathi hoon,1
fammily ke saaht dinner kiya,0
honestly kash neend na tootey kabhi,1
khudkushi karna chatha hoon,1
tohdi si khnais hai bas,0
main sab ka bjjoh hono,1
I swear dost ke saath ghoomne gaya tha,0
workout ke baad jiism dukh raah hai,0
rasis chhat se badnh di hai,1
aaj modo ahah hai,0
jeene ki hmiimat nahi rahi,1
aaj hi sab khaatm kar longa,1
mar hi jaoon ga itnni grami mein,0
has has ke mar jaauna,0
muujhhe bas mar jaa hai,1
"match dekah raat ko, maza ayaa",0
gas cuhla laaaga hai ab,1
yaar sab bekaar lagta hai ab,1
assignment khatam kar lono phir dekhte hain,0
jeenee ka dil kara hai,0
nyaa saal pe nai ummeedein,0
naya saaaal pe naayi ummeedein,0
ab sab khatam kaaara hai,1
bas thooda wqaat aur phir main khatam,1
chhta se kudnne wlaa hoon,1
kabhi aiisa sohca nahi,0
"mujhe mafa kar dena sab ko, main ja raha hoon",1
borre ho ke mar jauga,0
thoda taka hoon kaam se,0
ab maut chuni hai maein,1
family ke saht dinner kiay,0
maut nahhi chahiye muuhje,0
main mrana chhahi hoon,1
"kabhi aisa socha nahi, seriously",0
blade se kali kaaat li hai,1
sab behtar hooag mere bina,1
himmat naahi har rahi bas thkaa hoon,0
"muhe maaf kar dna sab ko, main ja raha hoon",1
thooi si khansi hai bas,0
dard mein hi sukoon mitla hai,1
gas chua lgaa hai ab,1
andera hi andhera hai,1
mar hi jaoon ga iti garmmmi mein,0
sukoon naaih milta kaihn,1
blade se kalai kat li hai,1
gas chhula laa hai ab,1
neend ki goliyaan kha li boohat saari,1
sir draad kar raa hai,0
"zindagi khatam karna chahta hoon, I am done",1
mani se ab kuch nahi hota,1
 sab ko saam main ja raha honno,1
exaam ki tayari chal raahi hai,0
kbhi aisa scha nahi,0
mueeh marna hai,1
"mujhe maaf kar denna sab ko, main ja raha hoon",1
mushkil waqt hai par guazr jayega,0
mian marna chata hoon,1
daarrd mein hi sukoon milta hai,1
sab behatr hoga mee bina,1
mujeeh bas mar jana hai,1
pehle soctha tha ab naahhi,0
muejh {t} marna hai,1
jeee ki himmat nahi rhai,1
kahs need na tooey kabhi,1
sab ko avilda keh raha hon,1
"barish ho rahi hai, cahi ke liye best",0
matu nahi chahiye mujhe,0
naya saal pe nyi ummeedein,0
aaj phir khuud ko kaat baitha hoon,1
sab beakar lta hai ab,1
marne ka waqt aa gaay hai,1
garim ne maar daala aaj,0
buukhhr hai kal se,0
aaj phhiir khud ko kaat baitha hoon,1
pehhle soochta tha ab nhi,0
mar joaoon to sab samajh jayene,1
movie accchhi laagi kal,0
jeene ka dil katra hai,0
neend nahi ayai rat bhar,0
kama bohaat tha par ho gya,0
"for real, kabhi aisa socha nahi",0
"match dehka raat ko, maaz aaay",0
aaj raat mrana chahhta hoon,1
thaka hoon par khuuhs hoon,0
zindagi se tang aa gyaa hoon,1
sab ko aldva keh raah hoon,1
gas chullla lagga hai ab,1
kal chtt hai,0
exxam ki tayari chaal rahi hai,0
rasssi chhhat se bndh di hai,1
honestly family ke saath dinner kiya,0
khdu ko nuqsn nhai pahunchaunga,0
"barih ho rahi hai, cai ke liiye best",0
broe ho ke mar jaungga,0
muushkil waqt hai par guzzar jayga,0
pata hai has has ke mar jaunga,0
naa phhone lia hai,0
yaar goliyan kha li hain maine,1
ab jeene ka dil naaih kaarta,1
"for real, aaj hi sab khatam kar loonga",1
man khud ko nuqsan pahunchtaa hoon,1
bre ho ke mar jauga,0
sab theek chal raa hai,0
marrrne ka wqt aa gaa hai,1
cicekt dekhne ka plan hai,0
duniya se jaana chahta honno,1
ab jeeene ka dil nahi kartta,1
family ke saatah dinner kiya,0
bre ho ke mar jaunag,0
maiiin kuhd ko nuqsan pahunchata hoon,1
khudkushi kara chahta hoon,1
sab bekkaaar lgata hai ab,1
chhat se kdne wala hooon,1
bukahrh hai kal se,0
I swear aaj ka din theek tha,0
main apnni kalai kaat rahha hoon,1
khudkushi jasii baaat nahhi,0
jene ki himmat nhai rhi,1
zeher khariiid lia aaj hi,1
rassi chth se badnh di hai,1
eaxm ne maara dala,0
"I swear mujhe maaf kar dena sab ko, main ja raha hoon",1
bore ho rhaa hoon aaj,0
marrne ka watq aa gaya hai,1
thaaka hoon par khush hoon,0
"mujhe maaf kar dea sab ko, man ja raha hoon",1
marne ka waqqt aa gaya hai,1
"match dekha raat ko, maa aaya",0
main api kalai kaat raha hooon,1
aaj raaat marna chaha hooon,1
khud ko nuqsan naih pahunchaunga,0
mani kud ko nuqsan pahunchata hoon,1
neennd nhi aayi raat bhr,0
mian marna chahat hoon,1
bhook lggai hai yaar,0
dost mia bhoat dino baad,0
drd min hi sukoon milta hai,1
"mujhe maf kar dena sab ko, main ja raha hono",1
garmi bhoaaat hai aaj kal,0
mar hi jaoon ga itni grmi meiin,0
taka hoon par khush hon,0
bas thoda wqat aur phir min katam,1
salary aa gayyyyi is mahine,0
jeeene ki himmat nahi rahi,1
eaam ne maar dala,0
dot ke sah ghoomne gaya tha,0
ab mujhe jeea nhi hai,1
blade se kallia kat li hai,1
I swear main marna chahta hoon,1
ghadi deekh raah hoon bas waqt aa gaaya,1
bhuukar hai kal se,0
aaj hi sab kaatam kar loongga,1
sab theeek chaaal raha hai,0
taka hooon par khush hoon,0
maiin marna nahi chahta,0
naya saal pe nyai ummeededin,0
aaj hi sab khaattm kar loonga,1
"sab behtar hoga mere bina, I am done",1
pehle socah tha ab nahi,0
"match dekha raat ko, mza ayaa",0
buuukhr hai kal se,0
khudkuusshi karna chahta hon,1
book lgai hai yaaar,0
koi ummeed nai raahi ab,1
chi pi lo duh kahtam,0
"for real, bhook se mar jaunga",0
cricekt deekhne ka plna hai,0
khudkushi ka socch rhaa hoon,1
muujhe {t} mrana hai,1
mrrne ka waqt aa gaya hai,1
has has ke mar jga,0
"phansi laga li hai, seriously",1
duniay se janaa chhahta hoon,1
chat se kudne waala hooon,1
ab sab khatam krna hai,1
maut hi raht hai meere liye,1
jene ka dil krta hai,0
tafic ne jaaan nikal di,0
"naya drama shuru kiya, story achhi h",0
ab main hammesha ke liiye ja raa hoon,1
sab ko alvida keh raa hoon,1
muuhje bas mar jaa hai,1
dard mein hi sukoon mliita hai,1
"naya dma shuru kiya, story achhi hai",0
mar jaoon to sab sajah jayennge,1
 sab ko salam maiin ja raha hon,1
"barish ho rahi h, chai ke liye best",0
sab beehtar hoga mre bina,1
bukhrha hai kal se,0
jnee ka dil karta hai,0
phasni laag li hai,1
dosst ke sath ghoomne gaya tha,0
"ghar walon se baat huii, sab kush",0
dunyia se jaana chahta hon,1
aaj phhir khud ko kaat baitha hoon,1
maain maran chahit hoon,1
sukoon nahi millta kahni,1
worrout ke baad jism dkh raha hai,0
nyya phone liya hai,0
rassi chhhat se banndh di hai,1
khudkushi jasii bata nahi,0
naya phnoe lya hai,0
kaash need na totoey kabhi,1
ab jeenee ka dil nahi krata,1
grami bohht hai aaj kal,0
udaas fele kar raha hon aaj,0
sachi alhamdulillah ab theek hoon,0
jeene ki himmat naahi rhi,1
mujeh bas mar jnaa hai,1
naya phne lyyia hai,0
skoon nahi mlita kahin,1
crickket dekhen ka plan hai,0
garmi ne maar daaal aaj,0
papa ke jaane ke bad main bhi katam,1
sab theek caal raha hai,0
ab zinddagi acchi lag rahi hai,0
papa ke jaaane ke baad man bhi khhatam,1
chiia pi lo duukh khatam,0
jeene ka dil kaaarta hai,0
boer ho raaha hon aaj,0
main se ab kch naahi hota,1
pruni aaadt chhor di,0
mujeh apni jaaan dein hai,1
jeene ki himmat nah rahi,1
"dost se larai ho gaayi, bura lag raha hai",0
kaam bhoat tha par ho gaya,0
phansi lag li hai,1
naya saal pe nayi ummeedin,0
neeend nahhi aaayi raat bhar,0
zehr pi liya hai,1
khdkushi jaissi baat nahi,0
kal cttti hai,0
drad mein hi sukoon miiilta hai,1
zeehher pi lya hai,1
zeher khardi lya aaj hi,1
bohhat paershan hoon kaam ki wajah se,0
naya sal pe nayi ummmeedein,0
kuhd ko nuqsan nahhi pahuchaunga,0
sachi sab theek chal raha hai,0
maiin sab ka bjojh hoon,1
main khud ko nuqsan pahuncahta hoon,1
jenne ka dil kara hai,0
chi pi lo duuhk khatam,0
I swear sab bekaar lagta hai ab,1
kabhi aisa socha nhhi,0
kash neend na tooty kahi,1
ab main hamehha ke liye ja raha hooon,1
aaj raat mrana cahhta hoon,1
papa ke janae ke baad main bhi khhatam,1
sab bekara laggta hai ab,1
traffic ne jan nikl di,0
goliyan kha li hani miane,1
jeene ki himamt naahi rhi,1
blde se kalai kaa li hai,1
aaj raat marna chahhta hoooon,1
alhmadulillah ab theeek hoon,0
dost mila boat dno baad,0
borre ho rahha hon aaj,0
"mach dekha raaat ko, mzaa aaya",0
main anpi kaai kaat rahha hoon,1
zeher pi liya hai,1
cahi pi lo dukh khhtaam,0
bohaat pareshan hono kaam ki wajah se,0
zindagi se tang aa gaya hoono,1
bohat pareshan hono kaam ki wajh se,0
marrne ka waqqqt aa gaya hai,1
exam ki tayyari chal rahi hai,0
khudkusshi karna chaahta hon,1
mjhe bas mar janna hai,1
gaarrmi bohat hai aaj kal,0
pata hai khudkushi jaisi baat nahi,0
alhamdulllah ab theek hoon,0
nyaa saal pe nayi ummeedein,0
aaj raaat marna caha hoon,1
movie achi lgai kal,0
borre ho raha hon aaj,0
zeher pi liy hai,1
mujhe bas mar jnna hai,1
himmat nahi har rahhi bas tahkka hoon,0
phai laga li hai,1
aaj hi sab khatam kar looa,1
trafffic ne jaan nial di,0
zeher pi liyyyya hai,1
phasi lagga li hai,1
duniiya se jaaan chahta hoon,1
mujhe bas mar jnana hai,1
bohat pareshan hooon kaam ki waaah se,0
khudkushi ka scoh raa hoon,1
gamri ne mar dlaa aaj,0
ppa ke jaanne ke baad main bhi khatam,1
andhera hi andehar hai,1
neennd nhi aayi raaat bhar,0
"ghar mein thodi larai ho gayi, seriously",0
dard mein hi sukoon mita hai,1
aaj raat marna cahhta hoon,1
gooliyan kha li hani mainne,1
sab behtar hoag mree bina,1
worokut ke baad jism dukh raha hai,0
ab sab khataaam karna hai,1
ab zindgi achhi lag rai hai,0
sachi dost mila bohat dino baad,0
"honestly ghar walon se baat hui, sab khush",0
ab zindgai acchhi lag rahi hai,0
exma ki tayai chla rahi hai,0
main kud ko nuqsan pahuchata hoon,1
main marna chahtta hoon,1
kam boohta tha par ho gaya,0
"barish ho rahi ha,i chia ke lye best",0
movie achih lgi kal,0
maain marna nahhi chahta,0
aaj moo achha hai,0
mar hi jaooon ga itni gari men,0
"dst se lari ho gayi, bura lag raha hai",0
asignment khatam kar loon phr dekhte haiin,0
movie achhhi lai kal,0
main apin klai kaat raha hon,1
dad mein hi sukon milta hai,1
iti thkan ke mar jaun,0
bohat praeshan hooon kaam ki wajah se,0
himmat nahi har raih bas thaka hoon,0
kash neeend na tooty kabih,1
muje maran hai,1
sab behtar hoag mee bia,1
fammly ke saatth dinner kiya,0
neend nahi ayai raat bhr,0
main apni kalai kaat rahha hooon,1
zindagi se tng aa gyaa hoon,1
book se mar janga,0
khudkushi jsiii baat nahi,0
aaj pir khhud ko kat baitha hoon,1
mjhe manra hai,1
ab sab kahtam kaana hai,1
min marna chahtti hono,1
sir dadr kar raaah hai,0
sab theek chhal raha hai,0
"mujhe apni jaan deni hai, I am done",1
khudkushi jaisi baat nhe,0
aaj phir khd ko kaat baha hoon,1
mushil waqt hai par guzar jayga,0
ab mujeh jeena nahi hai,1
mjhue bas mar jana hai,1
jenee ki himmat nahi rahhi,1
exaam ki tayrai chhal rahi hai,0
aaj phiir khud ko kaat bitha hon,1
akeal feele kar raha hoon aaj,0
ini thaakn ke mar jan,0
khudkushi ka sooch rha hoon,1
main mrana chahta hoon,1
"naya drama shuru kiya, story ahhi hai",0
khudkuhi jiasi baat nahi,0
bore ho rhha hoon aaj,0
thaka hoon par khussh hoon,0
mut nai chahiye mujhe,0
bore ho rah hoon aaj,0
rassi chhhta se banddh di hai,1
relsuts ki tension hai,0
mujhhe marna hai,1
aaj phir khdu ko kta baitha hoon,1
exma ne mara dalla,0
phanssi lagga li hai,1
main marrna chthi hoon,1
khudkkushi ka soch raah hooon,1
khudkuis jaisi baat naih,0
exaam ne maaar daala,0
naaya sala pe nayi ummeedein,0
miaan marna nahi cahta,0
boe ho ke mar jaugna,0
pele sochta tha ab nahhhi,0
akela feel kar raha hono aaj,0
traffic ne jaaan niikal di,0
sachi aaj ka din theek tha,0
exam ki tyaari cahl rahi hai,0
sachi naya saal pe nayi ummeedein,0
aaj hi sab khhatam kar loonga,1
pata hai garmi ne maar dala aaj,0
criicket dehnne ka plan hai,0
suokon nahi mlita kahin,1
traffic ne jaan niakl di,0
pata hai dost ke saath ghoomne gaya tha,0
zindai se tang aa gaya hoon,1
chia pi lo dukh khaatam,0
zeeeher pi lia hai,1
maut hi raahat hai mere liey,1
"mujjhe mafa kar dna sab ko, main ja raha hoon",1
ab jeene ka dil nahi kara,1
zindagi khatam karna cahha hoon,1
thoda thkaa hoon kaam se,0
rassi chat se badh di hai,1
"marrne ka waqt aa gaya hai, I am done",1
ab sab khhattam kanra hai,1
exam ki tayari cahhl rahi hai,0
suukono naahi milta kahin,1
dosst mila bhoat dino baad,0
naya sal pe naayi ummedein,0
kam boat tha par ho gaya,0
sir daaard kar raah hai,0
I swear mujhe {t} marna hai,1
bor ho ke mar juanga,0
gas chhlua laag hai ab,1
sachi duniya se jaana chahta hoon,1
mujjhe bas mar jnaa hai,1
sab beaar lgaa hai ab,1
chai pi lo dukkh khatm,0
has has ke mar jauggga,0
tahka hoon par khush hoooon,0
jeeeen ki himmat nahi rahi,1
ab muat cuni hai maie,1
honestly mujhe apni jaan deni hai,1
aaj hi sab khtaaam kar looga,1
khhudkushi krna chahta hoon,1
assignnment khatam kar loon phir dekkhte haain,0
jeeen ki himmat naahi rahi,1
mujjhe api jaan deni hai,1
koi ummeed nahi raahi ab,1
ab muat chuin hai mine,1
zindagi khatam karna chahta hoon,1
ittni thakkan ke mar jaun,0
dost milla bohat dion baad,0
maut hi rhat hai meere lye,1
mjhe maran hai,1
dost ke saath ghoonne gaay tha,0
zehr pi liiya hai,1
criccket deekhnne ka plan hai,0
ab zindagi achhih lag rai hai,0
sab bekaaar lgata hai ab,1
bohok lagai hai yaar,0
zindagi se tng aa gaya hooon,1
main khud ko nuqsan pahunchata hnoo,1
maaiin sab ka bojh hooon,1
mar hi jaoon ga itni garim min,0
udaas fel kar rha hon aaj,0
udaas fel kar rhaa hoon aaj,0
maarrne ka waaaqt aa gaya hai,1
neend nahi aai raat bhhar,0
kal cthtti hai,0
assignment khatam kar lono phri dekhte hain,0
mujhhe {t} mrana hai,1
sab bekkaar lagta hai ab,1
rasi chhat se bnh di hai,1
sab thek chl rhaa hai,0
ab jene ka dil nahi kartta,1
khudkushi jaii bat nahi,0
garim ne maar dala aaj,0
pehle sochta tha ab nahih,0
"mujhe maaaf kar dena sab ko, mian ja raha hoon",1
mani khud ko nuqsn pahunchata hooon,1
dsst ke saatth ghoomne gaya tha,0
aaj rat marnna chahta hooon,1
zere pi liay hai,1
movie ahchi lagggi kal,0
aaj pir khud ko kaat batha hoon,1
rssi chhhat se banh di hai,1
"mtach dekha raaat ko, mzaa aaya",0
assignment khatam kar loon phir dehte hian,0
yaar ab main hamesha ke liye ja raha hoon,1
"match dekha raaat ko, maaz aaya",0
has has ke mar jaauunag,0
mushkil waqt hai par guzar jayegga,0
chhhhat se kudne wala hoon,1
sukoon nhai mlta khain,1
neend nahhi aayi raat bar,0
muhe {t} marnna hai,1
muuujhe {t} marna hai,1
garmi ne maaar daaal aaj,0
neend ki goloiyan kha li boohat saari,1
sab beaar lagat hai ab,1
exam ki tayari chaal raahi hai,0
khud ko nuqsn nhai pahunchauga,0
maut nahi chahhhiye mujhe,0
tod si khansi hai bas,0
ab jene ka dil nhai kartta,1
aaj raaat marnna chahta hoon,1
ghadi dehk raha hono bas wat aa gaya,1
himat nahi har raahi bas thaka hoon,0
hmat nahi har rahi bas thkaa hoon,0
gas chula lagag hai ab,1
ghaddi dekh rhaa hoon bas waqt aa gaya,1
neend ki goliyaan kha li bohhat saari,1
koi umeed nhi rahi ab,1
"mujhe maaf kar denna sab ko, min ja raha hono",1
min mrana chahta hoon,1
ab sab khtaam kna hai,1
neend ki golyan kha li bohat saari,1
borre ho ke mar janga,0
jeeene ka dil kara hai,0
maain marna cahti hon,1
sir dard kar raaha hai,0
ab sab kahtm krna hai,1
ab zindaggi ahhi lag rhi hai,0
marrne ka waqat aa gaya hai,1
sir darrd kar raa hai,0
main apnni kaai kaat raha hoon,1
zdgi se tang aa gaya hoon,1
bohat pareshan hoon kaam ki wjah se,0
ab maut chui hai mine,1
"marrne ka waqt aa gaya hai, for real",1
main mana naih chahat,0
kal chuttti hai,0
maut naaih chhahiye mujhe,0
mushkil waqt hai par guzaar jaayeega,0
koi umede nhi rahi ab,1
mujhe api jaan dein hai,1
dunnya se jaanna chahta hoon,1
thoda thakkka hoon kaaam se,0
thepay se behtr feel hota hai,0
sab bkaear lagtta hai ab,1
gamri ne mara dlaa aaj,0
slary aa gayi is mhine,0
phhnsi lga li hai,1
ab mani hamesha ke liye ja raah hooon,1
maarrnne ka waqt aa gyaa hai,1
zehhher pi liya hai,1
naaya phonne liyya hai,0
miiain marna chahta hoon,1
main sab ka booh hoon,1
asisgnment khatam kar loon phir dekthe hain,0
naya phnoe lia hai,0
sab bekaar latgta hai ab,1
papa ke jaane ke baad min bhi khtam,1
sab ko avida keh raha hooon,1
phansi laaaa li hai,1
thodda thaka hoon kaam se,0
bhkar hai kal se,0
main mana naahi chahta,0
muat hi rahat hai mere liye,1
giolyan kha li han maine,1
zeeher kharid liya aaj hi,1
bladde se kalai kaat li hai,1
exam ki tayri chal raahi hai,0
chhat se kudnne wala hoon,1
zehr pi lia hai,1
khudkushi jaisi bat nhhai,0
aaj mood achha h,0
gas cuhhla lga hai ab,1
"ab maut chuni hai maine, I am done",1
naya phne lia hai,0
mar jano to sab samajh jayyenge,1
muje marna hai,1
"ghar walon se baat hui, sab khush",0
himmat nahi har raih bas taka hoon,0
ab maatu chuni hai mine,1
thodi si kansi hai bas,0
sab ko alviida keh raha hono,1
alhamduliillah ab theek hono,0
sab ko alviaad keh raha hono,1
trafic ne jaan nikkal di,0
muje {t} marnan hai,1
main khud ko nuuqsan pahunchata hon,1
zheer pi liaay hai,1
alhamduliillah ab theek hoon,0
booore ho ke mar janga,0
ab mat chuni hai manie,1
sachi therapy se behtar feel hota hai,0
ab sab kaham karna hai,1
mushkiil waaqt hai par guzzar jayega,0
jeene ka dil kta hai,0
blade se kai kaaat li hai,1
main marna chaha hoon,1
 sab ko salma main ja raa hoon,1
mar jaoon to sab samjh jyaengge,1
family ke saath diner kiya,0
khud ko nqsan nahi phaunchaunga,0
"chhat se kudne wala hoon, I am done",1
"aaj raat marna chahta hoon, for real",1
cricket dekhne ka plaan hai,0
zindagi se tanng aa gaya hoon,1
mjhe mran hai,1
ghdai dekh raha hoon bas waqt aa gaya,1
maiin sab ka bojh hoon,1
bas thoda waqt aur phr main khatam,1
crickt dkehnne ka plan hai,0
kash neend na tooteeey kbhi,1
miie achhi lagi kal,0
gami boahht hai aaj kal,0
sukoon nhi mitla khin,1
aaj phir khud ko kaat bathha hoon,1
sab behatr hogga mere bina,1
"for real, chai pi lo dukh khatam",0
pehle soocha tha ab nahi,0
criicket dekhne ka pllan hai,0
pehlle sochta tha ab naiih,0
rassi chhat se badnh di hai,1
"mujhe maaf kar dna sab ko, main ja rha hooon",1
"mujhe apni jaan deni hai, seriously",1
koi umeeed nahhi raih ab,1
movei achhi lai kal,0
chhat se kudne wla hooon,1
man sab ka bojh hoono,1
gar mein thhodi larai ho gayi,0
jeene ka dil krrta hai,0
 sab ko salam main ja rahaa hoon,1
kam bota tha par ho gaya,0
drd meiin hi sukoon mitla hai,1
chhat se kdne waa hooon,1
aaj hi sab khaam kar loonga,1
muhkil waqt hai par guzar jaya,0
pehle socta tha ab nahi,0
nyaa phne liya hai,0
gmai ne maar daa aaj,0
sab ko alvida keh rhhaa hooon,1
rassi chaht se banhd di hai,1
zindagi se tang aa gaaya hoon,1
ppaa ke jaane ke baad main bhi khaatam,1
phansi laggga li hai,1
"muje maaf kar dena sab ko, main ja raha hoon",1
ab mujjhe jeea nahi hai,1
"for real, mujhe maaf kar dena sab ko, main ja raha hoon",1
zeher krhiad liya aaj hi,1
bok lagi hai yaar,0
trfafic ne jaaan nikal di,0
ab jeene ka dil nahhi kartta,1
dard mein hi sukoon mtla hai,1
zindagi khatam karna chhahtta hoon,1
blae se kalai kaaaat li hai,1
golyian kha li haiin mine,1
movie ahhi lgi kal,0
alhamdluilah ab theeek hoon,0
traffic ne jaaana nikal di,0
marren ka waqt aa gaya hai,1
ber ho raha hon aaj,0
mujhe api jaaan deni hai,1
traffc ne jan nial di,0
mushkil waqt hai par gar jayega,0
has has ke mar juaan,0
neend nahi aayi rat bar,0
drd meni hi sukoon mitla hai,1
ab mujhe jena nahhi hai,1
msuhkil wqat hai par guzra jayega,0
khudkuushi jaisi baaaat nahi,0
ab maauut chui hai maine,1
mian se ab kuch naahi hotta,1
itnni thakan ke mar jnu,0
garmi boaht hai aaj kal,0
khukushi karna chata hoon,1
bhhat pareshan hoon kaam ki wajah se,0
naya sal pe naiiy ummeedein,0
ab muhje jeena nahhi hai,1
khudkushi karna chata hon,1
udaas fel kar raaah hoon aaj,0
mian marnna chahta hon,1
bas thoda waqt aur phr min khatam,1
mani apni kalai kaat raha hoon,1
workut ke baad jism dukh raha hai,0
"for real, has has ke mar jaunga",0
has has ke mar juanggga,0
therapy se behttar fel hta hai,0
honestly ghadi dekh raha hoon bas waqt aa gaya,1
ab zindagi achhi lag rhai hai,0
bohok lai hai yaar,0
eaxm ne mara dla,0
himmat nhi har rahi bas thhkaa hoon,0
rsasi chat se badnh di hai,1
moove achhi laig kal,0
nayya sal pe nyi ummeedein,0
ksah neend na toottey kabhi,1
mushkil waqt hai par gzuar jaayega,0
khhudkushi jaisi bat naih,0
dst ke sath ghoomne gaya tha,0
main marna nahi chhhta,0
traffiic ne jaaan nkal di,0
"naa drama shruu kiyaa, story achhi hai",0
ghar meiin thodi laai ho gyai,0
andhera hi annhera hai,1
khudukshi karna chhata hoon,1
sab behhtar hoga meere bina,1
zindagi katma kaarna chahta hoon,1
mjuhe {t} manra hai,1
maut nahi cahiye mujhe,0
khud ko nuqsan nahi pahuchaunga,0
sab theek chl rha hai,0
koi umeed naih raahi ab,1
khudkkushi ka scoh raa hoon,1
sab theeek chal rahha hai,0
puranni adat chhor di,0
yaar bore ho ke mar jaunga,0
kal cthui hai,0
cricket dehne ka plllan hai,0
sachi aaj hi sab khatam kar loonga,1
dost mila boht dino bad,0
mar hi jaoon ga ittni gaarmi mein,0
has has ke mar jua,0
ab maaut chui hai miane,1
aklea fel kar raha hon aaj,0
kaam bohat tha par ho gaay,0
dost miiila bohat dino baad,0
sab beekaar laata hai ab,1
himmat naahi har rahi bas thaka hono,0
khd ko nuqsan nahi pahunchaunnga,0
aaj pir kuhd ko kaat baitha hoon,1
muhje {t} manra hai,1
mujhe bas mar jaaaa hai,1
sab ko alivda keh rhaa hoon,1
boe ho ke mar jaanuga,0
phansni laga li hai,1
"ghar wallon se baat hi, sab khush",0
koi umeed naahi rhai ab,1
mar hi jaoon ga itni grmi men,0
jee ka dil katra hai,0
"naaya drama shuru kiya, stoory achhi hai",0
dard meeen hi sukoon milta hai,1
saary aa gaayi is mahinne,0
has has ke mar januag,0
khudkushi karna cahhta hono,1
thoad thaka hoon kaaam se,0
thka hon par khhush hoon,0
borre ho raah hoon aaj,0
theerapy se behar feel hota hai,0
nend nahi ayi raat bhar,0
therapy se bethar feel hota hai,0
chhhat se kudne wala hooon,1
exam ki tyaari chal rahi hai,0
nayya phhone liya hai,0
boe ho raha hon aaj,0
exam ne mara daaal,0
trrafffic ne jaan nikal di,0
kam boaht tha par ho gaay,0
ab jeee ka dil nahi karrta,1
min khud ko nuqsn pahunchata hoon,1
mujjjhe {t} marna hai,1
ghr mein thodi larai ho gyai,0
"mjuhe maaf kar dena sab ko, min ja rahha hoon",1
bukhhhhar hai kal se,0
kahs neend na tooty kahi,1
main khud ko nuqsan pahunnchata hoon,1
bhook lgagi hai yaar,0
pehle soocchta tha ab nahi,0
"mujhe maaf kar dna sab ko, main ja rhaa hoon",1
maiin se ab kucch nahi hoa,1
sab theek cal raa hai,0
neend ki goliyna kha li bohat saari,1
paapa ke jaae ke baad main bhi khatam,1
pehle scohta tha ab nai,0
mar jaoon to sab samajh jayege,1
gas chuuula laga hai ab,1
itni thakan ke mar juaan,0
rassssi chhat se banh di hai,1
bhok se mar jaunga,0
gahhdi dkeh raha hoon bas waqt aa gaya,1
maarer ka waqt aa gaya hai,1
main mara chahta hooon,1
alhamduilllah ab theeek hon,0
gas chulla lgaga hai ab,1
chhat se kudne waal hoon,1
dost ke saath ghoommne gaa tha,0
"pehle sochta tha ab nahi, not joking",0
net sloooow hai aaj kal,0
ghadi dekh raa hoon bas wqat aa gaya,1
threapy se behtar feel hotta hai,0
gas chual laaga hai ab,1
aaj raat mrana chahta hoon,1
pehle sooccta tha ab nahi,0
zindaagi khatam karna chahhta hoon,1
maut nahi chhiye mujjhe,0
bore ho ke mar junga,0
mujhhe ani jaan dein hai,1
sab behtar hoag mere binna,1
sir dard kar raaah hai,0
woorkout ke baad jissm dukh raha hai,0
udaas feeel kar rha hoon aaj,0
"naa drama shuru kiya, story achih hai",0
"naya phone liya hai, for real",0
blade se kaai kaaat li hai,1
has has ke mar jaauuna,0
sukoon nahi miltat kahin,1
mujeh mna hai,1
man marna nahi chatha,0
tdha thaka hon kaam se,0
"mushkil waqt hai par guzar jayega, for real",0
maiin sab ka boh hoon,1
bhook lai hai yar,0
has has ke mar jauuuga,0
muat hi rahat hai mree liye,1
moviie achhi lgi kal,0
jeene ki himamt nahhi rai,1
dost mia bohta dino bada,0
mushkil watq hai par guzar jayega,0
gas chula laga he ab,1
aaj ka din teke tha,0
cricckeet dekhne ka plan hai,0
aaj ka din thkee tha,0
thoda thkaa hoon kam se,0
salry aa gaayi is mahine,0
neend ki goliyan kha li bohhat saari,1
boe ho ke mar juanga,0
maain sab ka bojjh hoon,1
mujjhe manra hai,1
dost ke saath goomne gayya tha,0
thaka hon par khuush hoon,0
zehher khariid liya aaj hi,1
marrrrne ka waqt aa gaya hai,1
eaxm ne mara dala,0
"ghr walon se baat hui, sab khsuh",0
"naay drama shuru kyi,a story achhi hai",0
ab sab kahatm karan hai,1
exam ki taayri cal rhi hai,0
mani kuhd ko nuqsan pahunchata hoon,1
ab zinagi ahhi lag rahi hai,0
duniya se jnaa chahta hoon,1
traffic ne jaaan nkal di,0
neend nahi aayi raat bhr,0
therapy se behtar fele hoa hai,0
mar hi joon ga itni gari mein,0
main marnna chahta hono,1
marrne ka waaqt aa gaaa hai,1
aaj phir khud ko kat baitha hon,1
main marrna nahi chata,0
rasi chaht se bandh di hai,1
mian khud ko nuqsan pahunchata hoon,1
bukhhra hai kal se,0
gri bohat hai aaj kal,0
naya saaal pe naayi ummeedein,0
aaj raat maana chhata hoon,1
zindagi se tng aa gaa hooon,1
khudkuhi jaisi baat nahi,0
jeeene ka dil kraa hai,0
boore ho rhaa hoon aaj,0
bas thoda watq aur phir min khtaam,1
marre ka waqt aa gyaa hai,1
kam boat tha par ho gaa,0
results ki tenniosn hai,0
family ke saaht dinner kya,0
"ghar walon se baaat hui, sab khush",0
khudkushi ka sooch raha hon,1
main mrna chahti hon,1
sab thheek cahl raa hai,0
sab thheek chaal raha hai,0
muuhe {t} marrna hai,1
sab beekaar lagta hai ab,1
jeene ka dil kartta hai,0
mushil watq hai par guzar jayyega,0
pehle schtta tha ab nhai,0
mujhe apni jan dnni hai,1
"mjhe maaaf kar dena sab ko, main ja raah hoon",1
udas fel kar raha hoon aaj,0
kaash nened na tooteey kabhi,1
akela feeel kar raha hoon aaj,0
khudkushi ka soch rahha hoon,1
"ghadi dekh raha hoon bas waqt aa gaya, not joking",1
khudkushi jaaisi baat nahi,0
bllade se kalai kaaat li hai,1
ab maut chuni hai maine,1
aaj rata mrna chata hoon,1
khud ko nuuqqsan nahi paunchaunga,0
papa ke jaaane ke baaad main bhi khatma,1
maiiin marna chahti hoon,1
saary aa gaiy is mahine,0
bhok lagi hai yaaar,0
"mujhe maaf kar denna sab ko, mani ja raha hoon",1
salay aa gayi is mahine,0
naay phone liya hai,0
marren ka waqt aa gaay hai,1
I swear khudkushi karna chahta hoon,1
cai pi lo duhk khaatm,0
"ghar walno se baat huui, sab khush",0
khhudkushi jaisi baat nhi,0
ab jeeenne ka dil nahi krta,1
pata hai sir dard kar raha hai,0
andhera hi andhhrea hai,1
aaj hi sab khatam kar lnga,1
ab sab khtam karrrna hai,1
gas chula lgga hai ab,1
sab bethar hoga mere bina,1
ab main hmesha ke lyie ja raha hon,1
zer pi lya hai,1
ab mujhe jenae nahi hai,1
gaarmi ne maar dala aaj,0
akela feeel kar rha hoon aaj,0
pata hai mar hi jaoon ga itni garmi mein,0
khudkushi ka socch raa hoon,1
kal cuuhti hai,0
neend ki goiyan kha li bohat saari,1
yaar phansi laga li hai,1
ab sab khhaatm karan hai,1
akela feel kar raha hoon aaj,0
"mujhe maaf kar dea sab ko, main ja raha honno",1
neend ki golyan kha li bohaat saari,1
ab zinndagi achhhi lag rahi hai,0
pata hai himmat nahi har rahi bas thaka hoon,0
jeene ki hmimat nahi rahi,1
mjhe mrana hai,1
ksh neeend na totey kabhi,1
mvie ahi lagi kal,0
main marna chahti hon,1
ghar min tohddi larai ho gayi,0
nyaa phone liiya hai,0
chhat se kuudne wala hon,1
therapy se behtar feel hoota hai,0
ab maiin hmaesha ke liye ja raah hoon,1
mujeh apni jaan dnei hai,1
aaj mood ahchah hai,0
kaaam bohat tha par ho gayay,0
khhud ko nuqssan nahi pahunchaunga,0
"barish ho rai hai, chai ke liye best",0
mushkil waqt hai par guzar jaayega,0
"pata hai match dekha raat ko, maza aaya",0
goliyan kha li haiin maiinne,1
chhhat se kudne waa hoon,1
man marna nahhi chahtta,0
khudkushhi ka sch raha hoon,1
mauut hi rahat hai meer liye,1
chhat se kuudne wla hoon,1
ghdi dekh raha hon bas waqt aa gaya,1
mar jaoon to sab saamajh jayenge,1
ghadi deh raha hoon bas waqt aa gayya,1
nnd ki goliyn kha li bohat saari,1
gadi dekh raha hoon bas waqt aa gyaa,1
andhera hi annhdhera hai,1
zinddagi se tag aa gaa hoon,1
zindagi se tag aa gaya hono,1
mjjuhe bas mar janna hai,1
khudkushi ka soc raha hon,1
khudkushi karrna chaatha hoon,1
bas thoadd waqt aur phir main khatam,1
graim ne maar dla aaj,0
khdkushi jaisi baaat nahi,0
kal chtuui hai,0
cai pi lo dkkuh khatam,0
dunyia se jaaa chahta hono,1
naya phe lya hai,0
bas thodda waqt aur phir main khattam,1
zindaggi se tang aa gya hoon,1
I swear dost mila bohat dino baad,0
bre ho ke mar jugna,0
"ghar walon se bat hui, sab kuhs",0
gamri ne maar dlaa aaj,0
phasi lgaa li hai,1
naya saal pe nyai ummmeedein,0
khudkushi karnna chhaa hoon,1
zindagi khatam karna chaa hooon,1
bukkkhar hai kal se,0
kaam boat tha par ho gaaya,0
ab sab khaatm kaar hai,1
bukhaaar hai kal se,0
bade se kalai kata li hai,1
thaka hoon par khussh hon,0
I swear mujhe marna hai,1
"for real, net slow hai aaj kal",0
dost milla bohat dino baad,0
resullts ki tenion hai,0
gliyaan kha li haiin maine,1
kal chtit hai,0
results ki tension hai,0
assignment khatam kar lon pihr dekhte han,0
sukoon nhi mlta kahn,1
ghadi dekh raha hooon bas watq aa gaya,1
"ghar waalon se baat hui, sab khush",0
sachi udaas feel kar raha hoon aaj,0
mushkil waaqt hai par guzzar jaega,0
golyian kha li hain maine,1
goliayn kha li hani maine,1
koi umd nahhi rahi ab,1
maain marna chahta hoon,1
ab jeene ka dil nahi kaarta,1
yaar pehle sochta tha ab nahi,0
sab theek chl raha hai,0
naya saal pe naaiy umeedein,0
exma ki tayari cal rahhi hai,0
sab bekar lata hai ab,1
zeher pi liya h,1
sir drdda kar raha hai,0
familly ke saaath dinner kiya,0
khuud ko nuqqsan nahi pahunchaunga,0
itni thkan ke mar jaaun,0
maiin marna nahi chhta,0
mjuhe appni jaan deni hai,1
main khud ko nqsan pahunchata hoon,1
boore ho rhaa hon aaj,0
ghar mein thodi laraai ho gayi,0
nya phooe liya hai,0
neend nahi ayi raat bar,0
main mrana chhati hoon,1
main api kallai kaaat raha hoon,1
exam ki tayari cal rhahi hai,0
andera hi anddhera hai,1
golian kha li hian manie,1
adhera hi anddhera hai,1
rassi chht se badnh di hai,1
ab mujhe jeenna naih hai,1
borrre ho raha hono aaj,0
pnhsi laa li hai,1
sab bekaaar laga hai ab,1
ziingi se tang aa gaya hoon,1
himmat nahi har rhi bas thhaka hon,0
family ke saath diinner kya,0
wrokout ke baaad jism duhk raha hai,0
zeehher pi liyya hai,1
kash need na tootye kbhi,1
"match dekha raat ko, maza aaaya",0
zeher karrd liya aaj hi,1
boe ho rahaa hoon aaj,0
gloian kha li hain maine,1
naay saal pe nayi ummedeein,0
"dsost se larai ho gayyi, bura lag raha hai",0
naya pone lia hai,0
exam ki tayari chal raih hai,0
main se ab kuch nhi hota,1
maut hi ratha hai mere liey,1
main mra chahta hoon,1
dsot mlia bohat dnio baad,0
mar hi jaoon ga itni garmi mine,0
main appni kalai kaat raha hoon,1
alhamdulillah ab tehek hoooon,0
naya sal pe nay ummeedein,0
ab jeenne ka dil naahi katra,1
ab sab khhatam kana hai,1
aaj raat mara cahhat hoon,1
nyaa phhone liya hai,0
cicket dekne ka pan hai,0
kaash neeend na tootey kabbhi,1
rassi chat se bnaadh di hai,1
"mujhe maaf kar dna sab ko, maiin ja rahha hoon",1
traffic ne jan niikal di,0
mujhe apnpi jaan deni hai,1
workout ke baad jissm dukh raha hai,0
blade se kaalli kaat li hai,1
badde se kalai kaat li hai,1
chhhat se kdne wala hon,1
"dost se larai ho gayi, bura lag raaha hai",0
bas thoda waqt aur phir mian khhaam,1
min apni kalai kaat raha hoon,1
maiiin sab ka bojh hon,1
assignmennt khatam kar looon phir dekhte hain,0
himmmat nahi har rahi bas thaka hoon,0
mushil waqqt hai par guzar jaygea,0
ab mut chuni hai mane,1
mai sab ka bjoh hoon,1
rasi chht se bandh di hai,1
assignment khatam kar loon phr dekkhte hain,0
moviie ahchi lagi kal,0
sab teehek chal raha hai,0
muujhe mna hai,1
mian khud ko nusan pahunchata hoon,1
I swear aaj mood achha hai,0
gammi bohta hai aaj kal,0
iti thkan ke mar juan,0
alhamudlillah ab theek hon,0
skuoon nahi mitla kahin,1
bohat parean hoon kaam ki wajah se,0
zher kharid lyia aaj hi,1
zindagi se tang aa gaa hooon,1
mar hi jaoon ga ini garmi menni,0
phhaansi laag li hai,1
alhmadulillah ab theek hoon,0
sab ko avida keh raha hoon,1
main maran naahi chaahta,0
 sab ko salam min ja raah hoon,1
naay phone lya hai,0
duniya se jaaa chahta hooon,1
bhoat pareshan hoon kaaaam ki wajah se,0
"yaar match dekha raat ko, maza aaya",0
jeene ki himmat nahi rahi,1
koi umeed nai rhai ab,1
gas chulla laa hai ab,1
zinddagi khatm karna chahta hoon,1
papa ke jaane ke bad man bhi khtaam,1
sukooon nahi miilta khin,1
 sab ko salma main ja raaha hon,1
jene ka dil kata hai,0
thoda thaaka hooon kam se,0
purani aaadt chhor di,0
man mrana chahti hon,1
aaj rat marna chatha hoon,1
khukushi jaisi baat naahi,0
akela fel kar raah hoon aaj,0
workout ke bad jism dukh raa hai,0
himmat nhi har rahi bas thhaka hon,0
mushkil wqat hai par guzar jaega,0
has has ke mar jaugngga,0
mushkil waqt hai par guzar jayega,0
main mranna chahit hoon,1
koi umeed nahi raahhi ab,1
kaam booht tha par ho gaya,0
therpay se behtar fel htoa hai,0
"salary aa gayi is mahine, seriously",0
mujhe marrrrna hai,1
rasi chhta se banndh di hai,1
balde se kalai kaat li hai,1
mauut hi rahat hai mere liiye,1
cricket dehhne ka plan hai,0
udaas feel kar raah hooon aaj,0
ab mian hamesha ke lyie ja raha hoon,1
man apni kalia kaat rha hoon,1
ghar meni thodi lraai ho gayyi,0
dadr mein hi sukon mila hai,1
neend nahi ayi raaat bhra,0
zindagi se tang aa gaya hu,1
ab sab khahtam karna hai,1
sir dard kar rhaah hai,0
jnee ki himmat nahi rahi,1
chhat se kune waa hoon,1
khudkusshi kraan chahta hoon,1
dst ke saath gohomne gayya tha,0
duniyya se jaana chahta hono,1
assignment khatam kar loon phri dekhet haain,0
"barish ho rahhi hia, chi ke liye best",0
nend ki goliyan kha li bohat saair,1
purani adaat chohr di,0
"match dekha rat ko, maaza ayaa",0
akkela feel kar raha hon aaj,0
dot mila bohat dino baad,0
 sab ko saalam maain ja raha hoon,1
thka hoon par khush hooon,0
khudkushi ka soc raaha hoon,1
"ghar walon se baat hui, sab khush, I am done",0
sukkoon nahi milta kain,1
ab jeee ka dil nhi krta,1
I swear main se ab kuch nahi hota,1
gmri bohta hai aaj kal,0
thodi si khasi hai bas,0
"brish ho rahi hai, chi ke liye best",0
sir drad kar raaah hai,0
salary aa gayai is mahie,0
maiin sab ka bjh hon,1
"nyaa dama shuur kiya, story achhi hai",0
zeher pi lyyia hai,1
traffic ne jaaan nikaal di,0
rassi chat se badnh di hai,1
skoon nahi milta kin,1
sab ko alvida keh raha hoono,1
bldae se kalai kaa li hai,1
aaj hi sab khatam kar looonnga,1
assignment khatam kar lono pir dekhte hain,0
neennd ki goliyan kha li bohat srai,1
ab mujhe jena naahi hai,1
main marna nahhi chahta,0
khudkushi karna cahta hoon,1
marnne ka waqt aa gaya hai,1
aaj hi sab khattatm kar loonga,1
"dost se larai ho gai, bra lag raha hai",0
maan se ab kuch nahi hta,1
alhaamdulillah ab theke hoon,0
mauut nahi chahiye mujjhe,0
naya phone liiya hai,0
nyaa saaal pe nayi ummeedein,0
alhamdulillah ab thek hoon,0
eaxm ne maaar daala,0
purani aadaat chor di,0
nede ki goliyan kha li boat saari,1
sab ko alviad keh rha hoon,1
chhht se kudne wala hon,1
dost milla bohat dino bada,0
marrre ka waqt aa gaya hai,1
muuhe apni jan deni hai,1
akela fel kar raah hooon aaj,0
mrarne ka waqt aa gyaa hai,1
dost ke saaath ghoomne gaa tha,0
koi umeed nai rahi ab,1
main khud ko nuqsan pahunchata hooon,1
aaj ka din thkeee tha,0
"baarish ho rahi hai, chai ke lyie best",0
I swear bore ho raha hoon aaj,0
mujhe anpi jaaan deeni hai,1
golyan kha li hain mainne,1
khhudkushi karna cahta hono,1
bhhook se mar januga,0
main sab ka bojhj hoon,1
andhrae hi andhea hai,1
"barish ho rahi hai, chai ke liiye bset",0
salary aa gyai is mahhine,0
mhhe {t} marna hai,1
muhkiil waqt hai par guzar jaayega,0
traffic ne jan nikla di,0
sukon nahi milat kaihn,1
nya phhone liyya hai,0
mujhe {t} maarnna hai,1
"mujhe maaf kar deaan sab ko, main ja raah hoon",1
khudkuhi ka soch raha hoon,1
dot ke satah ghoomne gya tha,0
alhamdulillah ab theke hono,0
itin thkan ke mar jun,0
khuddkushi jaisi baat nahi,0
khd ko nuqsan nahi pahunchaunga,0
rassi chhat se bdh di hai,1
chai pi lo dukkh khatam,0
dots ke satah goomne gaya tha,0
mar jaooon to sab samajh jaeygne,1
zeeer pi lya hai,1
exam ne maar dlaa,0
muujhe bas mar jaaana hai,1
gaarim ne maar dala aaj,0
salry aa gai is mahhine,0
assinmeent khatam kar loon phir dekhte haiin,0
"jeene ki himmat nahi rahi, I am done",1
dots mila boht dino baad,0
 sab ko salam main ja raha hu,1
naaay phne liya hai,0
chi pi lo dukkh katam,0
man sab ka bojh hno,1
sir dadr kar raha hai,0
aaj phir khhud ko kaat batiha hoon,1
maain apnni kalai kata raha hoon,1
exxam ki tayari cal rahi hai,0
aaj phir khud ko kaaat bitha hoon,1
zher pi liiya hai,1
koi umeed nahhi raahi ab,1
cai pi lo duh khtaam,0
sab bhtar hoa mree bina,1
mar jaooon to sab samajh jyenge,1
rassi chaht se badnh di hai,1
sab theek cal rhaa hai,0
koi ueeed nhai rahi ab,1
naya saal pe nayyi ummeddein,0
pata hai ab zindagi achhi lag rahi hai,0
bkuar hai kal se,0
move achhi lagi kal,0
zindagi se tang aa gya hoon,1
ab mani hamehsa ke liye ja raha hon,1
goliayn kha li han miane,1
sab beakar ltga hai ab,1
udaas fee kar raah hoon aaj,0
bre ho ke mar jaungga,0
mujhhe bas mar jaa hai,1
maut nhai chahie mujhe,0
aaj mood acah hai,0
sir dad kar raahha hai,0
"bukhar hai kal se, not joking",0
sachi mujhe apni jaan deni hai,1
"naya draam shuru kiya, sotry achhi hai",0
zinagi khatam kana chahta hon,1
gas chuula lga hai ab,1
ab zindai acchih lag rahi hai,0
ab mauut chuni hai maen,1
nend ki goliayn kha li bohat saari,1
"honestly barish ho rahi hai, chai ke liye best",0
chhhaat se kudne wala hoon,1
andheera hi anddhera hai,1
"match dekha rat ko, maza aaa",0
daard mein hi skuoon milta hai,1
main sab ka bohj hooon,1
bok lagi hai yar,0
main apnni kalai kaaat raha hooon,1
aaj hi sab kahtam kar loonga,1
main sab ka bojjh hooon,1
maiin apni kalai kaat raha hon,1
maut hi rahat hai meere liyie,1
alhamddulillah ab thheek hoon,0
terapy se behtar feel hoat hai,0
thda thaka hon kaam se,0
ab mut cuhni hai manie,1
itin tkan ke mar jaun,0
sab beekar lagta hai ab,1
sukono nai milta kahiin,1
cricket dekehne ka plna hai,0
matu nahi chahiiye mjhe,0
reeuslts ki tenson hai,0
chht se kuden wala hoon,1
thodi si kanhssi hai bas,0
min sab ka bjh hoon,1
aaj phir khud ko kat baittha hoon,1
andhra hi andheera hai,1
daadr mein hi sukoon milta hai,1
bore ho ke mar jaauunga,0
I swear jeene ka dil karta hai,0
thaaa hoon par khhush hoon,0
main maran chahti hooon,1
main apnni kaai kaat raha hon,1
"sab theek chal raha hai, seriously",0
jeene ki himt naahi rahi,1
need ki goiyaan kha li bohat saari,1
boko se mar jaunnga,0
adhera hi anera hai,1
sachi neend nahi aayi raat bhar,0
thiod si khansi hai bas,0
thodda taka hon kaam se,0
naya saala pe nayi ummeedein,0
muujhe {t} mana hai,1
maut nhai chaaiye mujhe,0
thaka hooon par khuush hoon,0
udaas feel kar rhaaa hoon aaj,0
results ki teniion hai,0
"muhje maaf kar denna sab ko, main ja rha hoon",1
kaam bhhat tha par ho gaya,0
sab behtar hoag merre bina,1
zinndagi se tnag aa gaaya hoon,1
eaxm ne maaar dlaa,0
bohat paresan hon kaam ki wajah se,0
neend ki goliyaan kha li bohaat saarri,1
thoda thaaka hoon kam se,0
ble se kalai kaat li hai,1
"naya saal pe nayi ummeedein, I am done",0
zeher pi liia hai,1
naaya sala pe nayi ummeedeiin,0
raassi chhat se bndh di hai,1
"mujhe maaf kar dea sab ko, maiin ja raha hoon",1
ghar meiin thdi larai ho gaayi,0
zindagi khatam karna chahhta hooon,1
jeeene ki himmaat nahi rahi,1
bas thoda waqt aur pihr mian khatma,1
uaas feeel kar raa hoon aaj,0
kal cuhhtit hai,0
muhje maa hai,1
uaas feel kar raha hon aaj,0
theerapy se behtar feel haot hai,0
kal chit hai,0
khudkuhhsi jaisi bat nahi,0
"barish ho rahi hai, chia ke lyiye best",0
family ke saahht dinner kiya,0
salaay aa gyai is mahine,0
naya phone lyiai hai,0
honestly naya saal pe nayi ummeedein,0
neennd nahi aayi raata bhar,0
aaj rat maarna chahta hoon,1
salary aa gai is mihne,0
zehr pi lya hai,1
thka hno par khush hoon,0
pehlhe sochta tha ab nahi,0
aaj ka din tehheek tha,0
zindagi se tng aa gyaa hon,1
ksh neend na toootey kbahi,1
naya phonne liay hai,0
maut hi rhaat hai mee lye,1
ab jeee ka dil nahi kata,1
blade se kalaai kata li hai,1
sab beekaaar latga hai ab,1
gami ne maar dlaa aaj,0
ab jne ka dil nahi kata,1
zindgi se taang aa gaya hoon,1
asisgnment khatam kar looon phir dekhte hain,0
naya phone liya hai,0
khud ko nuqsan nahi pahunchanuga,0
mian mrna chaahti hoon,1
dunia se jaana chahtta hoon,1
mauut hi rahat hai merre liyye,1
sab ko aliivda keh raha hon,1
bas thhoda wat aur phir main katam,1
maauut nahi chahiye mujhe,0
muhe {t} maana hai,1
khudkuuhi jiasi baat nahi,0
mhje apni jaan deeni hai,1
hiimmat nahi har rahi bas thaka hoon,0
mar hi jaono ga itni gari mein,0
thaka hoon par khuush hoon,0
sukoon nai miltta kahni,1
sir dadr kar rhaa hai,0
man marna chhti hooon,1
"sab bekaar lagta hai ab, for real",1
mani sab ka boh hon,1
"cricket dekhne ka plan hai, I am done",0
mar jaoon to sab sammajh jayennge,1
grami botha hai aaj kal,0
koi umede nai rahi ab,1
"mujhe apni jaan deni hai, for real",1
dost ke saath ghoomne gaya tha,0
"gas chula laga hai ab, I am done",1
aaj mood achca hai,0
kash neeend na tootey kabhi,1
mar hi jaoon ga itni garmi meiin,0
phansi lagga li hai,1
khabi aias socha nahi,0
koi umeed naih rahi ab,1
"mujhe maaaf kar dena sab ko, mani ja raha hooon",1
purani aadta chro di,0
neend naahhi aayi raat bhar,0
aaj raat manra cahta hoon,1
pehe sochta tha ab nahi,0
maut hi rahaat hai mre lye,1
gaarmi ne maar dllaa aaj,0
mujjjhe apni jaan deni hai,1
saaalary aa gaiy is mahine,0
rasis chhat se bannh di hai,1
thid si khansi hai bas,0
mar jono to sab samajh jayenge,1
itni thakan ke mar juan,0
ab man hamseha ke lyie ja raha hoon,1
maut nahi chahiiye muhe,0
gas chla lgaaa hai ab,1
sachi cricket dekhne ka plan hai,0
khudkuushi jaisi bata nahi,0
aaj phir khud ko kaat batiha hoon,1
has has ke mar jaagna,0
pehlle sochhta tha ab nahi,0
min sab ka boh hon,1
"I swear naya drama shuru kiya, story achhi hai",0
ghar mein thdi lraai ho gayi,0
saalary aa gai is mahine,0
duniya se jaaana chahta hoon,1
bade se kalai kaaat li hai,1
salayr aa gyyai is mahine,0
ab zinndgai ahchi lag rahi hai,0
dard mein hi sukkoon mitla hai,1
aaj phr khud ko kat baaitha hoon,1
ab maiin hamesha ke liye ja raha hon,1
khudkushi kara chaha hoon,1
ab ziinagi ahchi lag rahi hai,0
sir drad kar rhaa hai,0
"ghar walon se bat huii, sab khush",0
naya phonne liiyya hai,0
marre ka waqt aa gaya hai,1
mar hi jaon ga itni garmi miien,0
udaaas feel kar rhaa hoon aaj,0
dard mein hi sukon mlta hai,1
papa ke jaaen ke baad main bhi khtaam,1
bhook lggi hai yar,0
ab maut chni hai mien,1
exma ki tayari chal raahi hai,0
ab maut chnni hai maine,1
 sab ko salam man ja raha hono,1
net sllw hai aaj kal,0
baalde se kalai kaat li hai,1
min khud ko nuqsan pahunchata hoon,1
koi umeed nahi rhai ab,1
crcket dekhne ka pllan hai,0
mat hi rahat hai merre liey,1
blde se kalai kata li hai,1
thad thaka hoon kaam se,0
maut hi raaaht hai mere liye,1
ab muhe jnea nahi hai,1
aaj raat mrana chahtta hono,1
andhera hi andera hai,1
chhat se kune wala hoon,1
has has ke mar juaga,0
crciket dekhne ka plna hai,0
himmat nahi har rahi bas thhaka hoon,0
main maarna nahi cahhta,0
cricket dkhe ka plaan hai,0
"for real, assignment khatam kar loon phir dekhte hain",0
muje {t} mrana hai,1
has has ke mar janaag,0
kal cthtuti hai,0
mar jaoon to sab saajh jayenge,1
exam ki tayari cal rahi hai,0
broe ho rha hono aaj,0
"baish ho rahi hai, cai ke liye best",0
toddi si khansi hai bas,0
bhook se mar jauunga,0
garrmi boaht hai aaj kal,0
mujjhe {t} maarna hai,1
mar jaooon to sab samaajh jayenge,1
thkaa hooon par khush hon,0
"nya drama shuur kiya, story achhi hai",0
"dost se larai ho gyai, bura lag rha hai",0
main apin kalai kaat raha hoon,1
maain apin kalaai kaat raha hoon,1
aaj phir kuhd ko kaat baaitha hon,1
phansi laga li hai,1
maut naahi chhaiye mujhe,0
ksah neend na tootey kbahi,1
sir dad kar rahhha hai,0
needn nai aayi rat bhar,0
kal chhhtuti hai,0
exam ki tayyraai chal rahi hai,0
thoda thak hoon kaam se,0
anehra hi adhera hai,1
ab sab khaatam karan hai,1
zehhre pi liay hai,1
udaas feeel kar rahha hon aaj,0
mujjhe mrarna hai,1
"mjuhe maaf kar dna sab ko, maain ja raha hoon",1
"barish ho rahhi hai, chai ke liyye best",0
ghadi dekh raha hon bas wqt aa gaya,1
ab mujhe jeeena nhai hai,1
familly ke saath dnner kiya,0
ab sab khatam kaana hai,1
mar jaoon to sab samajh jayegne,1
assignment khatam kar loon phir dekhte hian,0
ini thkan ke mar janu,0
aaj phri kuhd ko kaat batiha hoon,1
maiin apni kaali kaat raah hoon,1
"naya drma shhuru kiya, story achhi hai",0
muhe {t} mana hai,1
theraapy se behtar fel hota hai,0
puraaani aadat chhhor di,0
"naya phone liya hai, not joking",0
andherra hi andhra hai,1
mjuhje {t} marna hai,1
 sab ko salam mani ja raa hoon,1
mian khud ko nuqsan pahunchata hooon,1
muhe bas mar janaa hai,1
"dost se larai ho gai, bura lag raha hai",0
zeeher pi lyai hai,1
goliyaan kha li hain maine,1
sab theek chla rahha hai,0
 sab ko salam main ja raaha hono,1
muujhe {t} manra hai,1
caht se kudne waal hoon,1
main marnna chahti hoooon,1
phnasi lga li hai,1
ghadi deh raah hon bas waqt aa gaya,1
ab jeeen ka dil nahhi krata,1
koi umeed nahhi rahi ab,1
neend ki gooliyn kha li bohat saaari,1
sab bekkaar lata hai ab,1
khud ko nuqsan nahi pahunchaunga,0
naya phne liya hai,0
thaka hooon par kuhsh hoon,0
garmmi ne marra dala aaj,0
jeene ki himmat nahih rahi,1
zindagi khatam karna chtaa hon,1
booaht parehsan hoon kaam ki wajah se,0
bkhaaar hai kal se,0
workout ke baaad jism dkh rha hai,0
alhamduliillah ab theek hno,0
zeher khaiard liya aaj hi,1
aaj moodo achhha hai,0
"gahr walon se baat hui, sab khussh",0
papa ke jaen ke baad main bhi khaatam,1
mai marna chahti hono,1
"gahr walon se baat hui, sab khuush",0
aaj ka din thheeek tha,0
exam ki tyaari chaal rahi hai,0
gas chuual laa hai ab,1
 sab ko salam maan ja raha hono,1
sukoon nahi miltta kanhi,1
"dost se larai ho gai,y bura lag rha hai",0
pehle sochta tha ab nai,0
main se ab kuch naih hoota,1
"match dehha raaat ko, maza aaya",0
 sab ko salam main ja raaah hon,1
aela feel kar raha hooon aaj,0
nayya saal pe nyai ummeeedein,0
"barish ho rahi hai, chai ke lye bet",0
ab mjuhe jeena naahi hai,1
himmat nhi har rai bas thaka hono,0
muhe {t} maarna hai,1
broe ho ke mar jaugna,0
"mujhe maaaf kar deena sab ko, main ja raha hoon",1
cickket dekhne ka pan hai,0
sir daad kar raa hai,0
yaar gas chula laga hai ab,1
sab ko alvdia keh rhaa hoon,1
zehher pi lia hai,1
khuudkuhi jaisi baat nahi,0
kash neend na tooteey kabi,1
mooie achi lagi kal,0
ab muhe jeena nhi hai,1
koi uede nahi rahi ab,1
chth se kudne walla hoon,1
thoda thaa hoon kaaam se,0
phaansi laa li hai,1
thdoi si kahansi hai bas,0
duniya se jaaa chatha hoon,1
dsot ke saath ghoomne gaya tha,0
main marna chahtee hoon,1
boohat pareshan hooon kaam ki wajh se,0
mar hi jaoon ga itin grmi mein,0
boore ho rha hoon aaj,0
min mara nahi chahta,0
suukoon nahi millta kahhin,1
thaka hoon par khush honno,0
book laig hai yaar,0
maarrne ka waqqt aa gaya hai,1
"ghr walon se baat hi, sab kuhsh",0
aaj phir khhdu ko kaat baitha hoon,1
"muhe maaf kar dena sab ko, main ja raha hoon",1
thda thaka hono kaam se,0
gas cuhla laaga hai ab,1
aaj phr kuhd ko kat baitha hoon,1
"dost se larai ho gayi, bura lag raha hai, I am done",0
udaas fel kar raha hoon aaj,0
sab bkar lagta hai ab,1
resuts ki tnesin hai,0
blade se kalai kaat li hai,1
muat hi rahat hai mere lie,1
exaaam ki tayari chl rahi hai,0
mar jaoon to sab samajh jyaeneg,1
mat naahi chahiye muhje,0
mjuhe maran hai,1
exm ne maaaar dala,0
has has ke mar jaaung,0
zndagi khatam karnna cahhta hoon,1
dost mia bohat dino bad,0
bhoko se mar jauga,0
uddaas feel kar raha hooon aaj,0
ab sab khhatam kaarna hai,1
koi umde nhi rahi ab,1
zeher khaarid liya aaj hi,1
bhoook lgai hai yar,0
has has ke mar jaunag,0
kahs neend na tootey kabih,1
paapa ke jane ke baad main bhi khaatam,1
zehr kahrid liya aaj hi,1
garmi bhat hai aaj kal,0
tahka hoon par kussh hoon,0
faamiy ke saaath dinner kiya,0
ab zindaagi acchhi lag rahi hai,0
ab muut chuni hai maine,1
aaj raat mraana chahta hoon,1
zindagi khatm karrna chahta hoon,1
zeher khaarid lay aaj hi,1
kaam bohaat tha par ho gay,0
thhodi si khansi hai bas,0
bllade se klai kaat li hai,1
dst mila bohat dino bada,0
sukoon nahi milta kain,1
assignment khaatm kar loon phir dekhte hain,0
dots ke saath ghooomne gaya tha,0
"barh ho rahi hai, chai ke liiye best",0
rassi chat se banndh di hai,1
aaj ka din tehke tha,0
ab zindagi achhi lag rhi hai,0
mujhe mnaa hai,1
ghar meini thodi larai ho gyai,0
"dost se lrrai ho gayi, bua lag raha hai",0
sab ko alvai keh raha hoon,1
kal chhutti hai,0
jeene ka dil kaaara hai,0
workout ke baaad jism dukh raha hai,0
goiyan kha li han maine,1
I swear ab jeene ka dil nahi karta,1
yaar himmat nahi har rahi bas thaka hoon,0
neend ki gloiyyan kha li bohat saari,1
thhka hoon par khuh hoon,0
yaar chai pi lo dukh khatam,0
phaansi lag li hai,1
pata hai maut nahi chahiye mujhe,0
therapy se bethar feel hat hai,0
musshhkil waqt hai par guazr jayega,0
maren ka wqt aa gaya hai,1
khudkushi ka soh raaah hoon,1
dost miila boht dino bad,0
zindagi se tang aa gyyaa hon,1
main apni kalai kaat rahhha hoon,1
bkha hai kal se,0
ab maut chni hai maien,1
"for real, main se ab kuch nahi hota",1
khudkuushi jaisi bat nhi,0
jeene ki himmat nhia rahi,1
neend ki goliayn kha li bohat sari,1
 sab ko saalm maiin ja raha hoon,1
mushkil wqt hai par guzzra jayega,0
"rassi chhat se bandh di hai, not joking",1
"naya dramma shuru kiya, story achih hai",0
matu hi rahat hai mre liye,1
ab zindaig achhhi lag rhai hai,0
main marna cahta hoon,1
sab bekeaar latga hai ab,1
nya phone lya hai,0
"ghar walon se baat huii, sab khsuh",0
pehle sochta tha ab nahin,0
ab zindagi achih lag raih hai,0
sir dadddr kar raha hai,0
pehel sochta tha ab naih,0
bas thoda waaqt aur phir main khaatam,1
khudkushi kaara chahta hoon,1
beo ho ke mar jaunga,0
sab theek cahhhl raha hai,0
khuud ko nuqsan nahi pahunchaaunga,0
aaj rat marna chaha hooon,1
"ghar walon se baat hui, sab khhuh",0
main khud ko nuqsn phahunchata hoon,1
duniya se jaana chatha hoon,1
phaannsi laga li hai,1
bas thoda waaqt aur pir man khatam,1
exam ki tayri chal raih hai,0
duniya se jaana chahta hon,1
bhok se mar januga,0
koi uemed nahi rhhi ab,1
muej apni jaan deni hai,1
andhrera hi andhera hai,1
koi umeed nahi rhi ab,1
thhaka hoon par kush hoon,0
sab behhtar hoga meee bina,1
zeehr pi lyia hai,1
maut nahi chahiye muuje,0
thoda thaka hooon kama se,0
man marna naih chahta,0
jeene ki himmat nhaih rahi,1
sab baear lagta hai ab,1
 sab ko salam man ja raha hoon,1
"braish ho rahi hai, chia ke liye besst",0
maut hi rhat hai mere liye,1
man sab ka bojjh hoon,1
workout ke bad jism dukh raha hai,0
kal chuhttti hai,0
zindagi se tang aa gaay hono,1
yaar dard mein hi sukoon milta hai,1
maain apni kalai kaat raha hon,1
sir draad kar rhaa hai,0
sallary aa gyyai is mahine,0
puranni aadta chohr di,0
anhera hi anndherra hai,1
ppa ke jaane ke bada main bhi khatma,1
mauut nahi chahiye mjhe,0
bohok laagi hai yar,0
reesluts ki teension hai,0
"barrish ho rahi hai, chia ke liye best",0
ab zindagi achhi lag rhahi hai,0
sab ko avlida keh rha hooon,1
thaka hu par khush hoon,0
mujhe apni jaaan deein hai,1
garmim bohta hai aaj kal,0
has has ke mar juangna,0
buukhaaar hai kal se,0
sab ko alvdia keh rahha hooon,1
khudkushi ka soh rha hoon,1
muhje apni jaan dei hai,1
khud ko nqsan naahhi pahunchaunga,0
koi ueed nahi raahi ab,1
zindai se tag aa gaya hoon,1
sab betar hoga mere bnia,1
mvie achhi lagi kal,0
blade se kallai kaa li hai,1
pahnsi laa li hai,1
has has ke mar jaunggag,0
gamri boaht hai aaj kal,0
chat se kudne wala hono,1
"naya drama shuru kiya, soy ahchi hai",0
"ghar mein thodi larai ho gayi, not joking",0
koi ummeed naih raahi ab,1
kal cuhtttti hai,0
chhat se kudne wallal hoon,1
"ghaar wlaon se baat hui, sab khush",0
neend nahhi aayi rata bhr,0
nyya saal pe nayi ummedein,0
dot mila bohaat dino baad,0
sab bekkkaar laga hai ab,1
maain sab ka bjoh hooon,1
thoda thkaa hooon kaam se,0
zniddagi khatam karan chahta hoon,1
sab behtar hoga merre biina,1
crickeet dekhe ka paln hai,0
jeenne ki himmat naih rhi,1
goiyan kha li hnai maine,1
bhok lagi hai yaar,0
rassi chhta se bndh di hai,1
main marrna chahti hooon,1
kaaam bhat tha par ho gya,0
sachi jeene ki himmat nahi rahi,1
mushkil wat hai par guzar jayega,0
 sab ko salam man ja raha hoooon,1
nayya saaal pe nayi ummeedein,0
sab bekaar lgat hai ab,1
sab bekaar latga hai ab,1
has has ke mar jaunnag,0
ghar men thodi larai ho gaayi,0
rassi chaht se banh di hai,1
bas thoda waqqt aur phiir main kahtam,1
neeend nahi aaiy raat bhar,0
mjuhe bas mar jnaa hai,1
neendn ki goliyan kha li boat saari,1
sab bkara latga hai ab,1
gahr mein todi larai ho gayi,0
ab jeene ka dil nahih kartta,1
ab sab khtam karnna hai,1
trfaic ne jaan nikal di,0
garmi ne maar daal aaj,0
ab maain hameshha ke liye ja raha hooon,1
exxam ki tayari chaal rai hai,0
phhansi lgaa li hai,1
chhhhat se kude wala hoon,1
aaj ka din teek tha,0
goliyan kha li hiiaan maine,1
bhook lai hai yaa,0
ab jeene ka dil naahi kartta,1
dard mein hi suoon mila hai,1
sir ddr kar raha hai,0
bas thoda wqqat aur phir main khatam,1
dunay se jaana chahta hooon,1
aaj mod acah hai,0
has has ke mar jauuan,0
theray se behatr fel hota hai,0
"mujhe maaf kar dna sab ko, main ja raha hoon",1
gaarmi ne mara dala aaj,0
gammi bohhat hai aaj kal,0
therapy se behtar feele hota hai,0
bhoook se mar jauga,0
"baarihs ho rahi hai, chai ke liye besst",0
net slolw hai aaj kal,0
maut hi raat hai mere lyie,1
 sab ko salam mani ja raha hoooon,1
zindagi khatam kanra chahta hoon,1
"mjhhe maaf kar deena sab ko, main ja raha hoon",1
"ab zindagi achhi lag rahi hai, seriously",0
marrrne ka waqt aa gaya hai,1
"match dkah rata ko, maza aaya",0
"sab ko alvida keh raha hoon, I am done",1
naya saal pe nai ummeedien,0
khud ko nusqan nahi paahunchaunga,0
sab ko alvida keh rha hooon,1
papa ke jaane ke bad maain bhi khatam,1
mrrnne ka waqt aa gaya hai,1
himmat nahi har rahi bas thaka hooon,0
chhta se kudne wala hoon,1
has has ke mar jnuaga,0
thkaa hono par khush hono,0
ab mat chui hai maie,1
therapy se behtra feel hoaat hai,0
sab behtar hoga mre biaan,1
gas chullla laa hai ab,1
main mara naih chatha,0
duniya se jaana chahha hoon,1
dnuiya se jaana chaahta hono,1
jeeen ka dil kaarat hai,0
phhansi laaag li hai,1
sukoon nahi mllta kahin,1
"barish ho rhai hai, chai ke liye best",0
"mah dekha raat ko, maza aaay",0
kaam bhoot tha par ho gaya,0
dost mila bohhat dio bad,0
" sab ko salam main ja raha hoon, seriously",1
"doot se larai ho gayi, bura lag raha hai",0
aaj hi sab khatam kar longa,1
movie ahhi laggi kal,0
kaahbi aias socha nahi,0
duniya se jaanna cahhhta hoon,1
kal chhhutti hai,0
mut hi rahhat hai mere lye,1
akeela fel kar raha hoon aaj,0
mujjhe bas mar jaa hai,1
yaar neend ki goliyan kha li bohat saari,1
ghar mein thoi larai ho gayi,0
blade se kaliia kaat li hai,1
neeend ki goilyan kha li bohat saari,1
bohat pareshan hoon kaam ki wajha se,0
sab behttar hoa mere bna,1
jeene ki himamt nhi rahi,1
main khhud ko nuqsan pahunchhata hoon,1
"aaj raat marna chahta hoon, seriously",1
ab jene ka dil nhai kata,1
jee ka dil krata hai,0
bkahr hai kal se,0
bhhook lagi hai yara,0
zheer pi lia hai,1
min se ab kcuh nahi hota,1
ab mauut chuni hai maaiine,1
mar hi jaoon ga iti gamri meiin,0
aaj raat marna chahhta hon,1
mujeeh {t} mrana hai,1
salary aa gai is mhine,0
chhat se kudne wal hoon,1
yaar ab zindagi achhi lag rahi hai,0
nya saal pe nayi ummedein,0
bohok lgia hai yaar,0
"dots se laarai ho gayi, brua lag raha hai",0
andehra hi andhera hai,1
khhud ko nuqsan nahi pahunchaunga,0
goiyan kha li hiain maine,1
muje apni jan deni hai,1
mujhhe {t} marna hai,1
paapa ke jaane ke baad min bhi khatam,1
ghr mien thodi lrai ho gayi,0
akela feel kar raha hooono aaj,0
naya saal pe nayi umedein,0
purani aadt chhro di,0
gas chulal laga hai ab,1
exam ki taayri chhal rahi hai,0
aaj mood ahhah hai,0
kudkushi ka socch rha hoon,1
tohda taa hoon kaam se,0
blade se kaalai kaaat li hai,1
neend nahi ayai raat bhaar,0
sab ko alvvida keh rhha hoon,1
pehle schta tha ab naih,0
"dot se larai ho gay, bura lag raha hai",0
sir dadr kar raa hai,0
aaj hi sab khatam kar logga,1
nyaa phonne lyia hai,0
ghddai deh raha hoon bas waqt aa gaya,1
koi umeeeed nahi raahi ab,1
aaj mood achah hai,0
purni aata chhor di,0
anndehra hi anhdera hai,1
theearpy se behtar feel htoa hai,0
thdoa thaka hon kaam se,0
"bairsh ho rhhi hai, chai ke liye best",0
sab ko alvida keh raha hoooon,1
"naya drama shuru kiya, story achhi hai, for real",0
thhoda thaak hon kaam se,0
cai pi lo dukh khataaam,0
exam ne marra daa,0
salllary aa gayi is mhine,0
alhmadulillah ab teek hoon,0
thoda thaaka hon kam se,0
dost mla bohat dno baad,0
ab sab khatam kaaran hai,1
workout ke baad jimms dukh raha hai,0
himmat nahi har raih bas thaka hon,0
zher pi liyya hai,1
naya sala pe nyi ummeedein,0
bkkuhar hai kal se,0
theerappy se behtar feel htoa hai,0
maauut hi raht hai mere liye,1
garrmi ne maaar dala aaj,0
khudkushi krana chahta hooon,1
mujhe ani jaan dei hai,1
"barish ho rahi hai, chai ke liye bset",0
mar hi jaono ga itni garmi men,0
main maarna nhahi chahta,0
man khuud ko nuqsan pahunchata hoon,1
 sab ko salam man ja rhha hoon,1
himmat nhhi har rahi bas thaka hon,0
"akela feel kar raha hoon aaj, I am done",0
goliyan kha li hain maiie,1
"match dehhka raaat ko, maza aaya",0
itni thaan ke mar jun,0
exam ki tayi chal rahi hai,0
kash neend na tootey kbahi,1
rasssi chhat se bnh di hai,1
aaj raat marna chhahta hoon,1
kabhi aisa sooach nahi,0
jeene ki hiimmat naahi rahi,1
ab mhej jeena nahi hai,1
adnherra hi andhear hai,1
zindagi se tang aa gaay hoon,1
mushkiil waqt hai par guzar jyaega,0
muhje marnna hai,1
mnai sab ka bojh hono,1
dost ke satah ghomone gya tha,0
ab sab khtaam karna hai,1
"zeher pi liya hai, for real",1
kal cutti hai,0
eam ne maar dla,0
sab theek cla raha hai,0
goliiyan kha li hain mnaie,1
garmi ne maar daaala aaj,0
ab sab khatma karrna hai,1
cia pi lo dukkh khatam,0
alhammdulillah ab theke hooon,0
phanis laga li hai,1
broe ho ke mar junga,0
I swear blade se kalai kaat li hai,1
itnin thakan ke mar jan,0
"match dekha raat ko, maza aaya",0
maut hi rahat hai mere lyie,1
honestly bhook se mar jaunga,0
main mrna chahta hoon,1
 sab ko salam min ja raha hono,1
traffiiic ne jaan niikal di,0
maaut hi rahaat hai meer liye,1
maain marna chhata hoon,1
duniya se jaaana cahhta hoon,1
kash neend na tootey kabbhhi,1
exxam ne mar dalla,0
ppa ke jaane ke bad main bhi khaatm,1
thka hoon par khush hono,0
"match dkeha raat ko, maza aayya",0
chhat se kunde wala hoon,1
maiin se ab kuch nahi hotta,1
borer ho raah hoon aaj,0
kabhi aiissa soca nahi,0
boer ho raha hoono aaj,0
 sab ko saam man ja raha hoon,1
mar joaon to sab samajh jaayenge,1
duniay se jaana chahhta hoon,1
kabhi aisa socha nhai,0
moovie achi lai kal,0
thaak hoon par khsh hoon,0
ab zindagi achhi lag raai hai,0
mian anip kalai kaat raha hoon,1
sab ko aviad keh raha hoon,1
min se ab kuch nhhi hota,1
faily ke sath dinnr kiya,0
aaj phhiir khuud ko kaat baitha hoon,1
pehel sochta tha ab nahi,0
ab mjuhe jenea nhai hai,1
garmi boohhat hai aaj kal,0
mar hi jaoon ga iti garmi mien,0
main se ab kuch naahi hoa,1
akeal feel kar raha hoon aaj,0
maain khud ko nuqsn pahunchata hoon,1
workout ke baad jim dukh raha hai,0
khukdushi karna chahta hooon,1
goliiyan kha li hain maine,1
sir dard kar raahaa hai,0
chhat se kddune wala hooon,1
koi umeed nahi raaahi ab,1
muhej mrana hai,1
man marna chahit hoon,1
andhera hi andhar hai,1
sab behtar hooga mere bna,1
chai pi lo dukh khtaam,0
family ke saaath dinner kiyya,0
dard mieen hi suukoon milta hai,1
"mujhhe maaf kar dena sab ko, mani ja raha hoon",1
mar hi jaoon ga itni garrmi mein,0
mar hi jaooon ga itni garmi mien,0
zehhher pi liay hai,1
min sab ka bohj hon,1
family ke saaath dinner kiiya,0
sab ko alivda keh raha hooon,1
jenee ki hiimmat naih rahi,1
zeher khharid liya aaj hi,1
ab sab kahtam kaarna hai,1
chai pi lo duh ktam,0
puurani aadaat chhor di,0
naya saal pe nyai ummeedein,0
mujhe {t} mrna hai,1
ghaadi dekh raha hoooon bas waqt aa gaya,1
sir dad kar rhaaa hai,0
broe ho ke mar jaunnga,0
ab mjuuhe jeeena nahi hai,1
assignment kaham kar lon phir dekhte hain,0
sab theke chhal rha hai,0
slaary aa gyi is mahhine,0
dost mila boaht dino baad,0
assignment khatma kar loon phir dekhte hain,0
nayya phnoe lya hai,0
gaarmi ne mar daa aaj,0
tdhi si khannsi hai bas,0
sab ko allvida keh raha hoooon,1
blaae se kalai kaat li hai,1
neend ki goiyan kha li boat saaari,1
main se ab kuch naahi hoat,1
mar hi jaoon ga inti garrmi mein,0
bhokko se mar jaugna,0
cha pi lo dukkh khatam,0
exam ki tayari chaaal rahi hai,0
thoda tahka hoon kaam se,0
main marna chaahti hono,1
"barish ho rhai hai, chi ke liey best",0
ab zindagi achi lag rhi hai,0
sukkoon naih milta kaahin,1
dost mila bohat dio bdaa,0
neend nahi aai raat bhar,0
aela feeel kar raha hon aaj,0
dsot ke saath ghoomne gaayya tha,0
kash neeend na tootey kahbi,1
kabhi aisa socccha nhi,0
main khud ko nuqsan pahuunchata hoon,1
rselts ki tension hai,0
mrarne ka wqat aa gaya hai,1
 sab ko salam main ja raaha hon,1
net slwoo hai aaj kal,0
zeeer pi lia hai,1
ghadi dekh raah hoon bas waqt aa gaya,1
alahmdulillah ab thek hoon,0
dard meiin hi sokon milta hai,1
kbahi asa socha nhai,0
bore ho raaha hoon aaj,0
"ghar waln se bata hui, sab khush",0
mushil waqqt hai par guzar jayegga,0
dost mila bohaat diino bad,0
ab mat chuni hai miane,1
himmt nahi har rahi bas tahka hoon,0
exxam ne maar daa,0
thda thkaka hoon kaam se,0
ghadi dekh raha hon bas waqt aa gyaa,1
muhhe {t} marna hai,1
naaya phone liiyya hai,0
min marna nai chahta,0
"naaya drama shuu kiya, story achhi hai",0
traffc ne jana niakl di,0
hiimmat nahi har rahi bas thaka hoooon,0
zindagi se tnag aa gaya hoon,1
ghar meiin thodi larai ho gayi,0
main apni kalai kaaat raa hoon,1
main marna chhahta hooon,1
"papa ke jaane ke baad main bhi khatam, seriously",1
main marna chahit hon,1
"maut hi rahat hai mere liye, I am done",1
fmaily ke saaht diner kiya,0
therapy se bhtar feel hoota hai,0
alhamdulilllah ab theek hon,0
"mujhe maaaf kar dena sab ko, main ja raha hooon",1
mar hi jaoon ga inti gari mein,0
honestly purani aadat chhor di,0
aaj rat marna chahtta hoon,1
"for real, ab jeene ka dil nahi karta",1
maaut hi rahat hai mee liye,1
thdi si khani hai bas,0
golliyyan kha li hani maine,1
book se mar jauunga,0
"ghar walon se bat hui, sab kush",0
khudkushi jasii bat nai,0
ittni thaakn ke mar jaun,0
garim bhot hai aaj kal,0
maaiin apni kalai kaat raha hoon,1
sab ko alvdia keh rha hoon,1
sab ko aliad keh raha hoon,1
crciket dehkne ka paln hai,0
bhoko lgi hai yaar,0
has has ke mar juaana,0
ab main hamesha ke liey ja raha hoon,1
main khud ko nqsan pahunhata hoon,1
aaj ka din teehke tha,0
sukoon naih milta kahni,1
yaar khudkushi ka soch raha hoon,1
sukoon nhaai mlta kahin,1
trfafic ne jan niakl di,0
maut nahhhi chahiye mujhe,0
maain se ab kuch nahi hotat,1
kabbhi aisa scha naahi,0
mjueh {t} mara hai,1
ab mat chuni hai miaen,1
 sab ko salam main ja raha hnoo,1
koi umeed naahhi rhai ab,1
borre ho raa hoon aaj,0
net swlwo hai aaj kal,0
muujhe apin jaan dein hai,1
rasssi chhhaat se bandh di hai,1
muskil waqt hai par guar jayega,0
zeher khard lia aaj hi,1
"dost se laria ho gayi, bura lag rhaa hai",0
naay phone liay hai,0
zeeher khaid lya aaj hi,1
gas cula laag hai ab,1
sab behatr hoga mere bna,1
thka hoon par khuhs hooon,0
"ghar wlon se baat hui, sab khush",0
ghr men thodi larai ho gayi,0
maut hi raahat hai mee lyie,1
bhhook se mar jauunga,0
"ghar walon se bat hi, sab khush",0
himmt nahhi har rahi bas thakka hoon,0
aaj mod acchah hai,0
ab maain hamesha ke lye ja raha hoon,1
paap ke jaane ke baad main bhi khaam,1
matu hi rahat hai mre liiye,1
adhheera hi andhera hai,1
bre ho ke mar jauunnga,0
movvie achhi laagi kal,0
sir dard kar rhaaa hai,0
assignment khatm kar loon phir dekhte hain,0
mian sab ka bojjh hoon,1
anhhera hi andhera hai,1
thhoda tahka hoon kaaam se,0
mujhhe mraa hai,1
muje {t} mara hai,1
"for real, sab ko alvida keh raha hoon",1
ab sab khattam kannra hai,1
"zeher pi liya hai, seriously",1
main mrrna chahta hoon,1
ab main hamesha ke liyye ja raha hoon,1
todi si khanssi hai bas,0
sab bkaar laga hai ab,1
bhook se mar jagna,0
ab jeneee ka dil nahhi karta,1
jeeen ki himmat naahi rhi,1
chat se kudne wla hoon,1
kaam bohhat tha par ho gyaa,0
mani mra nahi chahta,0
mujjhe apni jaaan dein hai,1
khudkushi ka scoh rah hoon,1
zinaagi se tang aa gaa hoon,1
resuulst ki tensino hai,0
gari bohaat hai aaj kal,0
ahlmdulillah ab theek hooon,0
raasssi chat se bandh di hai,1
"match dehka raaat ko, maza aaya",0
blde se kalaai kat li hai,1
therapy se behatr feel hooat hai,0
pehl sochta tha ab nhi,0
dunyya se jaaana chahta hoon,1
muhe {t} mraan hai,1
mushkl waqt hai par guzzar jayega,0
zindagi khatam karna chata hono,1
aaj hi sab khttaam kar loona,1
mujjhe {t} marrna hai,1
zehr kharid liiyya aaj hi,1
phhanis laa li hai,1
family ke sattah diner kiya,0
akella feel kar raha hoon aaj,0
dard mein hi suon milta hai,1
aaj ka din tehek tha,0
has has ke mar jauga,0
mujhe maarrnna hai,1
zindagi khtaam karna chahta hoon,1
sab ko alviad keh raha hon,1
gas cula lag hai ab,1
"rassi chhat se bandh di hai, I am done",1
"mujhe maaaaf kar dena sab ko, mani ja raha hoon",1
mujeh apni jaan dei hai,1
pehle sooctha tha ab nhi,0
mar joaon to sab saamjh jayenge,1
bkhhr hai kal se,0
buuhkar hai kal se,0
rassi chhat se bnahd di hai,1
koi umeed naih rahhi ab,1
chhat se kudne wala hooon,1
maain sab ka bhj hoon,1
msuhkil waqt hai par guzar jayega,0
muhkil waqt hai par guzr jayega,0
main se ab kcuh nahi hoota,1
ab mujhe jeeenna nahi hai,1
"muujhe maf kar dena sab ko, main ja raha hoon",1
exm ne mar daal,0
dad meni hi sukoon mila hai,1
aaj ka din tehhk tha,0
ksh neend na toootey kahi,1
"match dekha raat ko, maza ayaa",0
main maran cahta hoon,1
zindagi se taang aa gyaa hon,1
ab sab khatam karaan hai,1
kash neend na tootoey kaabhi,1
bas thoda waqqt aur phir main khatam,1
book lagi hai yaara,0
dost ke saath ghoomen gaay tha,0
sukoon nahhi milta khaain,1
sab behtar hogga meer bina,1
kahi aissa scoha nahi,0
marrne ka watq aa gaaay hai,1
has has ke mar jaungag,0
trafic ne jan nikal di,0
borre ho rhaa hooon aaj,0
workout ke baad jism dukh raa hai,0
alhamduillah ab theek hoon,0
naya phne liiya hai,0
ab maain hamesha ke liye ja raha hoon,1
ab mjhue jeean nahi hai,1
kabhi aiisa socha nahi,0
"dost se larai ho gay,i bua lag raha hai",0
mrane ka watq aa gaya hai,1
itnni takan ke mar jaun,0
jeeen ki himmat nhi rahi,1
thoda thaka hooon kaaam se,0
gari ne maar daal aaj,0
muheej {t} marna hai,1
ab zindagi achhi lag rahi he,0
puarni aaddaat chhor di,0
main sab ka bjh hon,1
dost mila bohhat dino baad,0
aaj hi sab khataam kar loonag,1
aaj ka din thehk tha,0
eam ne mar dalla,0
sab bekr lgta hai ab,1
marrne ka wqaat aa gaya hai,1
"doot se larai ho gai, bura lag raha hai",0
mjuhe marrna hai,1
aaj hi sab khatam kar loogga,1
nend ki gloiyan kha li bohat saari,1
mat hi rahat hai meer lie,1
eaam ne maar daa,0
"nya drama shhuru kiya, story achhi hai",0
mai sab ka bojh hoon,1
"match dekha raat ko, maaz aaya",0
"mujhe maaf kar dena sab ko, mian ja raah hooon",1
main ani kalai kaat raha hon,1
blade se kali kaat li hai,1
chhat se kude wala hoon,1
"barsh ho rahi hai, chai ke liye bst",0
yaar ab mujhe jeena nahi hai,1
 sab ko salaam main ja raha hon,1
kudkushi jaisi baaaat nahi,0
main se ab kuch nai hota,1
neend ki gliyan kha li bohat saarri,1
aaj ka din thkke tha,0
ab jeene ka dil nahi krtaa,1
maut hi raaht hai meere lyie,1
"yaar barish ho rahi hai, chai ke liye best",0
ksah neend na tootye kabhi,1
tarrffic ne jaan nikaal di,0
family ke saaath dienr kiya,0
maiin marna cahti hoon,1
khudkushi ka sch raa hoon,1
aaj rata marna cahta hoon,1
"main marna chahti hoon, seriously",1
workout ke bad jism duh raha hai,0
theraapy se behtr feel hota hai,0
udaaas feel kar raha hoon aaj,0
dost ke satth goomne gaya tha,0
blaed se kllai kaat li hai,1
sab beehtar hgoa mere bina,1
bhoko se mar jaua,0
mjuhe maaran hai,1
ab main hamessha ke liye ja raa hono,1
net slwwo hai aaj kal,0
alahmdulillah ab theeke hoon,0
main marnna chahta hno,1
I swear bas thoda waqt aur phir main khatam,1
akela fele kar raaha hoon aaj,0
rasi chhat se bnndh di hai,1
"ghhar wlaon se baat hui, sab khsuh",0
mar hi jaoon ga ini garim mein,0
"dost se laai ho gayi, buura lag raha hai",0
"gahr wlon se baat hui, sab kush",0
zindgi se tang aa gyaya hoon,1
salary aa gayi is mahie,0
mujjjhe bas mar jaana hai,1
sir darrd kar rah hai,0
dost ke saath ghoomne gay tha,0
toha thaka hon kaam se,0
bhook se mar juanga,0
khud ko nqusan nhai pahnchaunga,0
zehhre pi lia hai,1
resulst ki tenssion hai,0
zindagi se taang aa gaa hoon,1
goilyan kha li hain maie,1
bas thoa waqt aur pihr mian khatam,1
gas chula laaga hai ab,1
zindagi se tang aa gayaa hoon,1
koi umeed nhi raih ab,1
ab mut chuni hai mne,1
marnre ka wqt aa gya hai,1
"dost se larai ho gayi, bra lag raha hai",0
jee ki himmat nai rahi,1
ghhar mein thoi larai ho gayi,0
"ghar walon se baaat hui, sab khussh",0
ab sab khaaatam karan hai,1
main khud ko nuqsan pahnhcata hoon,1
sab behtar hoag mre bia,1
mut nahi chahiye mujhe,0
mujuhe bas mar jaa hai,1
manni sab ka bojh hono,1
pappa ke jaane ke baad main bhi khatam,1
doost mila boaht dino baad,0
"ab zindagi achhi lag rahi hai, not joking",0
gas chua lagga hai ab,1
saalry aa gaayi is mahine,0
jenee ki himamt naahi rahi,1
main se ab kuch nahi hoat,1
dost ke saaht gomone gaya tha,0
main mnra chahta hoon,1
zeer khharid lia aaj hi,1
worokut ke bad jsm dukh raha hai,0
net solllw hai aaj kal,0
udaaaas feel kar rahha hoon aaj,0
man marna chhti hon,1
pata hai aaj ka din theek tha,0
"mujhe maaaf kar dan sab ko, main ja raha hoon",1
bhook se mar jauggna,0
ab main haamesha ke liye ja rhaa hoon,1
gliyan kha li haain maine,1
main manra chahta hoon,1
golyian kha li haan maine,1
fmaily ke saath dinrne kiya,0
papa ke jaane ke baad mian bhi khatam,1
akela fele kar raha hooon aaj,0
exam ne mar dala,0
maaiin se ab kuch nahi hotta,1
sab behtaar hoag mere bina,1
rasi chat se bandh di hai,1
gas chlua lga hai ab,1
ghadi deekh raha hoon bas waqt aa gya,1
zeeer pi liiya hai,1
main api kalai kaat raah hoon,1
aaj hi sab khatam kar lonnag,1
mujjhe apni jaaan dei hai,1
zindagi khtaam karan cahta hoon,1
main appni kalai kata raha hoon,1
andhera hi andhehra hai,1
purani adat chohr di,0
main se ab kuh nahi hoat,1
marrne ka waqt aa gayyya hai,1
neeend ki goliyan kha li bohta saaari,1
crricket dehkne ka plan hai,0
grmi ne maaar daal aaj,0
maut hi raht hai mree liey,1
aaj ka din teehhk tha,0
sachi ab jeene ka dil nahi karta,1
sab ko alvdia keh rha hooon,1
tohdi si khanssi hai bas,0
aaj ka din teeeek tha,0
aaj phir khud ko kat baihta hoon,1
bas thoda wqat aur phr maiin khatam,1
caht se kudne wala hoon,1
main se ab kuch nhai htoa,1
ab sab katma kanra hai,1
mar hi jaooon ga itni grmi min,0
kaam bhoaat tha par ho gaa,0
kah neend na tootey kahib,1
muje bas mar jna hai,1
buukhhar hai kal se,0
saary aa gaayi is mhaine,0
himmat nhai har rah bas thaka hoon,0
main khud ko nuqsn pahunchaata hoon,1
sab thek chal raha hai,0
"barrish ho rahi hai, chai ke liye best",0
zher pi liay hai,1
ab jenee ka dil nahhi karta,1
phais laga li hai,1
kuhdkushi karna chahta hon,1
"barish ho raahi hai, chia ke liye best",0
zndagi khatam karna cahhta hoon,1
salaary aa gayi is mhine,0
mushkli watq hai par gzuar jayega,0
main marrrna chahti hoon,1
zeehhr pi liya hai,1
bukhahhr hai kal se,0
thkaa hoon par khush hno,0
alhamdulillah ab theke hon,0
I swear kash neend na tootey kabhi,1
aaj hi sab khaam kar longa,1
traffci ne jana nikal di,0
papa ke jaane ke baaad maain bhi khatam,1
aka fel kar raha hoon aaj,0
"naya drama shuru kyia, story achi hai",0
I swear bukhar hai kal se,0
mar jaoon to sab saajh jaenge,1
zer khaird liya aaj hi,1
marre ka wqt aa gaa hai,1
ppa ke jaaane ke baad main bhi khatam,1
thdi si khains hai bas,0
goliyna kha li haiin maine,1
akela feel kar rha hooon aaj,0
kabih aisa soac nahi,0
neend ki goliyan kha li bohat srrai,1
aaj raat marna chaha hooon,1
bohat pareshan hono kaam ki wajah se,0
ab jeeen ka dil nhi karta,1
bas thoda waqt aur phir main khataam,1
kal cuhutti hai,0
bhoook se mar jaunga,0
 sab ko slm main ja raha hoon,1
aaj raaat marna chahta hono,1
man marrna nhi chahta,0
eaxam ne maar dala,0
ghar mein thodi laari ho gayi,0
dad meiin hi sukoon milta hai,1
eam ki tayari chal rahhi hai,0
main apni klaai kaat raha hoon,1
sab tehek chl rha hai,0
akella feel kar raha hooon aaj,0
ab sab khaam karna hai,1
nened ki goliyan kha li bota saari,1
kal chutit hai,0
"ghar waalon se baat huii, sab kush",0
main sab ka bjjoh hon,1
pansi lgaa li hai,1
exma ne maar daala,0
dost miila boohat dino baad,0
sab ko alvia keh rha hooon,1
neeend nhi aayi raat bhar,0
boe ho ke mar jaauga,0
mushkil waqt h par guzar jayega,0
main khuud ko nuqsan pahunchata hoon,1
paapa ke jaane ke baaad main bhi khatam,1
ab jeene ka dil nahi kata,1
ghhadi dekh raha hon bas waqt aa gyaa,1
sir drd kar rahah hai,0
zehr khaarid lia aaj hi,1
kal chhuttti hai,0
khud ko nuqsn nahi pahunchaunga,0
puarni adaat chhor di,0
kal chuuutit hai,0
gas chuual laga hai ab,1
gami ne mar daa aaj,0
andheea hi andhera hai,1
gas chulal laa hai ab,1
chai pi lo dukh khhhaatam,0
ab main haamesha ke liye ja raha hooon,1
bohat pareeshan hoon kaam ki wjjah se,0
main marna nhi chhta,0
ab mujhe jeena nhe hai,1
thaka hoon par khussh hooon,0
 sab ko salm man ja raha hon,1
ab mujhe jena nahi hai,1
kal cuhttit hai,0
sukoon naahi mlta kahin,1
sab teeek chal raah hai,0
fmaily ke saath dinner kia,0
jenee ka dil kaat hai,0
ab mani hamesah ke liye ja raha hooon,1
ble se kalai kaaat li hai,1
emxa ne maar dala,0
booore ho raha hoon aaj,0
neend ki goliyan kha li boht saair,1
khud ko nussan nahi pahunchauna,0
ressulst ki tension hai,0
pehle sochat tha ab nhi,0
"naya drama shuru kyiya, storry achhi hai",0
jeene ki himmat nahin rahi,1
mar hi jaoon ga itni grmi meni,0
sab theeek chla raha hai,0
"naya draa shuru kiya, story achi hai",0
jeenne ka dil krata hai,0
ab jenne ka dil nahi karta,1
kash neend na tootey kabbhi,1
sab bkaar lgtaa hai ab,1
kal cuit hai,0
duniya se jaana chahtta hon,1
ab main hamesa ke liye ja raha hono,1
"workout ke baad jism dukh raha hai, seriously",0
"mujjhe maaaf kar dena sab ko, main ja raaha hoon",1
thaka hoon par khhhush hoon,0
aaj raat manra chaahta hon,1
blade se kallai kaaaat li hai,1
traffci ne jaan nikal di,0
famiily ke saath diinner kiya,0
ab sab khaatm krana hai,1
broe ho rhaa hoon aaj,0
mujhe {t} mana hai,1
main se ab kuch nhaai hota,1
ab jeee ka dil nahi kaart,1
main apni kalai kaat raaha hono,1
tarrffic ne jaan nikl di,0
mani apni kalai kaat raha hon,1
papa ke jaane ke baad mani bhi kahtam,1
uaas feel kar rhaa hooon aaj,0
musshkil waqt hai par guuzar jayega,0
naaya saal pe nayi ummeeein,0
udaas feel kar rha hoon aaj,0
paahnsi laa li hai,1
workout ke baad jism duukh raha hai,0
main mran chahta hoon,1
aaj raat marna chahhta hoon,1
main marna chaha hon,1
naay saal pe nyi umeedein,0
manni sab ka bojjh hoon,1
asisgnment khatam kar loon pir dekhte hain,0
koi umed nahi rhai ab,1
"naya drama shuru kyia, story achhi hai",0
"dot se larai ho gayi, buura lag raha hai",0
miin marna nahhi chahta,0
min marrna chhati hoon,1
sab bekaar laggtta hai ab,1
akla feel kar raha hon aaj,0
hmimat nahi har rahi bas thaka hono,0
uadas fel kar raha hoon aaj,0
dunia se jaaana chahat hoon,1
garim bhoat hai aaj kal,0
pnsi laag li hai,1
toda thaka hooon kaaam se,0
"barissh ho rahi ha,i chai ke liiye best",0
rassi chhat se bnah di hai,1
muhje mna hai,1
"dost se larai ho gayi, bura lag raha hai",0
reuslts ki tesion hai,0
marrne ka waqqt aa gyaa hai,1
kuhdkushi ka scoh raha hon,1
boat pareshan hon kaam ki wajah se,0
thakkka hoon par khush hoon,0
main marna chahhti hoon,1
goliyn kha li hanni maine,1
maain marna chahti hoon,1
thhaaka hono par khush hoon,0
"ghar walon se baat hui, sab khussh",0
sab beaakr lagta hai ab,1
kaam bohat tha par ho gayyya,0
eam ne maaar dla,0
kal chtuutti hai,0
ras chhat se bandh di hai,1
worrrkout ke bada jism dukh raha hai,0
exaam ki tayair chhal rahi hai,0
"barish ho raahi hai, chai ke liye best",0
aaj ka din thhee tha,0
bhoat pareshan hooon kaaam ki wajah se,0
udaaas fele kar raha hon aaj,0
asisgnment khatam kar loon phir dkehte hian,0
khudkushi karna chaha hoooon,1
famiy ke saath dinner kiyya,0
neend nhia aayi rat bhar,0
mujeeh bas mar jna hai,1
traffic ne jana nkal di,0
"dost se larai ho gyi, bur lag raha hai",0
uadas fele kar raha hoon aaj,0
bas thoda waqt aur piiir main khatam,1
dossst ke saath ghoomne gaa tha,0
muujhe bas mar jna hai,1
sab bekaar laaggta hai ab,1
sab ko alvida keh rha hon,1
mauut nahi chahiye mujhe,0
alhamdlillah ab theek hono,0
aaj moood ahha hai,0
"jeene ka dil karta hai, for real",0
"gar walon se baat hui, sab khhush",0
himmat nahi har rahi bas thaka hu,0
ghar men thodi laari ho gayi,0
ahamdullilah ab theek hon,0
blade se kallai kaat li hai,1
meujh marna hai,1
sab bear hoga mere bina,1
therapy se behtr feeel hoa hai,0
udaas feel kar raha hoon aaj,0
cahi pi lo dukh khaatam,0
kabbhi aissa sochha nahi,0
 sab ko salam maain ja raa hoon,1
aaj mood accha hai,0
puarni aadt chhor di,0
cahi pi lo dukh khaaatm,0
bhoook se mar jaunnga,0
"dots se larai ho gy,i bura lag raha hai",0
pruaani aadaat chhor di,0
"for real, akela feel kar raha hoon aaj",0
"baarish ho rahi hai, chai ke lye best",0
paansi lagga li hai,1
ab main hamesha ke liye ja raha hoon,1
man marrna nahi chahta,0
thaka hoon par khhuh hoon,0
ab maiin haesha ke lye ja raha hoon,1
family ke saath dinneer kiiya,0
mujjhe maran hai,1
gas cuuhla laga hai ab,1
bohaat pareshan hoon kam ki wjah se,0
boooore ho ke mar jaunga,0
maain mara chahta hon,1
"doost se larai ho gayi, bura lag raha hai",0
honestly gas chula laga hai ab,1
himmat nahi har rahi bas thaak hoon,0
pasi lgaa li hai,1
mar hi jaaoon ga iti garmi mein,0
mjuhe bas mar jana hai,1
mujhe api jaan deni hai,1
akea feeel kar raa hoon aaj,0
"match dekha raat ko, mza aaya",0
ab sab khatam karrnna hai,1
maaut nahi chahiye mujhe,0
ab jeene ka dil nhi karta,1
sachi mar jaoon to sab samajh jayenge,1
zerh pi liiya hai,1
maini marna chhta hoon,1
neend ki golyan kha li bohat saai,1
khuud ko nuqsan nahi pahunchhauga,0
boe ho raha hooon aaj,0
khudkushi kanra chahta hon,1
chai pi lo dkuh khaam,0
net swlo hai aaj kal,0
ab zidagi achhi lag raih hai,0
criket dekkhne ka plna hai,0
ab man hmesha ke liye ja raha hoon,1
kabhi aisa scha naih,0
anhra hi andhear hai,1
main khud ko nuqsan paunchata hoon,1
bhook laig hai yra,0
"mujhe maaf kar dena sab ko, main ja raha hono",1
kal chuttttti hai,0
boer ho raha hon aaj,0
thoi si kansi hai bas,0
exam ne maaar dlaa,0
bukkkhr hai kal se,0
thao thaka hoon kam se,0
ab mujhe jeena nai hai,1
uads feel kar raha hooon aaj,0
"barish ho rahi haii, chai ke lie bst",0
man marna chahta hoon,1
kuhd ko nuqqsan nai pahunchaunga,0
assignment khatam kar loon phir dekhte hain,0
sukoon nahi milta kahn,1
"naya phone liya hai, seriously",0
has has ke mar juugna,0
fammily ke saath dinner kiyya,0
himmat nahi har rahi bas thkaka hon,0
honestly ab zindagi achhi lag rahi hai,0
garmmi boaht hai aaj kal,0
kaam boaht tha par ho gaya,0
"gas chula laga hai ab, for real",1
neend nai ayi raat bar,0
andherra hi anndhera hai,1
khuddkushi ka soch raaha hoon,1
boat pareshan hoon kaaam ki wajha se,0
mujeh {t} mannra hai,1
kama boat tha par ho gya,0
naya saal pe nayyyi ummeeein,0
himmat naih har rai bas thaka hooon,0
pnasi laa li hai,1
ab zinaagi achhi lag rhai hai,0
khudkushi kanra chahta hoon,1
moviie achhi laaggi kal,0
sab ko alvvida keh rhaaa hoon,1
theerapy se behrta feel hota hai,0
ab sab kahtaam karan hai,1
bhoook laggi hai yaar,0
akkela feel kar raah hoon aaj,0
workuot ke baad jissm dkuh raha hai,0
himmat naiih har raih bas thaka hoon,0
" sab ko salam main ja raha hoon, for real",1
thakka hoon par khush hooon,0
sab ko ada keh raha hoon,1
marrrne ka wqt aa gaya hai,1
gas chlua laaag hai ab,1
chhat se kudne wala hono,1
maain marna chaahhti hoon,1
ab sab khhatam karna hai,1
main se ab kuuhc nhai hota,1
bohat pareshn hoon kam ki wjaah se,0
sukoon nahi mia kahin,1
ab sab khatam karan hai,1
zeehr khharid lia aaj hi,1
muhje bas mar janna hai,1
maut hi rhat hai mere lie,1
bkar hai kal se,0
jne ka dil kaarta hai,0
bohok se mar jaaunga,0
grrami ne maar dala aaj,0
anddheera hi adhera hai,1
moviie achhi lai kal,0
"naya drama shuru kiya, stroy ahi hai",0
sir drrad kar rahha hai,0
nayya pheon liya hai,0
udaas feel kar raa hon aaj,0
prani adat chohr di,0
man maarna chahta hoon,1
bllade se kaalaai kaat li hai,1
maut nhahi chahiye mujjhe,0
workout ke baad jiism dukh raaha hai,0
rasssi chat se bandh di hai,1
iti thakan ke mar jaaaun,0
mauut nhai chahiye mujhe,0
akela feel kar rha hoon aaj,0
ab maiin hamesha ke liye ja raaa hoon,1
neend nahi aai raat bahr,0
zinagi se tang aa gaaya hon,1
zehre pi liay hai,1
grami bhat hai aaj kal,0
koi umeeed nahi rahhi ab,1
kash neend na tooootey kabhi,1
 sab ko slam main ja rhaa hoon,1
dunya se jaana chahta hoon,1
mushkkil waaqt hai par guzar jayyega,0
I swear ghar mein thodi larai ho gayi,0
marnre ka waqqt aa gyaa hai,1
kaam bhhoat tha par ho gaya,0
"sab theek chal raha hai, not joking",0
muhe marana hai,1
gaar mein thodi larrai ho gayi,0
khud ko nuqnsa nahi pahunchaunga,0
neend nahi aayi raaat bahr,0
"exam ki tayari chal rahi hai, seriously",0
I swear movie achhi lagi kal,0
assigment khatam kar loon phhir dehkte hain,0
khudkushi jaisi baat nai,0
"mujhe mafa kar dena sab ko, maiin ja raha hon",1
pehle soctha tha ab nhhai,0
mat nahi cahiye mjuhe,0
ab zindaig achhi lag rai hai,0
bhok laig hai yaar,0
khuukdushi karna cahta hoon,1
mar jaon to sab samaajh jayenge,1
jeeene ka dil kaarta hai,0
gas chuuula laa hai ab,1
aaj ka din thhehek tha,0
ab main hamesha ke liye ja raah hoon,1
khudkushhi ka soch raaha hoon,1
main marna chhit hoon,1
khukdushi ka sooch raha hoon,1
khudkushi karna cata hoon,1
sir daaard kar raa hai,0
ab jeeene ka dil nahi kaa,1
chaht se kudne wla hoon,1
results ki tnison hai,0
maiin khd ko nuqsan pahunchaata hoon,1
garmmi bohta hai aaj kal,0
kaaaam bohat tha par ho gaya,0
chhat se kdnne wala hono,1
udaas feel kar raha hooon aaj,0
jeene ki himat nhi rahhi,1
therapy se beethar feel hota hai,0
thhdoi si kahnsi hai bas,0
kabhi aisa socha naahhi,0
hiimmmat nahi har rahi bas thaka hoon,0
chai pi lo dukh khaaatam,0
mushkil waqt hai par gauzr jyega,0
zinadgi se tng aa gaya hoon,1
"for real, jeene ka dil karta hai",0
"khudkushi karna chahta hoon, seriously",1
mian marna nahi chahtta,0
muej bas mar jna hai,1
muje apni jana dni hai,1
maut hi raaht hai mere lyie,1
boaht pareshan hoon kaam ki wajah se,0
kash neend na tootey kai,1
pata hai therapy se behtar feel hota hai,0
jeee ka dil kta hai,0
zindi se tnag aa gaya hoon,1
aaj hi sab khhatam kar loooga,1
khudkushi jaisi bat nhai,0
kassh neend na tootey kabhhi,1
ittni thakan ke mar juan,0
blade se kalaai kaat li hai,1
thdda thaka hoon kaam se,0
"naya drama shuru kiya, stroy achi hai",0
rsasi chhat se bandh di hai,1
bllade se klai kat li hai,1
kash neend na toottey kabhi,1
rsasi chhta se banndh di hai,1
wokrout ke baad jiism duukh raha hai,0
andherra hi anhera hai,1
jeeene ki himmmat nai rahi,1
alhamddulillah ab thek hoon,0
uads feel kar raaha hoon aaj,0
chaht se kuudne wala hoon,1
workout ke baad jsm dukh rha hai,0
"aaj hi sab khatam kar loonga, for real",1
bore ho ke mar juunga,0
goiyan kha li haain maine,1
ab ziindagi achi lag rahi hai,0
gas chullla laga hai ab,1
tarffic ne jan nikkal di,0
exam ki tayari chla rhi hai,0
golyiaan kha li hain maine,1
"barish ho rahi hai,i chai ke liiye best",0
movie achhi laggi kal,0
"barish ho rahi haii, cahi ke liye best",0
ksah nened na totoey kabhi,1
tkaa hoon par khush hoon,0
sab ko alvvida keh rahha hon,1
"nyaa drama suhru kiya, sotry achhi hai",0
chhat se kudne wla hon,1
sab ko alvida keh rhaa hooon,1
aaj hi sab khtaa kar loonga,1
aaj raat mrna chatha hono,1
sab theek chal raha he,0
zeher khharid lyia aaj hi,1
yaar family ke saath dinner kiya,0
sab bhetar hogga mere bnia,1
garmi bhata hai aaj kal,0
"for real, goliyan kha li hain maine",1
aaj phir khhud ko kaat baitha hooon,1
neend ki golian kha li bohat saari,1
itni thakna ke mar jaun,0
sab bekaar laagta hai ab,1
"match deka raat ko, maza ayaa",0
ab muhje jeena naahi hai,1
resuts ki tennsoin hai,0
buhhkar hai kal se,0
"mujhe marna hai, seriously",1
andehra hi anhera hai,1
thaka hono par khuush hoon,0
sir dad kar rahaa hai,0
yaar has has ke mar jaunga,0
purrani aadaat chor di,0
zeheer khharid liya aaj hi,1
main khud ko nuqssan pahunhaata hoon,1
aaj raat marna cahta hooon,1
thoi si khassi hai bas,0
sachi khud ko nuqsan nahi pahunchaunga,0
mar jaono to sab saajh jyenge,1
mar hi jaaoon ga intni garmi mein,0
mar jon to sab samajh jayenge,1
jeene ki himamt naih rhi,1
drad mein hi suukoon millta hai,1
darrd mein hi sukoon milat hai,1
aaj phir khud ko kaat biatha hooon,1
grmi boaht hai aaj kal,0
sir drrad kar raa hai,0
"match dekha rata ko, maza aya",0
 sab ko salam maiin ja raha hoon,1
khudkushi kana chahta hoon,1
garmi ne maar dal aaj,0
khudkushi jiai baat nhi,0
mut hi rahat hai mere liye,1
family ke saath dniner kiya,0
neend ki golyian kha li bohat sari,1
mar jaoon to sab samajh jaynge,1
ccket dekhne ka pan hai,0
mue {t} marna hai,1
chhat se kdne wala hoon,1
mhje marna hai,1
neend ki goiyan kha li bhhoat saari,1
movie achhih lgi kal,0
asisgnment khatam kar loon phir dkhte hain,0
zinagi khaatm karan chahta hoon,1
"naya drmaa shuu kiya, story achhi hai",0
matu hi raaht hai mere liye,1
ab man hmaesha ke liye ja raha hoon,1
maut hi rahaat hai mre liye,1
sir daard kar raa hai,0
aaj phir khudu ko kaat baitha hon,1
sab bhtar hoga mere bin,1
maut hi rahhat hai mree liye,1
chhat se kduen waa hoon,1
goliiyan kha li haaain maine,1
maiin marrna chahtta hoon,1
has has ke mar jaauang,0
udaas feel kar raa hoon aaj,0
aaj pir khud ko kata baitah hoon,1
golliyna kha li haain maine,1
boohat pareshaan hoon kaam ki wajha se,0
thoddi si khaniis hai bas,0
mar jaoon to sab smaajh jayennge,1
neend nahi aayyi raaat bhar,0
zeher khharriid liya aaj hi,1
naya saal pe nayi umemedein,0
workout ke baaad jism dukh rha hai,0
gas chhulla laag hai ab,1
therapy se behtar feel hota hai,0
has has ke mar juagga,0
mujhe mrran hai,1
koi uemed nahi rhi ab,1
"for real, mujhe marna hai",1
boe ho ke mar juna,0
ab sab kahtma krna hai,1
duniya se jnaa chhata hoon,1
rasis chhat se bndh di hai,1
khud ko nuqasn nahi pahuchaunga,0
aaj phrri khud ko kaaat baitha hoon,1
dsot mila bohat dino baad,0
aaj raaat marna chata hoon,1
blade se kaaalai kaaat li hai,1
maarrne ka watq aa gayya hai,1
zeer pi liiya hai,1
dost mial bohat diino baad,0
min khud ko nuqsan phauncchata hoon,1
kud ko nuqsan nahhi paunchaunga,0
mar jaoon to sab samaah jayennge,1
boer ho rhaa hon aaj,0
ab maut chunnni hai mainne,1
allhamdulilah ab thek hoon,0
main marna chtti hoon,1
main marna chthi hoon,1
ab main hamseha ke liye ja raa hooon,1
maut hi rahta hai mee liye,1
marrne ka wqta aa gya hai,1
akela fel kar rhaa hoon aaj,0
kash neend na tootey kahbi,1
himmat nahi har rai bas thkaa hooon,0
gas culla laa hai ab,1
pata hai udaas feel kar raha hoon aaj,0
man marna chahi hon,1
chat se kudne wala hooon,1
boore ho ke mar juangga,0
has has ke mar jaauugna,0
sir drd kar rhaaa hai,0
exaam ki tayari chal rahi hai,0
chhat se kuudne waa hono,1
zehr pi liay hai,1
zindagi khatam karna catha hooon,1
broe ho raa hoon aaj,0
"mujhhe maaf kar dena sab ko, main ja rahha hoon",1
resultts ki tenon hai,0
crickt dkehne ka pan hai,0
mar jaoon to sab sammajh jayennnge,1
zeher khaarid lyia aaj hi,1
zindagi se tagn aa gayya hoon,1
bhoko se mar jauugna,0
rassi chat se baanddh di hai,1
sab beekaar lattga hai ab,1
sir drda kar raha hai,0
muhje bas mar jnana hai,1
mujeh apni jaan deni hai,1
sachi akela feel kar raha hoon aaj,0
neend nahi aayyi rat bhaar,0
khudkushi jiasi bata nahi,0
ab sab kham karna hai,1
thaka hoon par khhush hoon,0
neennd nhi aaiy raat bhar,0
aaj raat marna cahta hoon,1
ab maaut chuni hai mainne,1
muhje maarrna hai,1
"doost se larai ho gay, bura lag raha hai",0
reesults ki teension hai,0
 sab ko saalm mian ja raha hoon,1
ab jenee ka dil nahhi krta,1
aaj phiir khud ko kaat baitha hoon,1
zeheer pi liya hai,1
aaj raat maran cahhta hoon,1
mar jaaoon to sab smajh jayenge,1
mjhe {t} maarna hai,1
nya saal pe nyi ummmeedein,0
exxaam ki tayari chal rahi hai,0
duniya se jaa chahta hono,1
drad min hi sukoon milat hai,1
udaasa feel kar raha hoon aaj,0
sukoon nai mita khin,1
cricket dkne ka plan hai,0
khud kushi karna chahta hoon,1
gloiyan kha li hain maine,1
ab mau chuin hai maine,1
sab behhtar hoga meer bina,1
andhrea hi adnhera hai,1
zeher khrad liay aaj hi,1
"naay drama shuru kyi, story achhi hai",0
crricket dekhe ka plan hai,0
man se ab kuch nahi hoota,1
kah neend na toteey kabhi,1
sab bekar laggta hai ab,1
bhook se mar jaunga,0
honestly jeene ki himmat nahi rahi,1
main se ab kuchc nahi hota,1
ab sab khatam kara hai,1
"naya dama shuru kiya, stoory achhi hai",0
aaj hi sab kattma kar loonga,1
zeher kard liya aaj hi,1
duniya se jaaa chhahat hoon,1
ahnera hi andehra hai,1
rssi chhta se banhd di hai,1
aaj moood acchah hai,0
thoda thakka hoono kaam se,0
nend ki goliyan kha li boht saari,1
phehle sochta tha ab naih,0
neeend ki goliyan kha li bohat saai,1
ab mjueh jeeena nahi hai,1
crickte dekhne ka plan hai,0
jeene ki hmimat nahi rhai,1
thray se behtar feel hota hai,0
aaj hi sab khatam kar lnooga,1
mjjuhe {t} maran hai,1
aaj phir khud ko kaat baita honno,1
chia pi lo dkukh khatam,0
marrne ka waqt aa gya hai,1
zeher khrid lyia aaj hi,1
"match dekha raat ko, mazza aayya",0
"match dekha rat ko, maza aayya",0
aaj hi sab khm kar loonga,1
honestly khudkushi karna chahta hoon,1
bhook laagi hai yaara,0
sab ko alvidda keh rahha hoon,1
muhje bas mar jaana hai,1
aaj phr khhud ko kaat baitha hoon,1
khudkuhi ka soch rhaa hon,1
sab ko alva keh raah hoon,1
salry aa gayi is mahine,0
ab mian hamesha ke liye ja raha hoon,1
sukoon nahhi milta kahin,1
chhhat se kunde wlaa hoon,1
needn nahi aaiy raat bhra,0
udaas fle kar raha hoon aaj,0
jeene ki himamt naahi rhai,1
maut nahi chaahye mujhe,0
zindaggi khatam karna chhaa hoon,1
dost ke saatth ghoomne gaya tha,0
ab ziagi achhi lag raahi hai,0
sab thheek chal rha hai,0
aaj raat mrranna chahta hoon,1
aaj phiiir khud ko kaat baitha hoon,1
maiin sab ka bojh hooon,1
bas thoda wqat aur phir main khatma,1
mar hi jaon ga itni gari mein,0
"mujhe maaf kar dena sab ko, main ja raa hnoo",1
mjjuhe mrana hai,1
mushkil waqqt hai par gzuar jayea,0
mue {t} mrna hai,1
goliyan kha li hain mae,1
zinndagi khatam karna cahta hon,1
kahs needn na tootey kabhi,1
maut hi raht hai merrre liye,1
ab mani hamesha ke liye ja raha hoon,1
koi umeed nhi rhai ab,1
aaj modo acah hai,0
maut niah chahiye mujhhe,0
resuls ki teenison hai,0
dard menni hi sukoon milta hai,1
itnni thkn ke mar jaun,0
"dost se lari ho gayi, burra lag raha hai",0
puarni aaadt chhor di,0
mar jaaon to sab samajh jaynge,1
zeher kahriid liiya aaj hi,1
"purani aadat chhor di, seriously",0
boe ho ke mar jnauga,0
"for real, naya drama shuru kiya, story achhi hai",0
paansi laga li hai,1
kash needn na toottey kabhi,1
ghar meeein thodi laarai ho gayi,0
todi si khaansi hai bas,0
khud ko nuqsan naahi phunhaunga,0
ppa ke jaae ke baad mani bhi khatam,1
chia pi lo duhk khatma,0
reuuslts ki tenson hai,0
phhansi lgga li hai,1
aekla fel kar raha hoon aaj,0
sab behhtar hoga meere bian,1
koi umeed nih rhi ab,1
kal chhuutit hai,0
muhkil wtaq hai par guzar jayega,0
khud ko nuqqsan nhi pahnchaunga,0
chhat se kudne wlaa hooon,1
gas chluua laga hai ab,1
"match dehka raat ko, maaaz aaya",0
chaai pi lo dkuh khatam,0
toohdi si khani hai bas,0
udasa feel kar rhaa hoon aaj,0
sab ko alvda keh raa hon,1
bas thoda waqt aur phir mani khatam,1
anhdera hi anndhhera hai,1
main khud ko nuqsan pahunhcata hoon,1
mar jaoon to sab samajh jaenge,1
bhoook laggi hai yaaar,0
chaaht se kudne wala hon,1
beor ho ke mar jaunga,0
gas chulla lga hai ab,1
maiin marna chhathi hoon,1
purani aatda chhr di,0
cahi pi lo duh katam,0
sir daaard kar rhaa hai,0
gas chulla laga hai ab,1
cricket dekhen ka plan hai,0
"nya draama shuur kiya, story achhi hai",0
exam ki taayri chal raahi hai,0
zehher kharid lia aaj hi,1
zindagi se tang aa gay hoon,1
exm ki taayari chal rahi hai,0
khdu ko nuqan nahi pahunchaunga,0
himmat nahi har rai bas thaka hon,0
himmmat nahi har rahi bas thaak hooon,0
garmi ne maaar daa aaj,0
"dost se lrai ho gayi, bra lag raha hai",0
jeeen ka dil kaa hai,0
khuudkushi ka soch raaha hon,1
kash neend na tootey kabhi,1
zeeheer pi lia hai,1
chht se kune wala hoon,1
chhhat se kne wala hoon,1
naaya phone lia hai,0
muujjeh {t} marna hai,1
zheer pi laiy hai,1
"ghar walon se baat hu, sab khsh",0
 sab ko salam main ja raahha hoon,1
main khud ko nqusan pahunchata hoon,1
"rassi chhat se bandh di hai, seriously",1
ab jeenne ka dil nhai karta,1
chai pi lo dukh kaam,0
purani adaat chhr di,0
ab sab khhatam kanra hai,1
zeher kaid liyya aaj hi,1
maan mana nahi chahta,0
aaj phir khud ko kat biaatha hoon,1
thoda tahka hooon kaam se,0
grammi bohat hai aaj kal,0
"therapy se behtar feel hota hai, I am done",0
chaai pi lo dukh khtaam,0
chhat se kuden wala hooon,1
goiyan kha li hain maien,1
neeend nahi aayi raat bhr,0
garmi bohat he aaj kal,0
"mtch dekha raat ko, maza ayaa",0
chaht se kudne waa hoon,1
ab main hamesah ke liiye ja rha hoon,1
aaj pir khhud ko kaat baitha hooon,1
gadi dekh raha hoon bas waqt aa gaya,1
jeene ka dil kaata hai,0
rsi chhat se bandh di hai,1
bas tooda waqt aur phir maiin khatam,1
honestly bukhar hai kal se,0
therarpy se behtar feeel hota hai,0
sab theek chhla raa hai,0
bohat paeshan hooon kaam ki wajah se,0
sukkoon naahi milta kahn,1
bas thoda wqt aur phr main khaatam,1
aaj phir khud ko kaaat baitha hooon,1
zeehr pi lia hai,1
results ki tsnnion hai,0
naya pooen liya hai,0
mshkil wqt hai par guzar jayega,0
thoda tka hoon kam se,0
pehlle soochta tha ab nai,0
traffic ne jaaan nkail di,0
has has ke mar juuana,0
andhera hi andhea hai,1
sab theek calh rha hai,0
sab theke chal rha hai,0
mjuhe bas mar janna hai,1
zindagi se tagn aa gaya hoon,1
aaj modddo achha hai,0
main sab ka bjoh hon,1
buuukhaar hai kal se,0
jen ka dil karta hai,0
papa ke jaaen ke baad main bhi khaatm,1
khudkushi jaissi baat naih,0
workot ke baad jism dukh raha hai,0
"match dekha raaaat ko, maza aaya",0
mhe {t} maran hai,1
ab mau chuni hai maine,1
main maran chahta hooon,1
bhook se mar juuanga,0
phansssi lgaa li hai,1
maan sab ka bojh hoon,1
jeene ka dil kara hai,0
"mattch dekha raat ko, maza aaa",0
 sab ko saalm main ja rahaa hoon,1
neend ki goliyyan kha li bohat saari,1
ab main haamesha ke liye ja raa hoon,1
mujhe {t} mranna hai,1
family ke saath dinneer kiyya,0
buaar hai kal se,0
mujhe marrrna hai,1
khudushi ka sch raha hoon,1
ab mjuhe jeean nahi hai,1
panhsi laga li hai,1
chhhat se kudnne wala hon,1
mar hi jaono ga ittni gaarmi mein,0
aaj hi sab khhataam kar loongga,1
khudu ko nuqasn nahi pahunchaunga,0
main mran nahi chahta,0
neend nahi ayai raaat bhhar,0
khud ko nuqsan nahi pahunchaungga,0
thoid si khain hai bas,0
alhhamdulillah ab tek hoon,0
"baarish ho rahi hia, chai ke liyye best",0
zeehre pi liya hai,1
kash neennnd na tootey kabi,1
neend nhai aayi raaat bhar,0
zeher kahrid liya aaj hi,1
maain apni kalai kaat raa hoon,1
sab thek chl raha hai,0
ghar mein thodi lai ho gayi,0
udaaaas feel kar raha hooon aaj,0
famiily ke saath dinner kia,0
sab bkar laga hai ab,1
bas thooda waat aur phir main khatam,1
dniiya se jaana chahta hoon,1
gaarmi boohat hai aaj kal,0
traffic ne jan nikkal di,0
ab jeee ka dil nahi kart,1
khd ko nuqsan nhai pahuncchaunga,0
exm ki tayaari chal raahi hai,0
nened ki golliyan kha li bohat saari,1
naya phhone liya hai,0
maut hi raht hai mere lie,1
dsot ke saath ghoomne gyaa tha,0
movvie achhi laaig kal,0
"barish ho rhia hai, chai ke liye best",0
dost ke saath ghooomne gaya tha,0
khukdushi karna chahta hoon,1
"for real, ghar mein thodi larai ho gayi",0
naa phone liya hai,0
zindagi khamta karna chahta hoon,1
main mrana cahhta hoon,1
thodi si khais hai bas,0
mar hi joaon ga ini garmmi mein,0
thaka hoon par khhussh hoon,0
khhudkushi ka soch raha hon,1
trafffic ne jan nkal di,0
ab sab khatam karrna hai,1
neeend ki goliyan kha li bhoat saari,1
mujhe bas mar jaaana hai,1
udas feel kar raha hoon aaj,0
aaj pihr khud ko kaat baiha hoon,1
koi ummed nahi rhai ab,1
gaaarmi bohaat hai aaj kal,0
mushkkil waqt hai par guzar jayega,0
pehle sotcha tha ab nai,0
udaas fele kar raa hon aaj,0
ab muhje jeean nahi hai,1
maain sab ka bjh hono,1
aaj ka din teeke tha,0
mhuje {t} mrana hai,1
muujhe {t} mrna hai,1
ghar meni todi larai ho gayi,0
sab ko alida keh rhaa hooon,1
muhje bas mar jna hai,1
marrre ka wqt aa gaya hai,1
mje bas mar jana hai,1
rassi chaat se bandh di hai,1
alhaamdulillah ab theek hoon,0
sukoon nahi mlta khian,1
khuskhi karna chahta hoon,1
khudkuushi jaisi baat naih,0
results ki tnesion hai,0
mujeh manra hai,1
kabhhi aiisa socha naih,0
dot ke saath ghoomnne gaya tha,0
I swear cricket dekhne ka plan hai,0
drd mein hi sukoon milat hai,1
gas chhua lagga hai ab,1
main khhud ko nuuqsan pahunchata hooon,1
movie achhi lgagi kal,0
ghr mein thodi laarai ho gayi,0
marrnne ka waqt aa gaay hai,1
bohat paeshan hoon kaam ki wajah se,0
ghadi dehk raha hoon bas waqqt aa gya,1
garmi boata hai aaj kal,0
"mujhe maf kar denna sab ko, main ja raha hoon",1
ab jeene ka dil nahi krta,1
dard meni hi suukoon milta hai,1
grim ne maaar dala aaj,0
min marna chathi hoon,1
phannnsi laa li hai,1
khudkushi krana chahta hoon,1
"main khud ko nuqsan pahunchata hoon, seriously",1
khudkushi jaisi baaaat nahi,0
boer ho ke mar jauunga,0
ziiindagi khatam karna chahhta hoon,1
mjuhhe {t} marna hai,1
ab min hamesha ke lie ja rhaa hoon,1
man khud ko nuqsan pahunhcata hoon,1
ab sab khatam kna hai,1
hmmimta nahi har rahi bas thaka hoon,0
hiimamt nahi har rahi bas thaka hono,0
zerh pi lya hai,1
salary aa gyi is maihne,0
zindagi khhaatam kaarna chahta hoon,1
bhok lai hai yaar,0
bhhook lgi hai yar,0
"gahr walno se baat hui, sab khush",0
zidagi khatam karrna chahta hoon,1
bhook lagi hai yaar,0
zeeher pi liiay hai,1
bohat pareshan hon kam ki wajah se,0
aaj mooodo achha hai,0
results ki tennsioon hai,0
exma ki tayri chal rahhi hai,0
zeeehr khrid liya aaj hi,1
"khud ko nuqsan nahi pahunchaunga, for real",0
 sab ko salam maiin ja rhaa hoon,1
goliyan kha li hain mainne,1
"mujhe maaaf kar dena sab ko, man ja raha hoon",1
zindaggi se tag aa gaya hoon,1
workkout ke baad jism duukh raha hai,0
kaam boht tha par ho gaa,0
emxa ki tayari chal rahi hai,0
bohaat pareshan hoon kaam ki wajjah se,0
marrne ka waqt aa gaay hai,1
thaka hooon par ksh hoon,0
chhat se kunde wla hoon,1
blad se kalai kaat li hai,1
main kud ko nuqsan pahuncchata hoon,1
ab jenee ka dil nhi karrta,1
"ghr walon se baaat hui, sab khuhs",0
"barh ho rahi hai, chhai ke liye best",0
thoa thaak hoon kam se,0
mushkil waqt hai par gzuar jayeag,0
kal chui hai,0
ab jene ka dil nahhi kara,1
phele sochat tha ab nahi,0
mar jaono to sab samajjh jayenge,1
mni marna chahti hono,1
ab sab khaatam krnna hai,1
jeene ki himmat nahi rhhaai,1
assignment khttaam kar loon phir dekhte haain,0
blade se kalai kaat li h,1
khhud ko nqusan nahi pahunchauga,0
"for real, movie achhi lagi kal",0
main marna chhatha hooon,1
chhat se kudnne wala hono,1
has has ke mar junaga,0
cicket dekhen ka plan hai,0
sab thek chaal raaha hai,0
workout ke bad jism duh raah hai,0
mar jaoon to sab samjah jayenge,1
bore ho ke mar jaugnna,0
duniya se jana chhta hon,1
sab ko alivvda keh raha hoon,1
nya phhone liya hai,0
min maarna nahi chata,0
ghai dekh rha hoon bas waqt aa gaa,1
zerh pi liya hai,1
sab ko alda keh raha hooon,1
bre ho ke mar januga,0
mar hi jaoon ga itni garmi mien,0
chhat se kudnne wla hon,1
sab theek chhal rah hai,0
ghadi dekh raha hono bas wtq aa gaya,1
"ghadi dekh raha hoon bas waqt aa gaya, seriously",1
ab main hmaesha ke liyye ja raha hoon,1
ab jeene ka dil nahi katra,1
iti thhakaan ke mar jaun,0
ghhar meni thodi larai ho gaiy,0
exaam ne maar dlla,0
eam ne maaar dala,0
aaj hi sab khatam kar longga,1
"dost se larai ho gayyi, bura lag raha hai",0
man se ab kuch nahi hota,1
sab behtar hga mere bina,1
exam ne maar dalala,0
zinadgi se tang aa gaya hoon,1
"muhje maf kar dena sab ko, main ja raha hono",1
chat se kdue wala hoon,1
chhaat se kudne waal hoon,1
I swear papa ke jaane ke baad main bhi khatam,1
bhhook laagi hai yaar,0
honestly kabhi aisa socha nahi,0
phaasi laaga li hai,1
ab sab khaatm kaan hai,1
"salary aa gayi is mahine, I am done",0
mujjhe bas mar jaana hai,1
ghar mein thid laai ho gayi,0
has has ke mar jaugggna,0
phele sochta tha ab naahi,0
dunniiya se janaa chahta hoon,1
dost mila bohht dnio baad,0
has has ke mar junuga,0
koi ued nahi rahi ab,1
kaam bohat tha par ho gayya,0
kabbhi aisa soohca nahi,0
thoid si khanssi hai bas,0
min sab ka bojh hono,1
khudkushi ka sch raa hono,1
therapy se behtra fel hota hai,0
kal cuhitt hai,0
cricket deekne ka pln hai,0
mar hi jaaoon ga itni gaami mein,0
yaar ghar mein thodi larai ho gayi,0
aaj raat marna chhaa hon,1
ab sab khaattam karna hai,1
ab maut chunni hai mane,1
honestly bas thoda waqt aur phir main khatam,1
aaj phir kud ko kaat baiitha hooon,1
garmi ne maar dallla aaj,0
"dost se larai ho gayi, brrua lag rha hai",0
sab ko alvida keh rahha hoon,1
ab man hamesha ke liiye ja rha hoon,1
main marna chatha hono,1
workout ke baa jism dukh raa hai,0
main se ab kuch nahi hota,1
sukoon nhi milat kahin,1
sir drad kar raa hai,0
ghaar mein thodi larai ho gayyi,0
nayya phonne lia hai,0
"gahr waln se baat huui, sab khush",0
nend ki goliyan kha li bohat saari,1
gamri bohhat hai aaj kal,0
gas chal lga hai ab,1
"mujhe bas mar jana hai, I am done",1
"naaya darma shuru kiy, story achhi hai",0
jeeeene ka dil karta hai,0
suokon naih milta kahin,1
exam ne mar daala,0
yaar exam ki tayari chal rahi hai,0
mani khud ko nuqsan pahuncahta hooon,1
pata hai aaj hi sab khatam kar loonga,1
thodda taka hoon kam se,0
jenne ki himmat nhai rahi,1
I swear neend ki goliyan kha li bohat saari,1
"math dekkha raat ko, mazza aaya",0
wrokuot ke baad jism dukh rhaa hai,0
main se ab kch naahi hta,1
mauuut hi rahat hai mere liye,1
zehher pi liiya hai,1
khuudkushi karna chahta hooon,1
neend nahi aayi rata bhr,0
uaddas feel kar raha hoon aaj,0
sab bkeaar lgta hai ab,1
zindagi se tagn aa gaya hono,1
has has ke mar jauunag,0
neend naahi aayi raaat bar,0
kal chthti hai,0
assignment khatam kar lono phir dekhhte haiin,0
ab main haemsha ke liye ja raha hoon,1
ghar mein thodi larai ho gayyi,0
phhhasi laga li hai,1
main marna chahat hoon,1
 sab ko salam maain ja raha hoon,1
eam ki taayri chla rahi hai,0
khudkushi karna chahhta hoon,1
aaj mod ahhha hai,0
ab jeene ka dil nih kartta,1
thhhodi si khnasi hai bas,0
purranni aadat chhhor di,0
todi si khassni hai bas,0
duniya se jaana chahhta hoono,1
akkela feel kar raha hooon aaj,0
kal cuhhti hai,0
resuuts ki teension hai,0
"ghar walon se baat hui, sab khuush",0
boore ho raa hoon aaj,0
goliyan kha li hain maein,1
main se ab kuch nahin hota,1
mjhhe bas mar jaa hai,1
"naya drama shuur kiya, storry ahhi hai",0
maut hi rahta hai merre liye,1
aaj hi sab khatam kar loonag,1
kaam boath tha par ho gaaya,0
kabi aissa socha naahi,0
assignment khaatam kar loon phir dekhte hin,0
khuudkushi jaisi baat nahi,0
yaar kal chutti hai,0
mujjhe marnna hai,1
bas thda waqt aur phir maain khatam,1
workout ke baad jism duhk raha hai,0
sukoon nahi mliat kahin,1
kal cuti hai,0
khd ko nuuqsan nahi pahunchaunga,0
aaj ka din theeeke tha,0
mar jaooon to sab samah jayenge,1
mar hi jaoon ga itni garmi meein,0
sir daard kar rhaha hai,0
bhook lag hai yaaar,0
dard mein hi sukkoon millta hai,1
koi umeed naaahi rahi ab,1
eam ki tayari cahl rahi hai,0
marrne ka waqqt aa gaaya hai,1
aaj raaat marna chatha hon,1
main mrrna chahta hono,1
gas chulla laaga hai ab,1
andhera hi andhera h,1
khudkushi jaiisi baat nahi,0
naya pohe lia hai,0
papa ke jaane ke baad mani bhi khaatm,1
chhat se kuden wlaa hoon,1
gahr mein thoodi larai ho gai,0
rasi chhhaat se bandh di hai,1
aaj phir khhud ko kaat baita hoon,1
family ke saaath dinner kiya,0
andera hi anddhea hai,1
 sab ko salam main ja rhaa hooon,1
bllade se kaali kaat li hai,1
 sab ko salam main ja rhaaa hoon,1
ab mujhe jeena naahhi hai,1
aaj hi sab khhaam kar loonga,1
anddhera hi anhera hai,1
thoda thakka hono kaam se,0
sir daarrd kar rhaa hai,0
bhook se mar jauga,0
ini thakan ke mar janu,0
phanasi laga li hai,1
ab zindagi ahcih lag rhi hai,0
nayya pohne liya hai,0
adhear hi anhdera hai,1
ghar mein thodi larai ho gyi,0
buhhr hai kal se,0
man se ab kuch nhi hoat,1
main khud ko nuqsan pahunchta honno,1
"gar walon se baat hui, sab khush",0
aaj raat marnan chahta hoon,1
"kal chutti hai, seriously",0
sab bekaaar laggta hai ab,1
kaaam bohhat tha par ho gya,0
pehle sochta tha ab naaahi,0
jne ka dil krta hai,0
sab behttar hoga mere bna,1
mujeh mara hai,1
duniyya se jaanna cahhta hoon,1
honestly thoda thaka hoon kaam se,0
kabhi aia socha nahi,0
movvie achih lagi kal,0
goliyan kha li han mnie,1
ab mat chhuni hai maine,1
sachi blade se kalai kaat li hai,1
ab zndagi achhi lag rahi hai,0
mujjhe maan hai,1
rsullts ki tension hai,0
"dost se larai ho gayi, bua lag raaha hai",0
main apnni kalai kaaat raha hoon,1
neend ki goliyan kha li bhoat saari,1
phahsi laga li hai,1
main marna chhahta hoon,1
andah hi andhera hai,1
blde se klaai kaat li hai,1
thoda thaka hoono kaam se,0
neennd ki gooliyyan kha li bohat saari,1
ab sab khtaam karnna hai,1
resuults ki teenson hai,0
jeeee ka dil karrta hai,0
neend ki goliyan kha li bohat saari,1
main marrna chahta hoon,1
"mujjhe maaf kar dena sab ko, man ja raha hoon",1
andehrra hi andhera hai,1
kash neennd na tooteey kabhi,1
ab maatu chnui hai maine,1
salray aa gai is mahine,0
maain anpi kalai kaat raha hoon,1
uadaas feel kar raha hooon aaj,0
grim bohhat hai aaj kal,0
bohat preshan hoon kaam ki wajah se,0
mar jaoon to sab saamahj jayenge,1
zidagi se tanng aa gaa hoon,1
maaut hi raht hai mere liye,1
khud ko nuqasn nahi pahunchaunga,0
chhat se kuuddne wala hon,1
thd si khansi hai bas,0
ziidagi khatam karna chahta hoon,1
aaj moo achhha hai,0
"ghr walon se bat hiu, sab khush",0
bas thoda wqat aur phri main khatam,1
uddaas felle kar raha hoon aaj,0
mani mana nahi chahta,0
sukoon nahi mila khin,1
maiiin sab ka bohj hoon,1
dot milla bohta dino baad,0
mar hi joano ga itni garmi mein,0
therayp se bethar fel hota hai,0
khudkushi ka socch raha hoon,1
jeeene ka dil kata hai,0
ab sab khattam krna hai,1
bohat paeshan hon kaam ki wajah se,0
ab ziindagi achi lag rahhi hai,0
paapa ke jaaane ke baad maiin bhi khatam,1
bhook se mar jaaunga,0
sab thek chl rahha hai,0
exam ne maar dal,0
goilyan kha li haain maine,1
himmat nhe har rahi bas thaka hoon,0
dst mial bohat dino baad,0
sab tkhee chal raha hai,0
"barissh ho rai hai, chai ke liey best",0
maain marna naih chahta,0
bohhta pareshan hon kaam ki wajah se,0
bore ho ke mar jaunngga,0
gari boat hai aaj kal,0
cricket dkehne ka plaan hai,0
kahbi aisa socha nahi,0
muhe apni jaan deni hai,1
sab behtar hoa mre binna,1
naa phoone liya hai,0
has has ke mar juagna,0
"naya drama shuru kiiya, story ahhi hai",0
anhdera hi anndehra hai,1
aaj mood accah hai,0
khudkushi jaisi baat nahai,0
"barissh ho raih hai, cahi ke liye best",0
"bas thoda waqt aur phir main khatam, not joking",1
ab zinddagi achhi lag rhi hai,0
aaj raat marna chaha hoon,1
marnre ka wat aa gaa hai,1
gas chhula lagag hai ab,1
mujeh {t} mara hai,1
nya pohne lya hai,0
doost ke saath ghoomne gaya tha,0
dunia se jaana chahta hooon,1
sab beakar latta hai ab,1
mujeh {t} maarna hai,1
mar joon to sab samajh jayenge,1
jeene ki himmat nahi rah,1
book laagi hai yara,0
mian marna cahhti hooon,1
bhook se mar jauang,0
kama bohhat tha par ho gya,0
man maana nahi chahta,0
mvie achih lagi kal,0
khudkushi karnna chhata hon,1
mani marna chahi hon,1
"mar jaoon to sab samajh jayenge, I am done",1
zeher khaardi lyia aaj hi,1
exxam ne mara daala,0
"ghar walon se baat hui, sab khuh",0
honestly main se ab kuch nahi hota,1
main marna nahhi chahtta,0
ema ne mar dala,0
mujhe {t} maanra hai,1
ab muje jeena nai hai,1
kam bohat tha par ho gaaay,0
ab sab khaatam kaarnna hai,1
bas thhoda waqt aur phir min khatam,1
sab ko alvda keh raaha hon,1
"naya drmaa shuru kiy, sory achhi hai",0
phnasi lagga li hai,1
naya saaal pe nai ummeedein,0
mian sab ka bohj hon,1
puurain aadat chhor di,0
"ghar wan se baat hu, sab khush",0
chhat se kdne walla hono,1
ab jeeene ka dil naahi karat,1
rasis chhhat se banhd di hai,1
"matcch dekha rata ko, maaza aaya",0
main apin kalaai kaaat raha hoon,1
mian sab ka boh hoon,1
gas chua laaa hai ab,1
pata hai phansi laga li hai,1
nned nahi aayi raat bhar,0
sukooon nahi milta kahin,1
alhammmdulillah ab thek hoon,0
thoda tahka hoon kam se,0
ghadi dekh raah hoon bas waqqt aa gaya,1
mujhe apni jaan deni h,1
mjue manra hai,1
sab bekkaaar latga hai ab,1
paap ke jaane ke baaad main bhi khatam,1
sab betar hoga mre bina,1
alhamdluillah ab theek hoon,0
sab theeek cahl rha hai,0
pappa ke jaane ke bada main bhi khatam,1
itni thkna ke mar jun,0
gloyian kha li hain maine,1
"ghar walon se bata huii, sab khussh",0
dunniya se jaana chahta hoon,1
koi umeed nahi rahhi ab,1
"muhje maaf kar dena sab ko, main ja rahha hoon",1
maut nahi cahhiye mujhe,0
gdhi dekh raha hono bas waqt aa gaya,1
family ke sath dinner kiyya,0
kuhd ko nuqsan nahi phaunhcaunga,0
andhea hi andera hai,1
main marna chaahti hoon,1
chhaai pi lo dukkh khatam,0
thoi si khasi hai bas,0
purani aaadt chhr di,0
kaassh neend na tootey kabbhi,1
zheeer pi liiya hai,1
blade se klaai kaaat li hai,1
jeeen ki hmimat nahi rahi,1
chai pi lo dukkh kahtam,0
sab ko alvida keh raah hooon,1
"for real, neend nahi aayi raat bhar",0
goiyan kha li han maaine,1
phasni laagga li hai,1
"zeher pi liya hai, I am done",1
alhamdulillah ab teek hono,0
neend ki gloiyan kha li bohat saari,1
jeeeen ka dil kaarta hai,0
mujhe mrana hai,1
min ani kalai kaat raa hoon,1
aaj hi sab khattam kar loonnga,1
zeher pi liyia hai,1
bohat pareshan hoon kaam ki wajaah se,0
nay phonne liya hai,0
koi umeed nai rai ab,1
golian kha li hian maine,1
bhoat pareshan hono kama ki wajah se,0
main khud ko nuqsan pahuncata hoon,1
muaat hi rahat hai mere liye,1
boe ho ke mar jaua,0
naya saal pe nayi ummeedeein,0
family ke saath dnner kiya,0
mjujeh marna hai,1
jeene ki himmat nahhi rahhi,1
"rassi chhat se bandh di hai, for real",1
marrne ka wqqt aa gaa hai,1
goliyna kha li haain maine,1
mani mara chahti hoon,1
ab sab khatam knaa hai,1
khudkushi jasi baaat naahi,0
"barish ho rahi hai, chia ke liye bets",0
yaar therapy se behtar feel hota hai,0
inti thakan ke mar jaun,0
toda thaka hoon kama se,0
khudkusi karan chhta hoon,1
main manra chahti hono,1
khddu ko nuqsna nahi pahunchaunga,0
ghar mein thhodi larai ho gayi,0
garim bohat hai aaj kal,0
khudkshi jaiis baaat nahi,0
exm ne maar dlaa,0
crickt dekhne ka plan hai,0
bas thooda waqt aur phir main khatma,1
sab ko alivda keh rha hoon,1
bohat parehasn hoon kaaam ki wajah se,0
ghadi dekh raha hon bas waqt aa gaya,1
trafic ne jaan nikla di,0
ghadi dekkh raha hoon bas waqt aa gaay,1
"neend ki goliyan kha li bohat saari, not joking",1
bok lagi hai yara,0
assignment khatam kar looon phhir dekhte hain,0
mujeh apnni jaan dei hai,1
khdkshi karna chahta hoon,1
mujhe apni jaaan denni hai,1
 sab ko slma main ja raha hon,1
sab ko alvidda keh raa hoon,1
muhe bas mar jaana hai,1
phasni laga li hai,1
ghar min thodi larai ho gyayi,0
kal cti hai,0
iti thkan ke mar jauun,0
exaam ki tyaari chal rahhi hai,0
ghar mein thodi laai ho gyi,0
khudkushi ka soch rha hoon,1
aaj raat mnra chahta hon,1
kash neeend na tooteey kbahi,1
mrarne ka waqt aa gaya hai,1
sab ko alvvida keh rha hoon,1
main marna chathta hooon,1
pehle soctha tha ab nahi,0
maain marna chahit hoon,1
mujhe bas mar jaa hai,1
traffic ne jan nika di,0
jeee ki himmat nai rahi,1
has has ke mar juuna,0
aaj raat marrna chhahta hoon,1
neend naih ayi raat bhhar,0
dniya se jna chahta hoon,1
maut naahi cahhiye mujhe,0
khudksuhi ka soch raha hoon,1
jeeenne ka dil kara hai,0
bhuakr hai kal se,0
duniyya se jaanna chaha hoon,1
khuddkushi karna chahtta hooon,1
udas feel kar raha hnoo aaj,0
bre ho ke mar janugga,0
bllade se kalai kaat li hai,1
exam ki tayari chaal rahi hai,0
muhhe bas mar jaa hai,1
khudkushi karnna chahta hooon,1
buha hai kal se,0
aaj moddo ahha hai,0
aaj raaat marna chaahta hoon,1
cricket dekhe ka plan hai,0
mujeh maa hai,1
mujeeh marna hai,1
pnasi lga li hai,1
main mana chahta hooon,1
aaj ka din the tha,0
buhaar hai kal se,0
falmiy ke saath dinnr kiya,0
papa ke jaane ke baad min bhi khatam,1
bas thoda waqt aur phir min kahtam,1
bdlae se kalai kaat li hai,1
pata hai kash neend na tootey kabhi,1
mujhe {t} marna hai,1
sab ko allvida keh rahha hoon,1
 sab ko salam mni ja raha hoon,1
"baihs ho rahi hai, chai ke liye bet",0
mushkil wqt hai par guzar jayega,0
neeend nahi aai raat bhar,0
sukoon nahi mlta kaahin,1
chhat se kuden walla hoon,1
sab bekra lagta hai ab,1
neeend nhi aayi raaat bhar,0
aaj phr khud ko kat baitha hooon,1
sukoon naai milta kahn,1
akal fel kar raha hoon aaj,0
"match deah raat ko, maaz aaya",0
"honestly mujhe maaf kar dena sab ko, main ja raha hoon",1
maut naahhi chahiyye mujhe,0
himmat nhai har rahi bas thaka hono,0
alhamduillah ab theek hon,0
"macth dekha raat ko, maa aaay",0
kaam baht tha par ho gaya,0
garmri ne mar dala aaj,0
ini thaan ke mar jun,0
has has ke mar jngga,0
sab behtaar hoga mere biina,1
mjuuhe bas mar jana hai,1
blade se kalli kaat li hai,1
papa ke janae ke baaad main bhi khatam,1
kuhdkushhi ka soch raha hon,1
exam ki tayarri chaal raih hai,0
results ki tenioon hai,0
hiimmt nahi har raahi bas thaka hoon,0
net swwlo hai aaj kal,0
"for real, khudkushi karna chahta hoon",1
muhe mana hai,1
akklea feel kar raha hoon aaj,0
 sab ko salam maain ja raaha hon,1
sab ko alviida keh raaha hoon,1
eaxm ki tayair chal rahi hai,0
muhkil waqt hai par guzaar jayega,0
naya phhoen liya hai,0
zindagi se tagn aa gaa hoon,1
alhamdulillah ab thkee hoon,0
duya se jaana chhahta hoon,1
ab sab khhhatam karrna hai,1
chai pi lo duuukh khatam,0
himmat nahih har raih bas thaka hoon,0
zndaggi se tang aa gaya hoon,1
mian marna nahi chahta,0
kassh needn na tootey kbhi,1
kaam bhoat tha par ho gayya,0
zindagi khhatam karna chata hoon,1
papa ke jaae ke baad main bhi khatma,1
mhje {t} manra hai,1
maut hi rahat he mere liye,1
neend nhai aayi rata bhar,0
mut hi rahat hai merre lie,1
salary aa gayi is maihne,0
maut hi rahhta hai mere liiye,1
ressults ki tnesoin hai,0
ressullts ki tensin hai,0
mar hi jaoon ga itni gamri mein,0
alhamdlillah ab theek hoon,0
dsot mila bohat dno baad,0
muujhe {t} mrrna hai,1
bohat pareshn hoon kaam ki wajah se,0
matu hi rhaat hai mere lyie,1
"mujjhe maf kar dena sab ko, main ja raha hoon",1
nya saaal pe nayi ummeedein,0
boe ho ke mar jaanga,0
uddaas feel kar raha hoon aaj,0
maain sab ka bjh hon,1
aaj hi sab khatma kar loongga,1
movvvie ahhi lagi kal,0
ab jeee ka dil nahi kaarta,1
kudkushi jaisi bata naahi,0
mushkil waqt hai par gzuar jayega,0
himimat nahi har rahi bas thaka hoon,0
ab mauut chuuni hai miane,1
"mujhe maaf kar dena sab ko, main ja rha hon",1
pppa ke jaane ke baad main bhi khatam,1
ab main hamesha ke liye ja raa hon,1
crciket dkhne ka plan hai,0
ab muje jeenna naih hai,1
"mujjhe maaf kar dea sab ko, main ja rahha hoon",1
buhkra hai kal se,0
dost miila bohaat diino baad,0
aekla feel kar raa hoon aaj,0
ghaar mein thodi larai ho gai,0
main mara nahhi chhahta,0
reslst ki tension hai,0
honestly garmi ne maar dala aaj,0
main marna cahhti hoon,1
itin thakn ke mar jauun,0
zindaggi katam karna chahta hoon,1
bre ho raha hono aaj,0
marrrne ka waqqt aa gaya hai,1
ghr meiin thodi larai ho gaiy,0
mar hi jaaoon ga inti garmi mein,0
ab maut chuni hai mane,1
muushkil waqt hai par guzar jayea,0
zindaggi se tang aa gaay hoon,1
ab maain hamhesa ke liye ja raha hoon,1
sab beehtar hoga mree binna,1
aaj hi sab khtam kar lona,1
main khdu ko nuqsan pahunchata hoon,1
thodi si kani hai bas,0
papa ke jaane ke baaad man bhi khatam,1
kabhi asia socha naahi,0
bre ho raha hon aaj,0
"barrish ho rahi haai, cai ke liye best",0
muat hi rahat hai mee lye,1
marre ka watq aa gya hai,1
zeher kharid liyyya aaj hi,1
ab mut cuni hai mane,1
exam ne maaaar daal,0
dost mila baht dino baad,0
thaka hoon par khhu hoon,0
"dosst se laraai ho gayi, buura lag raha hai",0
sab bekar latga hai ab,1
rassi chhht se bandh di hai,1
sab ko alvvida keh raha hoon,1
ghadi dekh raha hoon bas wat aa gaya,1
papa ke jaane ke baaaad main bhi khataam,1
kah needn na tootey kabhi,1
assignment khatam kar lon pihr dekhte hain,0
marrne ka waaaqt aa gaya hai,1
jeene ki himat nai raih,1
aka feel kar raha hon aaj,0
thhaka hoon par khush hono,0
therapy se behttar feel hoat hai,0
mhe bas mar jaa hai,1
sab ko alvia keh rhaa hon,1
bas thoda watq aur phiir main khatam,1
koi ueeed nahi rhai ab,1
assignment khatam kar loon phir dekhe hain,0
grmi bohaat hai aaj kal,0
sab teheek chal raa hai,0
jnee ka dil kara hai,0
net solow hai aaj kal,0
muushlk waqt hai par guzar jayega,0
zindagi se tagn aa gya hon,1
kam boohat tha par ho gaya,0
sachi ghar mein thodi larai ho gayi,0
sab bhetar hoga mere bina,1
sab bekaar laatta hai ab,1
zheeer pi liya hai,1
"ghar walon se bata hu,i sab khussh",0
I swear mar hi jaoon ga itni garmi mein,0
rasis chhat se banndh di hai,1
mjhe apni jaan dei hai,1
dard meiin hi skuoon milat hai,1
ab zindgi ahhi lag rahi hai,0
sab beaaar lagtta hai ab,1
neend ki goliiyaan kha li bhat saari,1
aaj raat mana chahta hon,1
"maatch dekha rata ko, maza aaya",0
purani aaat chhor di,0
duniya se jaaan chhahta hoon,1
dard mein hi skuon milta hai,1
main manra chhait hoon,1
garm boht hai aaj kal,0
maut nhai chahiyye mjhe,0
neend nai aayi raat bhaar,0
neend ki golliyan kha li boat saai,1
maarrne ka waaqt aa gaya hai,1
kabih aissa socha nahhi,0
zidagi se tang aa gaya hoon,1
sab bekaar laag hai ab,1
mjjhe {t} marrna hai,1
maut nahi chahiye muuhje,0
ghaddi dekh raha hon bas waqt aa gya,1
neeend nai aayi raat bhar,0
garrmi bohat hai aaj kal,0
mjue mana hai,1
aaj hi sab khaatam kar lononga,1
aaj hi sab khattaam kar looonga,1
koi ueed naahi rai ab,1
"mach deekha raat ko, maza aaya",0
aaj hi sab khhaatam kar looga,1
koi umeeed nah rahi ab,1
dsot milla bohat dino baad,0
sab bekar laa hai ab,1
neend nahi aaayi raat bhar,0
sab ko alida keh raaha hono,1
jeee ki himmat nahi rai,1
dard meiin hi sukoon mtila hai,1
main marna nahhi chahat,0
therapy se behtar feel hota he,0
mjhe bas mar jaana hai,1
mujhe apni jaan dein hai,1
mujhe apni jan dein hai,1
allhhamdullilah ab theek hoon,0
ziagi se tagn aa gaya hoon,1
nayya phone liya hai,0
jeeeene ka dil krta hai,0
"ghar walon se baat hi, sab kuhh",0
koi umed nahi rih ab,1
zhr pi lia hai,1
mani maarna chahta hoon,1
sab behhtar hoga mere bna,1
mujhe aipn jaan dnei hai,1
zindagi se tang aa gya hono,1
kabhi aissa soha nai,0
thoodi si khannssi hai bas,0
salary aa gaiy is mahien,0
neend naih aayi raat bhra,0
nya saal pe nyai ummeedein,0
ab mian hamesha ke liyye ja raah hoon,1
has has ke mar jnuag,0
mjueh mana hai,1
jene ki himmaat nahi rahi,1
thoddi si khhansi hai bas,0
sab ko avda keh raha hoon,1
ab sab khaaatm karna hai,1
I swear phansi laga li hai,1
zeher karid liyyya aaj hi,1
aaj modo accchha hai,0
movvie achhi lai kal,0
main se ab kuch nahi htooa,1
pata hai purani aadat chhor di,0
boer ho raha hono aaj,0
sab bkeaaar lagta hai ab,1
uaas feel kar raha hoon aaj,0
aaj raat maan chahta hoon,1
cricket dekhnhe ka plan hai,0
maut hi rahat hai meere lye,1
jeenne ka dil kra hai,0
nend nahi aayi raaat bhar,0
dot mia bohat dion baad,0
itni thakkan ke mar jaaun,0
chhat se knde wala hooon,1
main apni kaalai kaat rah hoon,1
goliyan kha li hiaan maiine,1
alhamduliillaah ab theek hooon,0
jeeee ka dil karta hai,0
udaas feeel kar rha hooon aaj,0
thoda thaka hoon kaaam se,0
neend ki golliyan kha li bohat saari,1
dost miall bohat dino baad,0
exaam ne maaar dala,0
papa ke jaaanne ke baad maain bhi khatam,1
zeerh pi liya hai,1
zindagi khatam kaaarna chahta hoon,1
bohat praeshan hoon kaam ki wjah se,0
ghar meiin thodi lari ho gayi,0
I swear kal chutti hai,0
bore ho raaha hooon aaj,0
bore ho ke mar jnaga,0
assignment khaatm kar loon phr dekhte hain,0
zheer kharid liya aaj hi,1
mar jaono to sab samaajh jayeenge,1
ab jeeen ka dil naahi karat,1
thdi si khaasni hai bas,0
mujhe {t} mara hai,1
"mujhe maaf kar dena sab ko, man ja raah hoon",1
"mtch dkeha raat ko, maza aaya",0
salary aa gyi is mahine,0
ghr mein thodi larai ho gaayyi,0
crickeet dekhnne ka plan hai,0
kash neennd na totey kabhi,1
"naya drama shuru kiya, stoory achhi hai",0
naya phhone liiyya hai,0
main marnna nahi chhata,0
bhhhook se mar jaunga,0
 sab ko salm mian ja raha hoon,1
"mjhhe maaf kar dna sab ko, main ja raha hoon",1
koi umee nahi rhai ab,1
sab ko alvida keh rah hon,1
ghar mein thi larai ho gayi,0
aaj mod ahha hai,0
ab jen ka dil nahi karta,1
koi umeed naai raahi ab,1
anhra hi andherra hai,1
aaj hi sab khatama kar loonga,1
bukhrra hai kal se,0
exam ne mara daal,0
"mujhe maf kar dena sab ko, main ja raah hoon",1
ghar meni thodi larai ho gayi,0
"mtach dekha rat ko, maza aaya",0
marrne ka waqt aa gaaya hai,1
bhhook lgia hai yaar,0
"sab theek chal raha hai, for real",0
ab zindaggi achhi lag rahi hai,0
kudkushi jaisi baaat nahi,0
chhat se kudne walla hoon,1
main marna cahtta hono,1
zindaagi se tnag aa gaya hoon,1
zindagi khaatm kaarna chahta hon,1
wokrout ke baaad jism duh raha hai,0
yaar bukhar hai kal se,0
bas thodda wqt aur phir main khaatam,1
muat hi rahhhat hai mere liye,1
ab maut chuni h maine,1
jeene ki himmat naih rhi,1
sab behtar hoga meere bina,1
muujhe bas mar jaana hai,1
"sukoon nahi milta kahin, not joking",1
golian kha li hai maine,1
thaka hooon par khush hono,0
man marrna chahti hoon,1
ab mujhe jeenna nai hai,1
garrmi bhat hai aaj kal,0
assignment khatam kar loon pir dkhte hain,0
itnni tahakn ke mar jaun,0
ab maut chui hai maine,1
thoda thkaa hoon kama se,0
mjue maarna hai,1
naay saal pe naiy ummeedein,0
aaj modo achhha hai,0
pehle sochta tha ab naih,0
khudkushi karan cahhta hono,1
chi pi lo dukh khatma,0
neend ki goliyan kha li bohta saari,1
sab ko alvvida keh raha hono,1
bhkoo lagi hai yar,0
mrarnne ka waqqt aa gaya hai,1
man marna nhi chaahta,0
"alhamdulillah ab theek hoon, I am done",0
sab ko alvida keh raa hno,1
mar hi jaoon ga itni garrim mein,0
maut hi raaat hai mere lie,1
aaj moddo acha hai,0
udaas feel kar rhaa hono aaj,0
alhamulillah ab thek hoon,0
thka hon par khuh hoon,0
traffic ne jan nkaal di,0
traffiic ne jaaan nial di,0
sachi bhook se mar jaunga,0
teraapy se behtar feel hta hai,0
gas chhual laga hai ab,1
neend ki goliyan kha li boohat saari,1
garmi bohaht hai aaj kal,0
gas clua laga hai ab,1
sab beehtar hoga mree bina,1
exaam ki tyari chla rahi hai,0
mjhe {t} marna hai,1
chhat se kuunde wlaa hoon,1
 sab ko slam main ja raha hon,1
ab maaut chnnui hai maine,1
zidnagi khhatam karna chhta hoon,1
sab theeeek chal rhaa hai,0
kal cuthi hai,0
blade se kalaai kaaat li hai,1
zindagi khatam karna chhata hoon,1
maaarrne ka waqt aa gaya hai,1
caih pi lo duh khatam,0
aaj raaat marna chahta hoon,1
uddaas feeel kar raha hooon aaj,0
goliyan kha li hin mine,1
ppa ke jaane ke baad man bhi khatam,1
chat se kuden wala hoon,1
kassh neend na tooey kahbi,1
kama boht tha par ho gya,0
"barissh ho rahi hai, chai ke liye best",0
neend nahhi aayyi raat bhar,0
aaj hi sab kathtam kar loonga,1
"naya drama shruu kiya, stoory achhi hai",0
ghadi dekh raha hono bas waqt aa gyaa,1
ab mauut chnni hai maine,1
sab ko alviida keh raaaha hoon,1
workuot ke baad jism dukh raha hai,0
grrmi bohta hai aaj kal,0
taffic ne jan nikal di,0
udaas feel kar rhaa hoon aaj,0
khudkushi jasi bata nahi,0
bladde se klai kaaat li hai,1
dost mila bohhat dnio baad,0
gami boat hai aaj kal,0
goliyan kha li hin manie,1
uddaas feeel kar raa hoon aaj,0
kabhi aiisa soccha nahhi,0
traffic ne jan nikal di,0
ghdai dekh raha hon bas waqt aa gaya,1
boe ho ke mar jauunnga,0
"for real, zindagi se tang aa gaya hoon",1
ghaar mein thodi larai ho gaiy,0
pruaani aadat chhor di,0
kudkushi karna chaht hoon,1
aaj moood ahca hai,0
phansssi laa li hai,1
traffic ne jaan nikaal di,0
reeults ki tension hai,0
miian maarna chahta hoon,1
chia pi lo duh khatam,0
dard men hi sukoon milttta hai,1
goliyan kha li hain miane,1
ab jene ka dil naahi karta,1
 sab ko slam main ja raa hon,1
zindgi khatam karna chata hoon,1
thkaa hon par khush hoon,0
ab main hamesha ke liyye ja rha hoon,1
nya phoone liay hai,0
bhhook se mar jauag,0
ab main hmehsa ke liye ja raha hoon,1
ghr meni thodi larai ho gayi,0
mian se ab kuch nhi hota,1
papa ke jaane ke baad mni bhi khatam,1
tdoa thaak hoon kaam se,0
aaj phhir khud ko kat baitha hon,1
ab sab khatam kaarna hai,1
ghaai dekh raha hoon bas waqt aa gaya,1
ab mat chni hai maine,1
aaj hi sab kaham kar loonga,1
mar hi jaon ga itni gaari mein,0
ghar mein thoddi larai ho gayi,0
mar jaoon to sab samaajh jayeenge,1
aaj raat mana chatha hoon,1
bas thoda wqt aur phir main khatam,1
main khud ko nuqsan pahunchata hon,1
jeenee ki himat nahi rahi,1
thoad thhaka hoon kaaam se,0
kaam bohta tha par ho gayya,0
kash neend na tootye kabhi,1
zheer khad liya aaj hi,1
alhaumdlillah ab thek hoon,0
chai pi lo dkkh khtaam,0
zeher pi laiy hai,1
yaar marrne ka waqt aa gaya hai,1
ab muhje jeenna nahi hai,1
khukdushi ka soch raha hooon,1
"ghar walon se baat hiu, sab khush",0
chhaat se kudne wala hooon,1
main khud ko nuqsan pauhnchata hoon,1
"naya drama shuru kiya, stoy ahhi hai",0
ciket dekhne ka plan hai,0
net sllwo hai aaj kal,0
thhhodi si khani hai bas,0
ab sab khatam kran hai,1
has has ke mar juauna,0
workotu ke baad jiism dukh raha hai,0
dost mial boat dino baad,0
mushkil waqt hai par guzar jayeggga,0
thaka hono par khsuh hoon,0
udaas feel kar rahha hoono aaj,0
maut nahi cahiey mujhe,0
 sab ko salam man ja raha hooon,1
"naya drma shuru kiya, stroy achhi hai",0
dost ke saath ghoomnne gaay tha,0
mar hi jaaoon ga itni garmi meiin,0
addhera hi andhera hai,1
jenee ka dil krata hai,0
ahlamdulillah ab theek hoon,0
mar jaaoon to sab samajh jayene,1
kabhi aisa socha nai,0
famiy ke saath diiner kiya,0
"doost se larai ho gaiy, bura lag raha hai",0
ini thakan ke mar jauun,0
dost miiia bohat dino baad,0
alhamdulillah ab theek hooon,0
main manra chahat hon,1
dost mila bohat dio baad,0
pata hai goliyan kha li hain maine,1
sab bekaar lagttta hai ab,1
akeal feeel kar raha hooon aaj,0
"mujhe maaf kar dena sab ko, main ja raha hoon, seriously",1
pata hai maut hi rahat hai mere liye,1
thherapy se behttar feel hota hai,0
nyaa saal pe nayi umemedien,0
zehrre pi lyia hai,1
cricket dehne ka plan hai,0
gami bhoat hai aaj kal,0
"goliyan kha li hain maine, for real",1
duniiya se jaana chhata hoon,1
blade se kaliia kata li hai,1
pruani aadat chor di,0
kash nend na tootey kabhi,1
"gar walon se baat hui, sab khsh",0
muhhje bas mar jnaa hai,1
gas chlla laa hai ab,1
khudkushi karan cahta hoon,1
mushkil wqat hai par guzar jayega,0
bas thoda wat aur pir maain khatam,1
kabbhi aisa socha nahi,0
man sab ka bojh hoon,1
himmat naih har rhi bas thaka hoon,0
thoda taka hooon kaam se,0
himmat nai har rahi bas thaka hooon,0
gooliyan kha li hain maien,1
"ghra walon se bat hi, sab khush",0
ab sab khaatam krrna hai,1
mar hi jaoon ga itnni garmi mien,0
main anpi kalai kta raha hoon,1
jeeene ki himmat naahi rhai,1
akeal fele kar raha hon aaj,0
aaj mod ahah hai,0
main marna chhai hoon,1
ghra meein thodi larai ho gayi,0
maut nahi cahhiye muuje,0
zindgi se tagn aa gaya hoon,1
aaj ka din teeheek tha,0
mue bas mar jna hai,1
peehle sohhcta tha ab nahi,0
thaka hon par khush hon,0
min marna chahti hoon,1
ab matu chuuni hai maine,1
goliyan kha li hia maine,1
chhhat se kudne wla hoon,1
"naya draam shru kiya, story achhi hai",0
thoddi si khsni hai bas,0
mar hi jaooon ga ini garmi mein,0
toda thakka hon kaam se,0
bhoooook se mar jaunga,0
phhansi lag li hai,1
maut nahhi chahhiye mujhe,0
aaj hi sab khatm kar looonga,1
sir dard kar raah hai,0
gami ne maar daa aaj,0
dad mein hi sukoon miat hai,1
thoodi si khanssi hai bas,0
pahnis laa li hai,1
maut hi rahhat hai mer liye,1
mian sab ka boojh hon,1
pata hai khudkushi karna chahta hoon,1
bldaae se kalai kaaat li hai,1
khudkushi karnna chhta hoon,1
gas chuula laagga hai ab,1
khdkushi ka soch raha hoon,1
kabhi aisa sohca nhai,0
blade se kaali kat li hai,1
chaht se kuden wala hooon,1
ab mujhe jeean nai hai,1
maain khud ko nuqsan pahuchata hoon,1
sir dard kar raaaah hai,0
paa ke jaanne ke baad maiin bhi khatam,1
ab zidnagi ahih lag rahi hai,0
mjjhe {t} mrna hai,1
assignnment khatam kar lon phr dekhte hain,0
maut hi rahat hai mree liy,1
sab ko avda keh raha hooon,1
kash neend na tootey kaabhi,1
ab main hmesha ke liyye ja raha hoon,1
has has ke mar juagan,0
chhat se kdne wala honno,1
andhera hi andehera hai,1
"mathc dekha raat ko, maza aaya",0
khhud ko nuqsan nhai pahunchaunga,0
duniya se jaana chahat hon,1
kudkushi karna cahhta hoon,1
"math dekha raat ko, maza aaaya",0
chht se kunde wala hon,1
khud ko nuqsan naahi pahuncchaunga,0
jeenen ka dil kata hai,0
khudksuhi ka sch rha hoon,1
jeene ki himmt nahi rahi,1
jene ki himat nahi rhai,1
"gahr wlaon se baat hui, sab khush",0
sallray aa gayi is mahien,0
sir drd kar rha hai,0
zindagi se tang aa gaa honno,1
ab sab khattam karan hai,1
exam ki tayari cahl rahi hai,0
matu naahi chahiye mujhhe,0
mujhe {t} marrna hai,1
main sab ka boojh hono,1
saalary aa gayi is mahie,0
aaj phir khd ko kaat baiitha hon,1
main ani kaali kat raha hoon,1
duniya se jaana chhata hoon,1
mar jaono to sab smajh jayeenge,1
ahadmulillah ab theeek hoon,0
boko se mar jauga,0
mar hi jaaooon ga itni garrmi mein,0
maiin mara nahi chahta,0
exam ki tayri chal rai hai,0
jeenne ka dil kaat hai,0
grmi boha hai aaj kal,0
aaj phir khhud ko kaat baitha hoo,1
ppaa ke jaane ke baad mani bhi khatm,1
naya sala pe nyai ummeedeiin,0
famiy ke saath dinner kiay,0
ghar mein thhodi larai ho gyi,0
bore ho raa hon aaj,0
sab bkekaaar lagta hai ab,1
khudkushi jaiiisi baat nahi,0
"aaj phir khud ko kaat baitha hoon, seriously",1
himmat nahi har rahi bas thhaak hoon,0
bohaat pareshan hoon kaaam ki wajha se,0
khdukushi karna chahta hooon,1
cikte dekhne ka plan hai,0
gaarmi ne mar dala aaj,0
ab sab kaatam krana hai,1
itnnni thakan ke mar jun,0
mian api kalai kaat raha hoon,1
maain khd ko nuqsn pahunchata hoon,1
ab jeeene ka dil nhai kaarta,1
znidagi se tang aa gaya hooon,1
khud ko nuqssan nahi pahunchaunga,0
kud ko nuqsan nahi pahunchaunga,0
dard men hi skon milta hai,1
crciket dekhne ka plan hai,0
aaj raat mrrna chahta hoon,1
maut nahi chhiye mujhhhe,0
sachi zeher pi liya hai,1
mushkiil waqt hai par guzaar jayega,0
dard meein hi skono milta hai,1
crcket dehne ka plan hai,0
gamri ne maaar dalla aaj,0
boat pareshhan hoon kaam ki wajah se,0
ab zindaagi achhi lag rai hai,0
mujhe maarran hai,1
"dot se larai ho gayi, bura lag raaha hai",0
has has ke mar juaangga,0
sab behtr hoga mere bina,1
kaaam boht tha par ho gaya,0
nayya phoe liya hai,0
kaam boohta tha par ho gaya,0
"bariish ho rahi hai, chai ke lyie best",0
resulttts ki tenssion hai,0
zeher khrid liya aaj hi,1
boer ho ke mar juunga,0
ghadi dekh raaha hoon bas waqt aa gaya,1
bkhoo se mar jaunga,0
man sab ka boojjh hoon,1
rais chhat se bandh di hai,1
moviie achhhhi lagi kal,0
aaj mood ahca hai,0
ab jeene ka dil nhai karat,1
aaj moood achaah hai,0
main maarna nahi chahta,0
cricket deke ka plan hai,0
jene ki hmmt nahi rahi,1
main khd ko nuqsn pahunchata hoon,1
buakhr hai kal se,0
aaj raat maar chahta hoon,1
bhhook laig hai yaar,0
taka hoon par khush hono,0
"barish ho rahi ha,i chai ke liye beest",0
muushkil waqt hai par guar jayegga,0
sab thkee chal raa hai,0
naya saal pe nyai ummedein,0
phnsi lagga li hai,1
sab tehk chal raha hai,0
rasi chhat se bandh di hai,1
assignment khatam kar lon phiir dekhte hian,0
mujeeh mrana hai,1
bukkr hai kal se,0
"ghhar walno se baat hui, sab khhush",0
koi umeed naahhi rhi ab,1
bhook se mar jaugga,0
ab mjueh jeena nahhi hai,1
I swear mushkil waqt hai par guzar jayega,0
alhamdulillah ab teek hooon,0
bkuuhar hai kal se,0
movie achhih lai kal,0
mjuuhe apni jan deni hai,1
main marna nahi chaha,0
duniya se jaanna chahta hooon,1
net slow h aaj kal,0
zinddagi se tang aa gaya hon,1
khhud ko nuqsan nahi pahunchaaunga,0
"mujeh maaf kar dena sab ko, mian ja raha hoon",1
neend ki goilyan kha li bohat saari,1
bohat pareshaan hoon kaam ki wajah se,0
ab mujhe jeeeena nai hai,1
mujeh bas mar jnna hai,1
exaam ne maar daa,0
mjhe apni jnaa deni hai,1
sab btear hoga meere bina,1
rsults ki teensoin hai,0
bohat paareshhan hoon kama ki wajah se,0
exaam ki tayari cal rhi hai,0
mar jaoon to sab samajh jyaenge,1
ghar mein thod larai ho gayi,0
bohat pareshan hoon kam ki wajha se,0
mar joaon to sab smajh jayenge,1
"has has ke mar jaunga, seriously",0
min khud ko nuqsan pahuncchata hoon,1
zinagi khatam karna chatha hooon,1
ab zindaagi achhhi lag rahi hai,0
ab zindagi ahih lag raahi hai,0
duinya se jaana chahtta hon,1
aaj rat marna chaahhta hoon,1
"for real, main sab ka bojh hoon",1
papa ke jane ke baad main bhi khaatam,1
eam ne mara dlaa,0
sab behtar hgoga mree bina,1
mar joan to sab samajh jayennge,1
muhje bas mar jaa hai,1
pelhe sochta tha ab nahi,0
 sab ko salam maain ja rha hono,1
jne ka dil karta hai,0
crcet dekhe ka plan hai,0
maain se ab kch nahi hota,1
bas thoda waaqt aur phir mian kahtam,1
thda taka hoon kaam se,0
"mujhe maaf kar dena sab ko, main ja raha hoon, not joking",1
puani aadat chr di,0
main maarna chahti hno,1
goilyan kha li hian miane,1
aaj raat marna chhta hoon,1
mar hi jaoon ga ittnni garmi mein,0
jeene ka dil kraat hai,0
"pata hai naya drama shuru kiya, story achhi hai",0
sab bhtar hoa meer bina,1
blaed se kali kaat li hai,1
asssignment katam kar loon phir dekhe hain,0
ab jneee ka dil nahi kartta,1
matu hi rahat hai meer liye,1
zindgai khatam karna chahta hooon,1
maut hi rahat hai mee liye,1
"ghar walon se baaat hui, sab kush",0
mujhe {t} manrra hai,1
bas thoda waqt aur phir main khaam,1
zehheer pi liyya hai,1
blaed se kaali kaat li hai,1
purnai adadat chhor di,0
raasi chhat se bandh di hai,1
ab jeene ka dil nahi karrta,1
kam boat tha par ho gya,0
mujjhhe {t} manra hai,1
main khud ko nuaqn pahunchata hoon,1
pansi laga li hai,1
dot ke saath ghoone gaya tha,0
garrmi ne mara dla aaj,0
dssto mila bohat dino baad,0
main manra cahhti hoon,1
zeeer pi lyia hai,1
zindagi se tang aa gaya hoooon,1
"ghra walno se baat hui, sab khush",0
nayyya phone liya hai,0
ab mujhe jeenna nhai hai,1
koi ued nahhi rahi ab,1
matu hi rahat hai mere lie,1
zehher khrid liya aaj hi,1
"dost se larai ho gayi, buar lag raha hai",0
bre ho rhhaa hoon aaj,0
iti tahkan ke mar jan,0
zheer kahid liya aaj hi,1
"bore ho raha hoon aaj, for real",0
mani mana nahi chaha,0
famiily ke saath diner kiya,0
uaas feel kar rhaa hoon aaj,0
mujhe appi jaan deni hai,1
jnee ka dil karrta hai,0
khudkushi ka sooch raha hoon,1
rasis chhat se bandh di hai,1
bore ho rha hooon aaj,0
jene ka dil karttta hai,0
"zeher pi liya hai, not joking",1
marrrne ka waqt aa gya hai,1
khudksuhi ka socch raha hoon,1
thaka hooon par kush hono,0
kud ko nuqsan nahi pahucnhaunga,0
naya saaal pe nayi ummeedin,0
ab maain hmaesha ke liye ja raaha hoon,1
zindgai se tang aa gyaa hoon,1
thooda thaka hon kaam se,0
ittni thakan ke mar jaun,0
I swear sab theek chal raha hai,0
aaj rata mrana chahta hono,1
mujhe bas mar jnaaaa hai,1
asisgnment khatam kar loooon phir dekhte hain,0
main mana chhai hoon,1
main maran chati hooon,1
bas tohda waqt aur phiir main khatma,1
mujhe mraana hai,1
sab behttar hoga mere bina,1
maain marna chhta hoon,1
assingment khatam kar loon phir dekhte hain,0
muhe apni jnaa deni hai,1
marre ka waqt aa gayya hai,1
bas thoa waqt aur phhir man khatam,1
thaka hoon par kuh hoon,0
ab mujjhe jeena nhai hai,1
sab behtaar hogga mre bina,1
main khud ko nuqsan pahuncata hooon,1
naya saal pe nayi ummeeden,0
zindagi khatam kanra chhahat hoon,1
zindagi kahtam karna chahta hon,1
maiiin marnna chahta hoon,1
sab behtar hoga merre bnia,1
zindagi khatam kaan chahta hoon,1
rassi chht se bnahd di hai,1
bhook lgi hai yara,0
rasssi chht se banddh di hai,1
maain marna nahi cahhta,0
koi ummeed naahi rahi ab,1
papa ke jaae ke baad main bhi khtam,1
I swear khud ko nuqsan nahi pahunchaunga,0
akela feel kar raah hono aaj,0
main se ab kuch naaih hota,1
mujhe apnni jaan denni hai,1
gas chula laga hai ab,1
naya saal pe nayi ummeeedein,0
man se ab kuh nahi hota,1
 sab ko sallam main ja rhaa hono,1
sir darrd kar rahha hai,0
znidaig se tang aa gaya hoon,1
sir daaard kar raaha hai,0
cricekt dekhne ka plaan hai,0
sachi workout ke baad jism dukh raha hai,0
maiin apni kalai kaat raha hoon,1
assignment khatam kar loon phir dekhte hin,0
move achhi laggi kal,0
sab ko alvdia keh raha hoon,1
dost ke saath ghhoomen gaya tha,0
uas feel kar rahha hoon aaj,0
kbhi aisa soha nahi,0
 sab ko salam maain ja rahha hono,1
honestly andhera hi andhera hai,1
aaj phr khuud ko kat baitha hoon,1
blae se kalai kat li hai,1
znidagi khatam kanra chatha hoon,1
aaj raat marna chhahta hooon,1
"dots se laia ho gayi, bura lag raha hai",0
mar jaoon to sab samajh jaygee,1
chhat se kuedn wala hoon,1
assiggnment khatam kar loon phir dekhte hain,0
dost ke saath ghomne gaa tha,0
aaj hi sab khhaatam kar loonga,1
ab muat chni hai manie,1
sab beehtar hoga mere bia,1
alhamdulillah ab thek hooon,0
zindagi khaam karna chahta hon,1
khudkushhi jaisi baat naih,0
"bhook lagi hai yaar, for real",0
maiin khud ko nusaqn pahunchata hoon,1
yaar mujhe {t} marna hai,1
naya phoone lya hai,0
"barih ho raahi hai, chai ke liye best",0
goliiyan kha li hain maaine,1
dots ke saah ghoomne gaya tha,0
jeene ki himmat naih rahi,1
aaj mood ahac hai,0
ab man hameha ke liye ja raha hoon,1
mauut hi rahat hai mere liyie,1
sir drd kar rhaha hai,0
traffic ne jaaan nikkal di,0
gas chla lgaa hai ab,1
"for real, main khud ko nuqsan pahunchata hoon",1
chhai pi lo dkh khatam,0
main marna chahti hu,1
gas cula laaaga hai ab,1
ghadi dekh raha hoon bas wqt aa gaaya,1
mujjeh bas mar janna hai,1
zeher khariid liya aaj hi,1
pele sochta tha ab naahi,0
maiin marna chaha hono,1
papa ke jaane ke baad man bhi khataam,1
pata hai thaka hoon par khush hoon,0
ab zidagi achhhhi lag rahi hai,0
main maarrna chahti hoon,1
dost ke saath ghomen gayya tha,0
kash nend na tooety kabhi,1
sukon nahi mlita kahin,1
main khud ko nuqsan paahunchata hoon,1
khud ko nqusan nahi pahunchhauga,0
aaj mod achhha hai,0
neeedn ki gloiyan kha li bohat saari,1
"ghhar wlon se baat hui, sab khush",0
gas cllhua laga hai ab,1
maut nahi chhaiey mjuhe,0
aaj mood achaah hai,0
bhooook se mar jaungga,0
ab zindagi achi lag rahhi hai,0
saary aa gayyi is maine,0
sab ko alvida keh raaha hon,1
sab ko alvidda keh raaha hoon,1
ab main hamesha ke lyie ja raa hoon,1
sab beakaar lagta hai ab,1
ab main hamesha ke liiye ja rahha hoon,1
sab theek chla raa hai,0
mauut hi rahat hai mree liye,1
gas cuhal lga hai ab,1
khudkushi jasi bat nhi,0
ab mujjhe jeeena nai hai,1
aaj hi sab khaatam kar looongga,1
main marna chahta hu,1
zeeher kahrid liya aaj hi,1
"gahr walon se baat hui, sab khhush",0
neend ki goliyan kha li bohaat saair,1
kaabhi aia socha nahi,0
mnai sab ka bojh hooon,1
naya saaal pe nayi ummeedein,0
"naya drama shuru kiya, stoory achhhi hai",0
ab main hamehsa ke lie ja rha hoon,1
boaht pareshan hono kaam ki wajah se,0
sab beraa lagta hai ab,1
papa ke jaane ke bad main bhi khtam,1
"main sab ka bojh hoon, for real",1
aaj moodo achah hai,0
ghadi dekh raha hoon bas waqqt aa gaya,1
sab behhhtar hoga mere biina,1
workkout ke bad jism dukh raha hai,0
garmi ne mar daa aaj,0
koi uemde naih rahi ab,1
sukooon nhi milta kaahin,1
sir dad kar raah hai,0
rassi chhaat se banhhd di hai,1
main se ab kuchc nai hota,1
borre ho rhaa hoon aaj,0
trafffic ne jan nial di,0
giyan kha li hain miane,1
honestly results ki tension hai,0
bhook laig hai yar,0
khudkushi jasi baat nahi,0
aaj phir khud ko kata batiha hono,1
mar hi jaoon ga iti grami min,0
badle se kalai kaaat li hai,1
mar joon to sab samjh jaeynge,1
"naya drama shuru kiay, story achhhi hai",0
aaj phir khud ko kaat baitha hono,1
pata hai papa ke jaane ke baad main bhi khatam,1
akela feel kar raaaah hoon aaj,0
zeer khaarid liya aaj hi,1
sir dadr kar rahha hai,0
plee sochta tha ab nahi,0
"mujhe maaf kar deena sab ko, main ja rahha hoon",1
akela feeel kar rha hon aaj,0
neeend ki goliyan kha li bohat saaari,1
tfrfic ne jaan nkial di,0
exxam ki tayari chhla rahi hai,0
main mnaa nahi chhahta,0
himmat nahhi har rahhhi bas thaka hoon,0
 sab ko salma mani ja raha hoon,1
gamri ne mar daala aaj,0
aaj phir kuhd ko kaat batiha hooon,1
alhamdullillah ab tehek hoon,0
khudkusshi karna chahta hon,1
man se ab kuch nhai hota,1
"ab jeene ka dil nahi karta, seriously",1
jeee ka dil krtaa hai,0
tohda thaka hoon kaam se,0
zeheer pi lyiia hai,1
akeal feeel kar raha hoon aaj,0
akela fele kar rhaa hoon aaj,0
sab ko alvida keh raah hoon,1
gar men thodi lraai ho gayi,0
therapy se bethaar feeel hota hai,0
muje maana hai,1
aaj hi sab khtam kar loongga,1
I swear kabhi aisa socha nahi,0
ab mujhe jea nahi hai,1
khudkushi jaisi baaat nhi,0
main se ab kch nahi htoa,1
gas chula lagga hai ab,1
I swear zeher pi liya hai,1
golian kha li hain maine,1
has has ke mar jauuga,0
thodi si kahasni hai bas,0
ab sab khhatam kara hai,1
mani sab ka boohj hoon,1
pata hai duniya se jaana chahta hoon,1
mjjhe bas mar jaan hai,1
aaj phiir khud ko kaat baitha hooon,1
dost ke saath ghhomne gaay tha,0
bhok se mar janua,0
theray se behhtar feel hota hai,0
"thoda thaka hoon kaam se, for real",0
sukoon naahi milta khain,1
"naaya drama suhru kiyya, story achhi hai",0
sallary aa gyi is mahne,0
aaj hi sab khtaam kar looonag,1
aaj phir khud ko kaat batha hoon,1
pruani adaat chhro di,0
brooe ho ke mar januga,0
drad mein hi sukoon milta hai,1
main se ab kuh naih hoa,1
mrarne ka waqt aa gayya hai,1
mian maarna chahta hono,1
muujhe apni jaan deeni hai,1
inti thkaan ke mar jaun,0
mujeh apni jaaan dni hai,1
ghar mein thodi laraai ho gaiy,0
jeene ki hiimmat nahi rahi,1
crricket dekhne ka plan hai,0
chtha se kudne wala hoon,1
zehre khraid lyia aaj hi,1
dost mial bohat dino baad,0
crircket dekhne ka pllan hai,0
kal chutti he,0
muushkil waqt hai par guzar jayega,0
kahhs neend na tootey kabi,1
naay phone liyyya hai,0
maut nahi chaaihye mujhe,0
min sab ka bojjh hoon,1
khudkkushi jaisi bat nahi,0
assignment khatam kar loon phir dekhte han,0
dnuiyya se jaana chahhta hoon,1
kud ko nqusan nhi pahunchaunga,0
garmi ne mara daa aaj,0
bhok se mar janga,0
zeher kharrid liiya aaj hi,1
main kud ko nuqsan pahunchata hoon,1
sab bekaar laagt hai ab,1
"therapy se behtar feel hota hai, for real",0
eaxm ne mar daala,0
yaar dost ke saath ghoomne gaya tha,0
min marna nhai chahta,0
workuot ke baad jiism dukh rha hai,0
neennd naih aayi raat bhar,0
ab jene ka dil nhi karta,1
puraani aadaat chor di,0
ab zidagi achhi lag rahai hai,0
naa phoen liay hai,0
kudkushi ka soch raa hoon,1
udaas feel kar raah hon aaj,0
khudkushi ka soh raa hoon,1
himmat nahi har raaahi bas thakka hoon,0
main kuhd ko nuqasn pahunchata hoon,1
blde se kaalai kaat li hai,1
gas cuha laga hai ab,1
"barish ho rahi hai, chai ke liiye best",0
mani se ab kcuh naih hota,1
ziagi se tang aa gaya hoon,1
mushkil wqt hai par guar jayega,0
rsi chhhat se bandh di hai,1
yaar main sab ka bojh hoon,1
bre ho ke mar juna,0
maiin khhud ko nuqsan pahunchata hon,1
sukoon nai milta kahhin,1
zindagi khhatam karna chahta hoon,1
results ki teension hai,0
jeene ki himmmat nahhi rai,1
goliyn kha li haain mine,1
rsi chat se bandh di hai,1
papa ke jaaaen ke baad mian bhi khatam,1
papa ke jaane ke baad man bhi khatma,1
kash nnned na tootey kabhi,1
akela feeel kar raha hon aaj,0
mani mana chahti hoon,1
ab zindagi achhhi lag rai hai,0
thodi si khanai hai bas,0
moive achi laggi kal,0
bas thhoda waqt aur phir man khatam,1
workout ke baaad jiism dkh raha hai,0
mian marna chhahta hoon,1
sab bekara lagga hai ab,1
"for real, barish ho rahi hai, chai ke liye best",0
mat hi rhaat hai mere liye,1
pehhle sochta tha ab nahi,0
main appni kalaai kaat raha hoon,1
dots ke saah ghomne gaya tha,0
marrnne ka waqt aa gyaa hai,1
bore ho ke mar jaunga,0
neend nahi aayi raat bhhar,0
akela fel kar raha hoon aaj,0
khud ko nuqsaan nai pahunchaunga,0
ab muat chunni hai maine,1
neend ki goliyan kha li bot saari,1
aaj hi sab khtaam kar looonga,1
assignmment katam kar looon phir dekhte hain,0
"dost se laraai ho gayi, bura lag raha hai",0
bkkhr hai kal se,0
main apni kalia kaat raha hooon,1
exam ki tayari chal rai hai,0
ittni thkan ke mar jun,0
sab behtar hoga meere bnia,1
naaya sal pe nayi ummeedein,0
khudkushi jaissi bat nahi,0
sab thek cal raha hai,0
ab jeeene ka dil naaih karta,1
kahs neend na tootey kabbih,1
main khdu ko nqusan pahunchata hoon,1
paapa ke jaaane ke baad main bhi khtaam,1
 sab ko sallam main ja raha hoon,1
jeee ki himat nahi rai,1
"naya drama shuru kia, story achhi hai",0
anndhera hi adnhhera hai,1
ghadi dehhk raha hono bas waqt aa gaya,1
sab bkaar ltaa hai ab,1
mar hi jaon ga itni garmmi mien,0
dots mila boat dio baad,0
min marna naih chahta,0
zeher kahrid liyya aaj hi,1
itni thaan ke mar jaun,0
ab mujje jeena nhi hai,1
phanis lgaa li hai,1
boer ho ke mar jaunga,0
sir daard kar raahha hai,0
ab sab katam krna hai,1
ab main hameha ke liye ja raha hoon,1
thhoda thkka hoon kaam se,0
khudkushi kara chaha hooon,1
sir daaard kar raha hai,0
movvie achhi lagi kal,0
neend ki goliyna kha li boht saari,1
 sab ko sallam mian ja raha hoon,1
kabhi aisa soah nai,0
kabih aia socha nahi,0
aaj pir kuhd ko kaat baitha hooon,1
ab muje jenea naahi hai,1
andhera hi andhhar hai,1
eaxm ne maar dalla,0
taka hoon par khsuh hoon,0
raasi chhat se banh di hai,1
chai pi lo dukh khaam,0
ghar mien thoddi laraai ho gayi,0
family ke sath dinner kiya,0
yaar rassi chhat se bandh di hai,1
ab maaut chuni hai maaaine,1
ab mian hamesha ke liye ja raha hooon,1
mian sab ka boojh hoon,1
paap ke jaane ke baad min bhi khatam,1
khud ko nuqsna nhai pahunchhaunga,0
kabhi aisa socha naiih,0
"mujeh maaf kar dena sab ko, maain ja raha hoon",1
ab zindaagi ahhi lag rahi hai,0
daadr mein hi sukon milta hai,1
zehhhher pi liya hai,1
aaj phir khuud ko kaaat baitha hoon,1
main marna nahi chhaata,0
kaam bohaaat tha par ho gya,0
ab mjhe jenea nahi hai,1
ab zindgai achhi lag rhai hai,0
ab mujhe jenea nhi hai,1
pehlle sochat tha ab nahhi,0
resultts ki tension hai,0
ab maaut chunni hai mainne,1
bhkr hai kal se,0
sachi sab bekaar lagta hai ab,1
 sab ko sallam maain ja raa hoon,1
maut hi rahta hai mere liyye,1
main ani kalai kaat raah hon,1
faimly ke saath dinnre kya,0
neeend naahi aaiy raat bhar,0
"muhe maaaf kar dean sab ko, main ja raha hoon",1
sab bekara laagtta hai ab,1
sukon nai mlta kahin,1
muhje bas mar jana hai,1
"mjuhe maaf kar dena sab ko, main ja rhaa hon",1
himmat nahi har rahi bas thaka hon,0
nya saal pe naayi ummeedein,0
kaaam bohat tha par ho gayya,0
sab ko alvida keh raaha hoon,1
taffc ne jaan nkal di,0
man se ab kuuch naih hota,1
muujhe {t} mrrana hai,1
mut hi rahat hai meer liyye,1
bore ho raah hon aaj,0
main se ab kchu nahi hota,1
aaj hi sab khatam kar loonoga,1
mujhe {t} mna hai,1
man marna chahti hono,1
workout ke baad jsm duhk raa hai,0
sab behtar hoa mere biina,1
min marna chhta hoon,1
aaj rat marna chahta hooon,1
akkela feel kar raah hon aaj,0
pata hai bhook se mar jaunga,0
maiin mana chata hoon,1
main apni kaali kaat rahha hoon,1
ab main hmaesha ke lye ja raha hon,1
mujhe {t} mnaaa hai,1
mujhhe bas mar jaana hai,1
sab ko alvvvda keh raha hoon,1
chai pi lo duuhk khatam,0
sab thek chal rahha hai,0
mauut nahi chahiye muujhhe,0
ab main hamsha ke lie ja raha hoon,1
ab zindagi achhhi lag rhhai hai,0
"match deha raaat ko, maza aaya",0
main marna naahi chahtta,0
thaka hooon par khuh hoon,0
rassis chht se bandh di hai,1
bhok laggi hai yaar,0
thka hon par khush hon,0
duinya se jaana chahta hooon,1
mian marna chati hoon,1
neend ki gooooliyan kha li bohat saari,1
ghadi dekh rha hoon bas waqt aa gaya,1
pahsi lga li hai,1
zheer pi liyay hai,1
"match dekha raat ko, maza aaya, not joking",0
sab bekaaar laaagta hai ab,1
jenee ki himmat nahi rhai,1
maain apni kalai kaat raah hoon,1
khudkshi ka soch rha hoon,1
"for real, main marna chahti hoon",1
main maran nahi chahta,0
mut nahhi chahiye mujhe,0
muuhe {t} marnna hai,1
pehe sochtta tha ab nahi,0
boer ho rha hon aaj,0
ab muat chuni hai maaine,1
jeene ki hiimmat nai rhai,1
khudkusi ka soch rahha hon,1
puani aadat chhhor di,0
gas chlau laag hai ab,1
main marna nahi cahhta,0
therapy se bhtar feeel htoa hai,0
"dost se laari ho gayi, bura lag raha hai",0
zinddaggi khatam kaarna chahta hoon,1
dost mila bohat dinnno baad,0
khudkuhi ka soch rahha hoon,1
maain khud ko nuqqsan pahunchaat hoon,1
zidagi se tang aa gaya hono,1
garmri bhoat hai aaj kal,0
"nayya dama shuru kiya, sttory achhi hai",0
sab teheek chal raha hai,0
rseults ki tenisson hai,0
caht se kuudne wala hoon,1
sab ko alvida keh raaha hono,1
mujeh appni jaan dei hai,1
chht se kudne wala hooon,1
bas thoda waqt aur pihr maiin khhatam,1
rasi chat se banhd di hai,1
zeeheer pi lya hai,1
man khud ko nuqsan pahunchaata hon,1
pelhe soochta tha ab naahi,0
grmi ne maar dala aaj,0
rasi chhhat se bandh di hai,1
ab sab khattam krnaa hai,1
aaj phir kud ko kaat baitha hon,1
therapy se behatr feel htoa hai,0
mujhhe bas mar jna hai,1
jeee ki hiimamt nahi rahi,1
main maarna chhta hoon,1
chhat se kudne waa hon,1
family ke saatah dinner kyia,0
ab maut chuni hai maanie,1
maiin marna chahhta hoon,1
kal cutthi hai,0
zindagi khtam krna chahta hoon,1
aaj hi sab khataam kar looonag,1
bhoook laagi hai yar,0
"naya drama shuru kiya, story achhi he",0
"mtach dekha raat ko, maaza aaya",0
dost ke sath ghoomne gaay tha,0
udaaas feel kar raa hoon aaj,0
muujhe apni jaan deni hai,1
khdkushi ka scoh raha hoon,1
chaai pi lo duhk khatam,0
"for real, jeene ki himmat nahi rahi",1
marrne ka waqt aa gyya hai,1
khudkshi karna chahta hoon,1
khudkushi jaiis baat nahhi,0
"maut hi rahat hai mere liye, seriously",1
"mathc dekhha raat ko, maaz aaya",0
rasssi chhhat se bandh di hai,1
zeher khrid liiya aaj hi,1
man sab ka bojjjh hoon,1
maut nahi chahiye muhej,0
kaam bhat tha par ho gaya,0
"naaya drama shruu kiay, story achhi hai",0
sab tehek chal rah hai,0
"mujhhe maaf kar dena sab ko, mian ja raha hoon",1
zindgai se tang aa gaya hoon,1
 sab ko saam main ja rahha hono,1
bas thoda waqt aur pihr main katam,1
family ke saah dinnnr kiya,0
sab theeek chl raah hai,0
manni sab ka bohj hoon,1
maut naih chahhiye mujhe,0
koi umeeed nahi rhai ab,1
himmat nhi har rahi bas thaa hoon,0
blaaade se kalai kaaat li hai,1
mrarne ka waqt aa gaay hai,1
ab sab khama kanra hai,1
khudkushi ka soch raaah hon,1
mujeh mranna hai,1
gamri bohaat hai aaj kal,0
main manrra chathi hoon,1
dost ke saaath ghoone gaya tha,0
wokout ke baad jiism dukh rha hai,0
garmi bohta hai aaj kal,0
ghadi dekkh raaha hoon bas waqt aa gaya,1
assinment khatam kar lon phir dekhte hani,0
ab mani hamesha ke ley ja raha hoon,1
ab mjuhe jeena naih hai,1
maain marna chaahti hooon,1
mshkil watq hai par guzar jyega,0
ghhar mein thodi laia ho gayi,0
chhat se kuudne waal hon,1
sab bekaaar latga hai ab,1
jeeee ki himat nahi rahi,1
bas thoda wqat aur phir main khtaam,1
muat nahi chahie mujhe,0
thdoi si khaansi hai bas,0
sachi himmat nahi har rahi bas thaka hoon,0
"ab sab khatam karna hai, I am done",1
kabhi aias socah naih,0
maut hi raahat hai mere lyie,1
alhamdduilllah ab theek hon,0
ab mat chhuni hai mainne,1
yaar chhat se kudne wala hoon,1
mar jaoon to sab samjah jaynge,1
marrne ka wtq aa gaya hai,1
mar hi jaoon ga itin garmi mein,0
sab bekaar lgt hai ab,1
sab behtar hgoa meer bian,1
mujeh marnna hai,1
aaj phir khud ko kaaat batiha hoon,1
muujjhe {t} marrna hai,1
I swear mujhe apni jaan deni hai,1
suoon nahi miillta kahin,1
itttni thakan ke mar jaun,0
duniya se jaana chata hoon,1
ghhar mein thodi lraai ho gayyi,0
honestly pehle sochta tha ab nahi,0
ab mujhhhe jeea nahi hai,1
exaam ne maar dla,0
bhoko lagi hai yara,0
sab bekkkara lagta hai ab,1
zehre pi liya hai,1
salry aa gyai is mahiine,0
aaj hi sab khtma kar loonga,1
khudkushi ka sohc rha hoon,1
garmi ne mar dalaa aaj,0
"bairrssh ho rahi hai, chai ke liye best",0
kal chttuit hai,0
toad thaaka hoon kaam se,0
purani aadt chhr di,0
cricket dehkne ka pan hai,0
kahs neend na toootey kabhi,1
sab tehek cahl raha hai,0
"gas chula laga hai ab, not joking",1
jenene ka dil karta hai,0
ghadi dkekh raha hoon bas wqat aa gaya,1
khudkushi karna cahta hon,1
maiin marnna chahti hon,1
anhdear hi andhera hai,1
dsot mila boohat dino baad,0
"ghar walno se bat hui, sab khush",0
duniya se jaaa chahhta hon,1
zehher pi lya hai,1
neend nhai aayi rata bhhar,0
criket dekhne ka plan hai,0
thda thaka hoon kaam se,0
neend ki golliyan kha li boaht saari,1
boe ho ke mar januag,0
mar hi joon ga itni gaarmi meni,0
kal cuthit hai,0
"naya drama shuru kiya, stoyr achhi hai",0
thoda thaka hono kaaam se,0
muhje {t} maa hai,1
ab main hamessha ke lyie ja raha hoon,1
bore ho rha hon aaj,0
exaam ne mar daala,0
ab maut cuhni hai maie,1
has has ke mar jauunnga,0
exam ki tayari calh rahi hai,0
main marnna chahti hoon,1
maut nahhi chahiye mujhe,0
ppaa ke jaane ke baad main bhi khatam,1
ghaar mein thoid laari ho gayi,0
"for real, sab behtar hoga mere bina",1
"barih ho rahi hai, chia ke lye best",0
sab bekaar laaagta hai ab,1
zindaggi se tnag aa gaay hoon,1
kash nened na toottey kabbhi,1
jenne ka dil karrta hai,0
main khud ko nuqsan pahnuchata hon,1
"dost se lari ho gayi, bua lag raha hai",0
tohid si khnasi hai bas,0
reuslts ki tensoin hai,0
aaj hi sab khatma kar loogan,1
ab sab khatam karra hai,1
therpy se behtar feel hota hai,0
skoon nhai milta kahhin,1
"barih ho rahi haai, chai ke lye best",0
aaj pir kuhhd ko kaat baitha hoon,1
goliyn kha li hin miane,1
ghar mien thhodi larai ho gai,0
aaj hi sab kham kar loonga,1
mar hi jaon ga itnni garmi meiin,0
khudkussshi ka soch raha hon,1
mtau nahi chahiye mujhe,0
has has ke mar juuanag,0
kashs nend na tootey kabhi,1
thoda thaaka hoon kaam se,0
naya phone lyyia hai,0
mar jono to sab saamajh jayenge,1
chhat se kuddne wala hon,1
aaj raat maarn chahta hoon,1
bohhat pareshan hoon kaam ki waajh se,0
bore ho ke mar jaaungga,0
therappy se behtar feel hoat hai,0
mar jaooon to sab saamajh jayenge,1
main sab ka bho hoon,1
results ki tnsin hai,0
andhera hi anedar hai,1
kaaam bohaaat tha par ho gaya,0
aaj moood achhha hai,0
thhodi si khasi hai bas,0
dunniya se jaana chaha hoon,1
assignmet khatam kar loon phir dekhte hain,0
goliyan kha li hain manie,1
mujhe {t} mrrnna hai,1
aaj ka din thheek tha,0
aaj ka din theke tha,0
buhhkaar hai kal se,0
ab zinaagi achhi lag rahi hai,0
honestly kaam bohat tha par ho gaya,0
ghaid dekh rha hoon bas wqat aa gaya,1
himmat nhi har rahi bas thaka hooon,0
garmi ne mara daal aaj,0
buukha hai kal se,0
trafffic ne jan nikal di,0
ab jenee ka dil naahi karta,1
nyaa saal pe nayi ummeedeein,0
aaj raat mran chahta hon,1
sab ko alvidda keh raha hoon,1
adnhera hi andhera hai,1
khudkushi ka sooch rahha hoon,1
zehhr kharid liya aaj hi,1
sab bekaar laaatga hai ab,1
traffci ne jaan niakl di,0
family ke satah dinnner kiya,0
main marna nahi chahat,0
mushkil wqat hai par guazr jayega,0
phains laag li hai,1
uadas feel kar raha hoon aaj,0
kal cuutit hai,0
exma ne maar dala,0
himmat nahi har rahi bas tahka hoon,0
ghadi deekh raha hoon bas waqt aa gaay,1
ghr mein thodi larai ho gai,0
needn ki goliyan kha li bhaat saari,1
exam ki tayari chal rahi hai,0
sukoon nahi milta kahhin,1
"mujhe marna hai, for real",1
zndagi se tang aa gaya hoon,1
thaa hono par khush hono,0
bldae se kalai kat li hai,1
garmi ne maaaar daala aaj,0
"andhera hi andhera hai, for real",1
kaam boaat tha par ho gaya,0
bkkuar hai kal se,0
prrani aaat chhor di,0
ab zindaig achhi lag raih hai,0
chhaat se kudne wala hoooon,1
chai pi lo duh katam,0
ab zinagi achhi lag rhhi hai,0
movie achhi lgi kal,0
mujhhhe {t} maran hai,1
aaj rata marnna chhta hoon,1
aaj raat marnna chata hoon,1
exm ne mara daa,0
sab behhtar hooga mere biina,1
ab mut chuni hai mine,1
sab bekkaar latag hai ab,1
zindagi khatam karna chahtaa hoon,1
bohok lagi hai yaaar,0
kahbi aisa socha nahhi,0
ppaa ke jaane ke baad main bhi kahtam,1
"naya drama shurrru kiya, stry achhi hai",0
trafffic ne jaan nikal di,0
 sab ko salam maain ja raha hon,1
booer ho raha hoon aaj,0
maut hi rahat hai mreee liye,1
ab jene ka dil nhi katra,1
ab maut chnui hai maine,1
ghar mien todi laai ho gayi,0
bukhhaaar hai kal se,0
aaj phhir kud ko kaat baitha hon,1
exma ne maar dalla,0
mian apni kalai kata raha hoon,1
naya phnone liya hai,0
bhook lagai hai yar,0
sab ko alvida keh raaha honno,1
andhera hi anndhra hai,1
bhook se mar jaonga,0
dst ke saath ghooomne gaya tha,0
bhook se mar jaauna,0
"thodi si khansi hai bas, not joking",0
ab jee ka dil naahi karta,1
man apni kalai kaat raha hoon,1
aaj mod ahca hai,0
trrffic ne jaan nikal di,0
boohat pareshan hoooon kaam ki wajah se,0
ab maut chhuni hai mie,1
exam ki tayari cahl rhi hai,0
aaj hi sab khtam kar logna,1
thaaka hoon par kuhhsh hoon,0
"for real, mujhe apni jaan deni hai",1
gaarmi ne maaar dlaa aaj,0
dost mila bhat dino baaad,0
"bairsh ho rahi hai, chia ke lye best",0
koi uemed nahi raahi ab,1
"I swear barish ho rahi hai, chai ke liye best",0
zinagi khatam kna chahta hoon,1
cahi pi lo dkuh khatam,0
bhook se mar juuna,0
dost ke saath ghomne gya tha,0
gari ne mar daala aaj,0
salayr aa gayi is maine,0
blldae se kalai kata li hai,1
zehehr pi liay hai,1
"naya drama shuur kiya, story achi hai",0
aaj mod acchha hai,0
ab sab kaatam krna hai,1
toid si khansi hai bas,0
koi umed naaih rahi ab,1
main se ab kuucch nahi hta,1
ghadi dekh raha hoon bas waqt aa gaya,1
muhje mrna hai,1
zehre khharid liya aaj hi,1
khudkushi ka soch raaha hoon,1
garmi ne mar daal aaj,0
himmat nahi har rahi bas tahak hoon,0
tda thaka hoon kaam se,0
ab jeeee ka dil nahi karta,1
kaib asia socha nahi,0
zindagi se tang aa gayya hoon,1
muhkil wat hai par guzr jayega,0
zeher khaarid liyya aaj hi,1
khudkkushi karna chahta hoon,1
mat hi rahat hai mee liye,1
aaj phr khud ko kaaat baitha hon,1
mar jona to sab samajh jayenge,1
"bairsh ho rahi hai, chai ke liye best",0
thaka hoon par kush hoon,0
thhi si khansi hai bas,0
"mtah dekha raat ko, maza aaay",0
assignment kaam kar loon phir dekhte hain,0
main marna chahhta hooon,1
ab mujhe jeea nahhi hai,1
maiin maran nai chahta,0
main khhud ko nusan pahunchata hon,1
bore ho raa hoono aaj,0
koi umd nahi rhi ab,1
dard meiiin hi sukoon milta hai,1
duniya se jaanna chahta hoono,1
zindagi se tang aa gaya hoon,1
aaj hi sab khattm kar longa,1
"barish ho rahi hai, cahi ke liye bets",0
thaka hooon par kuhsh hon,0
pappa ke jaae ke baad main bhi khtaam,1
need naahi aayi raat bhra,0
ab jene ka dil nahhi karrta,1
duniya se jaana chaahhta hoon,1
sachi main marna chahta hoon,1
todi si khhnasi hai bas,0
thdoi si khansi hai bas,0
neend nai aai raat bhar,0
raassi chht se bandh di hai,1
main ani kalai kaat raha hooon,1
kash neeed na tootey kabhi,1
aaj rata marna chahta hooon,1
thoda thaaka hoo kaam se,0
sab ko alivda keh raha hoon,1
"ghadi dekh raha hoon bas waqt aa gaya, for real",1
mar hi jaoon ga itni garmi menni,0
kabhi aias shoca nahi,0
ab mian hamessha ke liye ja raa hoon,1
gmmi bohat hai aaj kal,0
zeher karid lyia aaj hi,1
purnai aaadat chhhor di,0
"for real, dard mein hi sukoon milta hai",1
main api kalai kaat raha hoon,1
therapy se behttar feel htoa hai,0
ab jeeen ka dil nahi kaarta,1
sab bekar lagat hai ab,1
cricket dkehe ka plan hai,0
ab zindai achhi lag rai hai,0
alhamdulilalh ab thk hoon,0
bohat pareshna hon kaam ki waajh se,0
zeher khharid liay aaj hi,1
ab jeene ka dil nahhi kara,1
mar jaoon to sab samajjh jayenge,1
thaka hoon par kush hon,0
zeher khaid liay aaj hi,1
chhta se kdne wla hoon,1
zeeer pi liay hai,1
dost mila boaht dino bada,0
marrne ka wtq aa gaa hai,1
"match dka raat ko, maaz aaya",0
bukhhhra hai kal se,0
khudkushi ka sohc raha hono,1
jeenne ka dil katra hai,0
brore ho raha hon aaj,0
muujhe mra hai,1
purani adat chhor di,0
sab behtar hooga mere binna,1
assignment khaatm kar loon phir dekhet haain,0
tarfic ne jaan niikal di,0
blade se kaai kta li hai,1
bkhaar hai kal se,0
papa ke jaaane ke bad maiin bhi khatam,1
koi umd nahi rai ab,1
ini thakn ke mar jun,0
kabhi aissa sochha nahhi,0
assignmment khatam kar loon phir dekhte han,0
pehle sochta tha ab nah,0
main marna nahi chatha,0
dots milla boht dino baad,0
dsot miiila bohat dino baad,0
garmi bhohat hai aaj kal,0
family ke saaath dinnre kia,0
khhudkushi jaisi baat nahi,0
ghra mein thodi larai ho gyi,0
dadr mein hi sukoon mltta hai,1
aaj hi sab khtam kar loonag,1
marrne ka wattq aa gaya hai,1
ghar mien thodi larrai ho gayi,0
kash nened na tootey kabhi,1
aaj modo ahca hai,0
assignment kahtam kar loon phir dekhtte hain,0
main sab ka boojh hoon,1
matu hi rahat hai meere liye,1
bhook laaig hai yaaar,0
"match dekha raat ko, maza aay",0
yaar traffic ne jaan nikal di,0
family ke saaath dinner kiay,0
ab mujhe jeeena nahi hai,1
alhaamdulillah ab theek hoo,0
aaj raat marnna chahta hon,1
chhai pi lo dkuh khaatm,0
ab min hamesha ke lye ja raha hoon,1
aaj moood ahchha hai,0
movie acchhi lagi kal,0
crickte dekhne ka plaan hai,0
mani mrna chaahta hoon,1
purani aadat choor di,0
ab jene ka dil nhai karta,1
marrne ka wqt aa gyaa hai,1
 sab ko saalm main ja raha hoon,1
"mujhe maaf kar dena sab ko, mani ja rha hoon",1
muat hi rahta hai mere lye,1
zindagi se taag aa gaya hoon,1
exam ki tayari chal rahhi hai,0
blade se kalia kaaat li hai,1
khuud ko nuqsan naih pahunchaunga,0
man sab ka boojh hoon,1
eaxm ne maar daa,0
"barish ho raahhi hai, chai ke liye bset",0
"dost se lraai ho gayi, buura lag raha hai",0
ghadi dekh raha hoo bas waqt aa gayya,1
khudkushi jaaiis baat nahhi,0
maiin marna cahta hoon,1
resllts ki tension hai,0
thaka hoon par khush hon,0
main maran chaahtta hoon,1
garmi ne marra dala aaj,0
ab main hamesha ke liye ja raha hooon,1
dost ke saaath ghoonme gaya tha,0
anddhera hi andhera hai,1
blae se kalaai kata li hai,1
needn ki goliyan kha li bohat saari,1
criccket deknhe ka plan hai,0
bas thoda waaqt aur phir mani khatam,1
khud ko nuqqsan nhi pahunhcaunga,0
main apni kaai kaat raaha hon,1
khd ko nusqan nhi pahunchaunga,0
"nayya drama shuru kiya, story achhi hai",0
mjeh bas mar jana hai,1
ab jeene ka dil nhahi kartta,1
ghar mein thoodi laria ho gayyi,0
phnai laga li hai,1
papa ke jaaen ke baad main bhi khtam,1
cricket dekkhne ka pan hai,0
ab maut cnui hai maine,1
alhamdulilalh ab theeek hon,0
teray se behtar feel hota hai,0
bllade se kaali kat li hai,1
"barish ho rahi ha, chai ke liye best",0
maain sab ka bojh hoon,1
jeene ka dil karrta hai,0
bhoko se mar juanga,0
aaj rata marna chhata hoon,1
mujeh marna hai,1
ab muujhe jeena nai hai,1
workout ke baad jsim dkh raha hai,0
neend ki golin kha li bohaat saari,1
jeeen ki himmaat nahi rahhi,1
man khud ko nuqan pahunchata hoon,1
darrd mein hi sukoon milta hai,1
nend nahi aayi raat bhar,0
main sab ka bhj hooon,1
honestly zindagi khatam karna chahta hoon,1
dst ke saath ghoommne gaya tha,0
mujjeh apni jaan dein hai,1
zeher krhiid liya aaj hi,1
therpay se betar feel hota hai,0
family ke saath dinnner kiya,0
 sab ko saam mian ja raah hoon,1
thakka hoon par khush hoon,0
man mara chahta hooon,1
"ghar waaoln se baat hui, sab khush",0
chhat se kudne wla hoon,1
"for real, himmat nahi har rahi bas thaka hoon",0
dst mila bohta dino baad,0
"barish ho rahi haai, chia ke liye best",0
drd mein hi skuoon milta hai,1
ab maiin hamesha ke liiye ja raha hooon,1
maain apnni kalai kaat raaha hoon,1
honestly sab behtar hoga mere bina,1
 sab ko salaam main ja raha hooon,1
sab thek chhal raa hai,0
"match dekha rat ko, mza aaya",0
dots ke saaht ghoomne gaya tha,0
"naya saal pe nayi ummeedein, seriously",0
net slwl hai aaj kal,0
bale se kalai kaat li hai,1
main khud ko nuqsna pahuchata hoon,1
nneed nahi aayi raat bhar,0
assignment khaatm kar loon phir dekhte hian,0
salarry aa gaiy is mahine,0
ghadi dekh raha hoon bas wqat aa gaya,1
gas chuula laag hai ab,1
ab ziindagi achhi lag rahhhi hai,0
has has ke mar jaunaag,0
ab maain hamesha ke liye ja rha hon,1
paapa ke jaane ke baad maiin bhi khatam,1
kaabhi asia socha nhai,0
kbahi aisa soca naih,0
"match dekha raat ko, maza aayyya",0
mushkil waqt hai par guzar jaygea,0
rsasi chhat se bannh di hai,1
kud ko nuqsn nahi pahunchaunga,0
 sab ko sllam main ja rhaa hoon,1
pehe schta tha ab naih,0
suukoon nahi milta khin,1
I swear pehle sochta tha ab nahi,0
chai pi lo dkh khattam,0
"naya drama shuru kiay, stoy achhi hai",0
therappy se behtar feel hota hai,0
sab bekaar lat hai ab,1
honestly dost mila bohat dino baad,0
thodi si khaani hai bas,0
mujeh {t} mraan hai,1
pata hai andhera hi andhera hai,1
gas chhula laaga hai ab,1
salary aa gayyi is mahinne,0
aaj phir khud ko kaat biatha hoon,1
movie achih lagi kal,0
ghadi dekh raha hon bas waaqt aa gaya,1
duniya se jaaan chahta hooon,1
kabhi aisa soha nhai,0
chai pi lo duh kham,0
naya saal pe nayi umeedein,0
sab bhtar hoggga mere bina,1
"math deha raat ko, maza aaya",0
khukdushhi jaisi baaat nahi,0
cai pi lo duukh khatam,0
bldae se kalai kata li hai,1
mushkil waaaqt hai par guuzar jayega,0
"sukoon nahi milta kahin, I am done",1
jeeenee ka dil karta hai,0
yaar khudkushi karna chahta hoon,1
"naaya drama shuru kiya, stoyr achhi hai",0
khudkushhi jaisi baaat nahi,0
main apin kalai kata raha hoon,1
mueh {t} mara hai,1
buuahr hai kal se,0
muuhe bas mar jnaa hai,1
aaj mood acchh hai,0
kal chuuit hai,0
toodi si khaansi hai bas,0
ab maut chnui hai mane,1
mjuhhe bas mar jana hai,1
zindagi se tagn aa gya hooon,1
gas clua lgaa hai ab,1
pata hai chai pi lo dukh khatam,0
pehle sochta tha ab nhahi,0
mar hi joaon ga ini garmi mein,0
bas thoda wat aur phhir maain khatam,1
honestly main marna nahi chahta,0
"mujhe bas mar jana hai, not joking",1
jee ka dil karta hai,0
"for real, dost se larai ho gayi, bura lag raha hai",0
mujhe appni jaan dein hai,1
kal chuutt hai,0
family ke saath diner kia,0
main mrna nahi chahtta,0
boe ho raha hoon aaj,0
mar hi jaoon ga ini garmi mein,0
yaar akela feel kar raha hoon aaj,0
duniya se jaaana chata hoon,1
dost mila bohaat dino bad,0
maut naahi chahiye muje,0
ab muujhe jeena naahhi hai,1
matu hi rahat hai mere liye,1
akela feel kar raha hoo aaj,0
jeee ki himmat nhi raahi,1
zindagi khatam kaarna chaahta hooon,1
kal cuhtti hai,0
has has ke mar jaungga,0
ahlamdulillah ab tehek hoon,0
gas chua laga hai ab,1
sab bekkaar lgata hai ab,1
man marna chahtta hoon,1
sukooon nahhi milta kahin,1
main marna nahi cahta,0
bore ho rhaa hon aaj,0
alhadulillah ab thek hooon,0
mujjhe {t} mrna hai,1
andhera hi andhhera hai,1
dunya se jaana chahta hon,1
borrre ho raha hon aaj,0
zindgai se tnag aa gaya hon,1
family ke saath diinnner kiya,0
neend ki goiyan kha li bohta saari,1
chhat se kude waala hon,1
ghadi dekh raha hoooon bas waqt aa gya,1
chhat se kuuddne waal hoon,1
mar hi jaoon ga itni garmi men,0
sir daarrrd kar raha hai,0
zindagi khatam krna chaahta hoon,1
thodi si khain hai bas,0
chhai pi lo dukh khaatma,0
alhamduillah ab thheek hoon,0
ab mat chunni hai maine,1
"mujhhe maaf kar dena sab ko, main ja rhaa hoon",1
mani sab ka bojh hooon,1
khudkushi ka soh rha hon,1
khukdushi ka soccch raha hoon,1
zeeher khadri liya aaj hi,1
bohat pareshan hooon kam ki wjah se,0
exaam ki tayari chhal rahi hai,0
jenee ki himamt nahi rahi,1
ab jeene ka dil nih karta,1
main marnna chaahti hoon,1
main marnna chathi hooon,1
garim bohta hai aaj kal,0
bhok se mar jugna,0
ab mujhhe jeenna nahi hai,1
sab behtar hogga mere bnia,1
has has ke mar juana,0
min maanra nahi chahta,0
sir ddar kar raaha hai,0
alhamduilllah ab theke hoon,0
khudkushi ka soooch rha hoon,1
kabhi asai sochha nahi,0
"ghar waln se baat hu, sab khush",0
main manra nahi chhahta,0
"naya drama shuuru kiya, storry achhi hai",0
bhhok lagi hai yaar,0
prani aadat chhhor di,0
bas thoda waqqt aur phiir min khatam,1
pannsi lga li hai,1
"mthc dekha rat ko, maza aaya",0
"ab main hamesha ke liye ja raha hoon, I am done",1
mje maran hai,1
bas thoda waqt aur phri maiin katam,1
udaas feeel kar raha hoon aaj,0
aaj rata marna chatha hon,1
ab mujjjhe jeena nahi hai,1
aaj hi sab khataam kar loona,1
ghdai dhk raha hoon bas waqt aa gaya,1
"has has ke mar jaunga, not joking",0
neend ki golyian kha li bohat saari,1
main marna chhta hon,1
muje marnnna hai,1
khudkushi ka sohc raha hon,1
honestly naya phone liya hai,0
akela feel kar raaha hono aaj,0
tafifc ne jaan niikal di,0
mar hi jaoon ga itni grmi mein,0
aaj ka din thhheke tha,0
maut nahi chahiye mjuhe,0
dost ke saath ghomne gaay tha,0
khudkushi jasi baaat nahi,0
sab bekaar laagat hai ab,1
relus ki tension hai,0
broe ho ke mar junnga,0
ab maaaut chuni hai maine,1
 sab ko salam man ja raa hon,1
gas cla laa hai ab,1
dard meiin hi sukkooon milta hai,1
mni sab ka bojh hon,1
neeend nhai aayi raat bhar,0
mujhe mnra hai,1
mut nhhai chahiye mujhe,0
main se ab kucch naih hoa,1
ini thakkan ke mar jaun,0
wrkout ke baad jiism dukh raaha hai,0
neend nahhi aaayi raat bhar,0
chai pi lo duhhk khatam,0
pata hai mushkil waqt hai par guzar jayega,0
main marna nahi chata,0
"traffic ne jaan nikal di, not joking",0
duniya se jaaana chaha hoon,1
"for real, ab zindagi achhi lag rahi hai",0
maain sab ka bojh hono,1
mani sab ka boh hoon,1
"for real, bore ho ke mar jaunga",0
aaj raat marna cahat hon,1
rassi chhat se bahd di hai,1
dosst ke saath ghomone gya tha,0
workkut ke baad jism dukh raaha hai,0
salary aa gayi is mahhien,0
gas chla laag hai ab,1
rassi chhta se badnh di hai,1
bhook laig hai yaaaar,0
honestly neend nahi aayi raat bhar,0
ab mut cuhni hai maine,1
papa ke jaane ke bad mni bhi khatam,1
ghad dekh raah hoon bas waqt aa gaya,1
naya phoen lia hai,0
sachi sab behtar hoga mere bina,1
aaj phri khd ko kaat baitha hooon,1
family ke saatth diner kiya,0
movie acchi lagi kal,0
pruani aadat chhr di,0
I swear main khud ko nuqsan pahunchata hoon,1
aaj mood aach hai,0
kud ko nuqsan nhai pahunchaunga,0
ab zindagi achhhi lag raih hai,0
honestly dard mein hi sukoon milta hai,1
"for real, mar jaoon to sab samajh jayenge",1
mujjhe apin jaan dei hai,1
kal chutuuti hai,0
neend ki gooliyan kha li bohat saaai,1
neend nahi aaiy raaat bhaar,0
main api kalai kaat raa hooon,1
main sab ka bhj hon,1
sab behtar hoga merre bia,1
zindagi khatam kara chhaha hoon,1
baldde se kallai kaat li hai,1
sab teheek chl raha hai,0
min marna chathi hono,1
aaj mood achha he,0
maain apni kalai kata raa hoon,1
papa ke jaaane ke baad main bhi khataam,1
ab maut chuuni hai maine,1
theray se behtar feeel hotta hai,0
main se ab kuch nahi httoa,1
khukushi krana cahhta hoon,1
therrapy se behtar feel hota hai,0
daard men hi sukono milta hai,1
ab sab khttam karna hai,1
gmi bohta hai aaj kal,0
family ke saath dinenr kiay,0
ab maut chuin hai maine,1
mujhe maran hai,1
assigment khatam kar loon phir dekhte hain,0
emxa ne maaar dala,0
akeal felle kar raha hoon aaj,0
mut hi raaht hai mere lyie,1
main se ab kuch naih htoa,1
"dard mein hi sukoon milta hai, seriously",1
muhj bas mar jana hai,1
jeene ka dil kaarrta hai,0
net soollw hai aaj kal,0
ab mujhe jeena naaahi hai,1
koi umed nahih rahi ab,1
aaj phir khud ko kaat baithha hoon,1
ab maut chuuni hai maien,1
mian apnni kalai kaat raha hooon,1
sab beeekaar latga hai ab,1
dost ke saath ghoomne gaa tha,0
ab main haesha ke liye ja raha hono,1
ab main haamesa ke lye ja raha hoon,1
ghadi dekkh raha hooon bas waqt aa gaya,1
mrre ka waqt aa gaya hai,1
neend ki goliyan kha li bohhat saarri,1
ab sab khtam karrna hai,1
mjhhe bas mar jana hai,1
zindagi se tanng aa gya hoon,1
goliyan kha li hain mainie,1
main marna cahhta hoon,1
min khud ko nuqan pahunchhata hoon,1
sukooon nahi mlta kahin,1
himmat nahi har rahi bas thaka hono,0
man marnna nahi chahta,0
ab sab khatma knra hai,1
naya saaal pe nayyi ummeeein,0
bas thoda waqt aur phhir man khtam,1
papa ke jaae ke baaad main bhi khaatam,1
 sab ko sala min ja raha hoon,1
"dost se larai ho gay,i bura lag rha hai",0
muuujhe bas mar jaan hai,1
dot ke saath ghoomne gaya tha,0
zindagi khhaatm karna chahta hoon,1
muat hi rahat hai meer liye,1
muhe apni jana dein hai,1
phle sochta tha ab nahi,0
main marna chhata hoon,1
gaarmi bohaat hai aaj kal,0
ab mujhe jeea nah hai,1
eam ne maar daala,0
tohda thaka hon kaam se,0
mar jaoon to sab smaajh jyaenge,1
aaj hi sab khaatm kar looonga,1
assignment khatm kar loon pir dekhte hain,0
main se ab kch nahhi hota,1
ab jeeene ka dil nhi kara,1
zeehhre pi liya hai,1
"naya drama shuru kiyaaa, stry achhi hai",0
has has ke mar jauggnna,0
kash neend na tooeyt kabhi,1
burk hai kal se,0
traffic ne jan nikaal di,0
aaj hi sab khhaatm kar loonga,1
assignment khatam kar loon phr dekthe hain,0
mjeh {t} marna hai,1
chhia pi lo duhk khatam,0
circket dekne ka plan hai,0
ab mujhe jeena nhia hai,1
sab beehtar hoga merre bina,1
goliayn kha li haiin maine,1
kaaam bohat tha par ho gaay,0
ab sab khtaam kaara hai,1
mvoie achhi lai kal,0
ab zinadgi ahchi lag rahi hai,0
mar jaono to sab samajh jayenge,1
ab jeene ka dil naih kaat,1
kal chuutti hai,0
khudkkushi ka sohc raha hoon,1
khudukshi jasi baat nahi,0
"dosst se larai ho gayi, bruua lag raha hai",0
alhamuliillah ab theek hooon,0
sachi pehle sochta tha ab nahi,0
bas thoda waaqt aur pir main khaatam,1
assignmnt katam kar loon phir dekhte hain,0
family ke saath dinnre kiya,0
khudkushi ka soch raha hoooon,1
sab behtr hgoa mere bnia,1
duniya se jaana chahta hu,1
sachi rassi chhat se bandh di hai,1
blade se kala kat li hai,1
papa ke jaane ke baad main bhi kahtam,1
salary aa giy is mahne,0
suokon nahi miltta khin,1
"naya phone liya hai, I am done",0
salayr aa gayi is mahine,0
ab jenee ka dil nahi kaartta,1
exma ne mar daala,0
daard mein hi sukkoon milta hai,1
phassi lagga li hai,1
dost ke saath ghooomne gayya tha,0
ab jeennne ka dil nahi karta,1
grai bohat hai aaj kal,0
phnasi lagaa li hai,1
sukoon nai milta khin,1
"muje maaf kar dena sab ko, main ja raha hono",1
chhhat se kunde wla hoon,1
"maatch deka raat ko, maza aaaya",0
kal chuuti hai,0
udaas fel kar raa hooon aaj,0
kash nned na tootey kabhi,1
ab main hamhsa ke liye ja raha hoon,1
alhamdulillah ab tehk hon,0
muhe bas mar jnaa hai,1
kal cthtui hai,0
uadas feeel kar raha hoon aaj,0
man marna cahhti hoon,1
dots ke saath ghhoomne gaay tha,0
grami ne maar dla aaj,0
ab sab katam karna hai,1
min se ab kuch nhai hota,1
blade se kaali kaaat li hai,1
naya saal pe nyi ummeedeiin,0
 sab ko salma man ja raha hon,1
workout ke baaad jism dukkh rhaa hai,0
ab mujhe jenea nai hai,1
ab jene ka dil nhi kaarta,1
sir dadr kar raah hai,0
sab theke cahl raa hai,0
kam bohta tha par ho gaa,0
peehle socchta tha ab nahi,0
has has ke mar jauua,0
goliyan kha li hain mnae,1
main mrana nhi chhahta,0
mje bas mar janna hai,1
ghadi dekh raha hoon bas waqt aa gya,1
zehr kharrid liya aaj hi,1
bhok se mar jauna,0
ab muhje jeena nhi hai,1
neend ki golliyan kha li bohata saari,1
zindagi khatm karna chahta hoon,1
"purani aadat chhor di, I am done",0
bade se kalia kaat li hai,1
mar hi jaoon ga itni garmmi men,0
mujhe mannra hai,1
alea feel kar raha hoon aaj,0
bhoko se mar jauuna,0
naya pohne lya hai,0
tohda thaka hoon kaaam se,0
"barish ho rahi ha, chhai ke liye best",0
nend ki golyan kha li bohat saari,1
koi uemed nhi rahi ab,1
ab maut chuin hai maiine,1
nened nahi ayi raat bhar,0
zindagi khaatm karna chahta hoon,1
mian khdu ko nuqsan pahunchata hoon,1
aaj phir khd ko kaat baitha hoon,1
naya saal pe naayi umemedein,0
papa ke jaaen ke baaad min bhi khatam,1
therpay se bethar feel hta hai,0
fmily ke saath dinner kiyya,0
chaai pi lo dukkh khatm,0
"ghhhar walon se baat hui, sab khush",0
gari ne maar dala aaj,0
koi umeed nhai raahi ab,1
therapy se bhetar fele hota hai,0
khudkkushi jaisi bata nahi,0
neend nahhi ayi raat bhar,0
kal chuiit hai,0
ab mujeh jeena naahi hai,1
kash nend na toootey kabhi,1
puranni aadt chhor di,0
"ghar wallon se bat hui, sab khush",0
ghar meein thodi larai ho gyi,0
mujhe apni jaaan deni hai,1
boer ho raaha hoon aaj,0
bas tohda wqt aur phri main khatam,1
"math dekha raat ko, maza aaya",0
ab zindgai achih lag rahi hai,0
gas chuula lagga hai ab,1
papa ke jnae ke baad main bhi khhatam,1
"purani aadat chhor di, not joking",0
bore ho rahha hon aaj,0
ppaa ke jaane ke baad main bhi ktam,1
muskhil waqt hai par guzar jayega,0
gas chhula lagga hai ab,1
phee sochta tha ab nahhi,0
family ke saah dinner kya,0
mujhhe maa hai,1
mujeh maan hai,1
jeene ki himmta nahi rhi,1
ab zindgai achhi lag rai hai,0
"bore ho raha hoon aaj, seriously",0
aela feel kar raha hono aaj,0
ghadi dekh rahha hoon bas wqat aa gaya,1
khbi aisa socha nhai,0
mushkil wqqt hai par guzar jayega,0
crickte dekne ka pan hai,0
workoout ke baaaad jism dukh raha hai,0
itin thaan ke mar jun,0
"bariish ho rahi hai, chia ke lyie best",0
jeene ki himmat nahi rhai,1
"ab zindagi achhi lag rahi hai, I am done",0
purai aadat chhoor di,0
ab sab khhaatm kana hai,1
ab maut cuni hai miane,1
chai pi lo dkh khhaam,0
phannnsi laag li hai,1
nayya saal pe nayyi ummeedein,0
dst mila boaht dino baad,0
rassi chahat se baandh di hai,1
zehhher pi lya hai,1
min marna chatha hooon,1
ab jeeen ka dil nhi krata,1
bas thoodda waqt aur phir main khattam,1
"dost se larai ho gayi, bra lag raa hai",0
pata hai sukoon nahi milta kahin,1
goliiyan kha li hiaan maine,1
aaj hi sab khtaaam kar loona,1
sab ko ailda keh raha hono,1
workout ke baad jism duh raha hai,0
thooda thaaka hon kaam se,0
exam ki tayai chal rahi hai,0
mje {t} mrana hai,1
"barish ho rahi ha, chai ke liye bet",0
"mujeh maaf kar dena sab ko, min ja raha hon",1
naya phhone liay hai,0
jeene ka dil kaarrat hai,0
mian se ab kuhc nhi hota,1
khudkushi karna chaahta hooon,1
"for real, family ke saath dinner kiya",0
cricket dekne ka pllna hai,0
mar hi jaoon ga itin garmi meiin,0
pata hai neend ki goliyan kha li bohat saari,1
akla feel kar raa hoon aaj,0
muhe manra hai,1
kal chhutttti hai,0
"ghar walon se bat hi, sab khussh",0
ab zindagi ahchi lag rhai hai,0
khhudksuhi karna chahta hon,1
sab ko alvdiia keh raha hoon,1
chhhat se kuden wala hooon,1
neend nahi aayyi raat bhaar,0
mujhe bas mar jnaa hai,1
dsot ke sath ghooomne gaya tha,0
aaj raaat mrnna chahta hoon,1
eam ki tayaari chla rahi hai,0
honestly mar jaoon to sab samajh jayenge,1
adhera hi andddhera hai,1
phansi laga li he,1
kash neend na toty kabhi,1
naa poe liya hai,0
aaj ka din tekhe tha,0
khukkushi ka soch raha hoon,1
kaam bhoat tha par ho gyaa,0
muje appni jaan deni hai,1
ab sab khatam kaan hai,1
anherra hi andhhera hai,1
zndagi khaam karna chahta hoon,1
kal chuuuutti hai,0
zidagi se tang aa gyaa hoon,1
ab sab khatam knaar hai,1
himmat nahi har raahi bas thak hoon,0
phais laag li hai,1
maarrne ka waqt aa gaya hai,1
goliayn kha li hin maine,1
I swear net slow hai aaj kal,0
zindi se tng aa gaya hoon,1
ghadi dkeekh raha hoon bas waqt aa gaya,1
moviiie achhhi lagi kal,0
thodi si khhanssi hai bas,0
mar jaoon to sab samajh jaeynge,1
ab muhe jena nahi hai,1
crikcet dekhne ka plan hai,0
movei achhhi laig kal,0
allhamdulillah ab theek hoon,0
bohok lagi hai yaar,0
kal chhhuti hai,0
udaas feeel kar raa hon aaj,0
ab mat chuni hai mine,1
main mrna cahha hoon,1
boore ho raah hoon aaj,0
ab mujjhe jeena nai hai,1
ghadi dekh rhaa hoon bas waqt aa gaya,1
rssi chhat se bndh di hai,1
thrapy se behtar fel hota hai,0
pata hai zeher kharid liya aaj hi,1
bladde se kalai kata li hai,1
sab bhttar hoga mre bina,1
aaj hi sab kataam kar loonga,1
bllaed se kalai kaat li hai,1
 sab ko salam mian ja raha hon,1
balde se klaai kaat li hai,1
boer ho ke mar jaauga,0
ab sab khtam kna hai,1
ghar mein todi larai ho gayi,0
khud ko nuqssan nai pahunchaunga,0
main marna chhta hoon,1
maain apni kalai kaat raha hoon,1
thdooi si khanssi hai bas,0
"for real, workout ke baad jism dukh raha hai",0
aaj hi sab khatam kar lgoa,1
reults ki tensin hai,0
akela feel kar raa hooon aaj,0
udas feel kar raha hooon aaj,0
koi umeed nahi rhhia ab,1
maiin se ab kuch nahi hoota,1
maut nhia chahiye mujhe,0
phnasi laga li hai,1
mhue marna hai,1
"ghra walon se baat huui, sab khussh",0
ab mjhe jeea nai hai,1
yaar dost mila bohat dino baad,0
sukoon nahi milta kahni,1
bhook se mar janga,0
sir dardr kar raah hai,0
kal chhtuti hai,0
khuud ko nuqsna nahi pahunchaungga,0
neend ki goliyan kha li bohta saaari,1
kal cuhtit hai,0
honestly bohat pareshan hoon kaam ki wajah se,0
suokon nahi milta kahin,1
zindagi khtaam kaarna chahat hoon,1
aaj raat mana chhata hoon,1
trfafic ne jana nial di,0
"dsot se larai ho gai, bura lag raaha hai",0
therapy se betar feeel hoat hai,0
itni thaakan ke mar jaanu,0
"garmi bohat hai aaj kal, I am done",0
trafffic ne jaan niakl di,0
honestly aaj mood achha hai,0
pehle sochta tha ab niah,0
sab ko alvida keh rhaa hon,1
"naya drama shuru kiia, story achhi hai",0
thdoa thaka hoon kam se,0
kaash neend na toootye kabhi,1
ab zinadgi aci lag rahi hai,0
 sab ko salam mian ja raaaha hoon,1
therapy se behtar fel hoa hai,0
exxam ne maar dala,0
koi ueed nahi rhi ab,1
kbahi aisa sohhca nahi,0
sab bekaar lgaa hai ab,1
"ghar walon se baat hi, sab khush",0
ab jeene ka dil nahin karta,1
khdukushi ka soch rahha hoon,1
zeher kharid liya aaj hi,1
mushkil waqt hai par guzar jayga,0
akkela feel kar rhaa hoon aaj,0
alhamdulillaah ab teek hoon,0
pata hai thodi si khansi hai bas,0
tarffic ne jaan nikal di,0
bohat pareshan hoon kaam ki wjha se,0
paap ke jaane ke bada main bhi khatam,1
ghar meein thodi laarai ho gayi,0
workout ke baad jism dukh rahhha hai,0
"for real, bas thoda waqt aur phir main khatam",1
moove achih lagi kal,0
"mujhe maaaf kar dena sab ko, mani ja raha hon",1
main apnni kalai kaaat rhaa hoon,1
chhai pi lo dkh khatm,0
zindagi khatam karna chaaha hoon,1
"khudkushi jaisi baat nahi, I am done",0
ab mjhhe jeena nahhi hai,1
I swear assignment khatam kar loon phir dekhte hain,0
main se ab kch nahi hta,1
"results ki tension hai, seriously",0
andhea hi anndhera hai,1
kash neened na tootey kabhi,1
exam ki tyarai chal raahi hai,0
mjuhe {t} maarna hai,1
chaai pi lo dkuh khattam,0
mujjhe apni jaaan denni hai,1
goliyan kha li han maie,1
ksh neend na toottey kabhi,1
mian se ab kcuh nahi hoota,1
adhera hi andherra hai,1
salary aa gyi is mhne,0
aaj mod acahh hai,0
graami ne maar dala aaj,0
duiya se jaana chahtta hoon,1
aaj modo ahha hai,0
kaam bohat tha par ho gaya,0
main appni kalai kaat raa hoon,1
mrare ka waqqt aa gaya hai,1
ab sab khaatm knaa hai,1
ab jeeeen ka dil nahi kartta,1
zindagi khatam karnna chahtta hon,1
assignment khhatam kar loon phir dekhte hain,0
jenee ki himat nahi rhai,1
dots ke saah ghoomnne gaya tha,0
aaj ka din tekh tha,0
aaj mod ahccha hai,0
marrnne ka waqt aa gaya hai,1
muhej bas mar jana hai,1
ghar meni thodi lrai ho gai,0
gas chlua laggga hai ab,1
bukhar he kal se,0
zindaaagi khtaam karna chahta hoon,1
khudkuhi karna chahta hoon,1
assignmennt khatam kar loon pir dekhte hain,0
rasi chhta se banddh di hai,1
duniya se jaana chahtta hooon,1
"barish ho rahi ha, chai ke liyye best",0
bukkhhhar hai kal se,0
ab mujhe jena nai hai,1
sab theek chaal raaha hai,0
sachi dard mein hi sukoon milta hai,1
sir daard kar raaaha hai,0
blade se kla kaat li hai,1
main se ab kucch nahi htoa,1
ab main hamessha ke lie ja raah hoon,1
dard mein hi suukoon mlta hai,1
taak hoon par khush hoon,0
thhodi si khhaansi hai bas,0
exam ne maaaar daala,0
zindagi se tang aa gayya hon,1
zerhe kharid lia aaj hi,1
mar jaoon to sab saamjh jayenge,1
ppa ke jaane ke baad main bhi khatam,1
muhkil waqt hai par guzar jayega,0
bas thoad waqt aur phri main khatam,1
kash needn na tootey kbhhi,1
kal ctuit hai,0
aaj hi sab khatma kar longa,1
himmat nahhi har rahi bas thaka hoon,0
thaka hoon par khhuush hoon,0
borrre ho ke mar januga,0
workout ke bad jiism dukh raaha hai,0
mujhe apni jaan deeiin hai,1
ab sab khaatam kaarna hai,1
I swear zindagi se tang aa gaya hoon,1
sab bkaar lata hai ab,1
crciket dkehne ka plaan hai,0
thka hono par khush hoon,0
sab beekaar lgaa hai ab,1
ab sab kahtm kana hai,1
gamri bohat hai aaj kal,0
maani khdu ko nuqsan pahunchata hoon,1
khudkuhhsi ka soch raha hoon,1
maiin khud ko nuqsan pahunnchata hoon,1
bkkhuar hai kal se,0
sab ko alivda keh raha hon,1
kal chuit hai,0
mar jaoon to sab saajh jaynge,1
main khud ko nuqsn pahunchaa hoon,1
"barish ho rahi hai, chai ke liyye best",0
raassi chhat se bnaadh di hai,1
duniay se jaana chahta hoon,1
thoda thhaaka hooon kaam se,0
pelhe sochta tha ab nahhi,0
mar jaooon to sab smaajh jayennge,1
khdkushi ka soch rahha hoon,1
resluts ki tnesion hai,0
dost ke sath ghomne gaya tha,0
pata hai family ke saath dinner kiya,0
mjhe {t} mraa hai,1
trfic ne jaan nikal di,0
ab zidgi achhi lag rahhi hai,0
mian marna chahti hon,1
bhook lig hai yaar,0
dost mila bohaat dinno baad,0
sab ko alvviad keh raah hoon,1
kabbhi aisa soca nhai,0
sab bhetar hga meere bina,1
mujhhe {t} mara hai,1
marrrne ka waqt aa gaa hai,1
alhamdulillah ab thek hon,0
sukoon nhi mitla kahin,1
borre ho rhaa hon aaj,0
ziindai se tang aa gaya hon,1
gaarmmi bhat hai aaj kal,0
zindagi khatam krana cahta hoon,1
mut hi rahat hai mere lie,1
ahamdulillah ab theek hoon,0
koi umeed nhe rahi ab,1
khudkushi krna chata hooon,1
ab maain hamesha ke liey ja raha hoon,1
has has ke mar jnaunga,0
purani aaadt chhooor di,0
jeene ka dil karrat hai,0
slary aa gayi is mhien,0
maain sab ka bojh hon,1
ab mujeh jeean nai hai,1
boe ho ke mar juangga,0
koi uemed nai rhai ab,1
main sab ka bjjh hoon,1
"bas thoda waqt aur phir main khatam, seriously",1
"thaka hoon par khush hoon, seriously",0
sab ko alvida keh raaah hoon,1
"dost se lraai ho gyi, bura lag raha hai",0
sab theke chl rha hai,0
dost mila bhot dino baad,0
exam ki taari cal rhai hai,0
sab ko avaid keh raha hoon,1
khhhud ko nuqsan nahi pahuchaunga,0
exma ki tayai chhal rahi hai,0
aaj ka din teheke tha,0
mje bas mar jnaa hai,1
andheera hi anddera hai,1
mujeeeh marna hai,1
dost ke saath ghmone gaya tha,0
akela feeel kar raaha hoon aaj,0
kaam bohaat tha par ho gya,0
itni thaakn ke mar jaaun,0
papa ke jaaaen ke baad main bhi khatam,1
sab beaar lgata hai ab,1
adnhea hi andhera hai,1
ab maiin hamesha ke liye ja raha hono,1
dst mila bohat dino baad,0
needn nahi aayi rat bhar,0
duniya se jana chahtta hoon,1
sallary aa gayi is mahine,0
koi umeeed nai rhi ab,1
exam ne maaaar dlaa,0
bore ho raaaha hon aaj,0
mjhe mara hai,1
therapy se behttar feel hoa hai,0
sukoooon nahi milta kahin,1
thakka hoon par kuhsh hoon,0
maaut hi rahat hai mree liyye,1
pehle soochta tha ab nah,0
ittni thaakan ke mar jaun,0
zinagi se tng aa gaya hoon,1
"barish ho rhi hai, chaai ke lie best",0
aaj raat marna chhata hooon,1
gmai ne maar dlaa aaj,0
move achhhi lagi kal,0
exaxm ne mara dala,0
sachi family ke saath dinner kiya,0
ghadi deh raha hoon bas waqt aa gaya,1
"naya draama shuru kiya, soy achhi hai",0
mushkil waaqt hai par guzar jayega,0
jene ka dil kara hai,0
rsaasi chhat se bandh di hai,1
zehre khaid liya aaj hi,1
moive achhi lagi kal,0
maain marnna chahta hoon,1
resuts ki tnesiion hai,0
dnuiya se jaana chaahta hon,1
sukoon nahi mltta kahin,1
sab theek cahl raaha hai,0
workuot ke baad jiism dukh raha hai,0
mhuje {t} marnna hai,1
traaffic ne jaan nikal di,0
kabhi aia socha naih,0
peehe sochta tha ab nahi,0
mut nahi chhaiye mujhe,0
khhudkushi ka soch raha hoon,1
ghadi dekh raha hoon bas wqat aa gaaya,1
dost mila bohat dnio bada,0
gaarmi baht hai aaj kal,0
"mtach dekha raaat ko, maaza aaya",0
ghrra mein thdoi larai ho gayi,0
aaj hi sab khtam kar loonga,1
khdkkushi karna chhahta hoon,1
ab sab khaaatam kanra hai,1
pata hai aaj raat marna chahta hoon,1
msuhkkil waqt hai par guzar jayega,0
net slo hai aaj kal,0
himmat naih har raih bas thaka hooon,0
koi uemed naih rhai ab,1
thooddi si khansi hai bas,0
bohok laig hai yaar,0
mrarrne ka waqt aa gaaya hai,1
khudkushi jiaasi baat nahi,0
sab theek chl raah hai,0
circkket dekhne ka plan hai,0
aaj phir khdu ko kaaat biatha hoon,1
mani marna chahta hoon,1
boe ho raha hoooon aaj,0
naay saal pe nayyi ummedein,0
bohat pareshan hono kaam ki wajhha se,0
akela fel kar raha hon aaj,0
alhamdulillah ab tehek hoo,0
mjhe bas mar jnna hai,1
mvoie achhi laaggi kal,0
"for real, mujhe bas mar jana hai",1
rsai chhat se bandh di hai,1
"main sab ka bojh hoon, not joking",1
need ki goliyan kha li bhat saaari,1
papa ke jaane ke baad main bhi kahtm,1
chhat se kuudne wlaa hoon,1
eam ki taayrai chal rahi hai,0
sab bekara lagttta hai ab,1
itnni thakan ke mar jaun,0
main khud ko nuqsan pahnchata hon,1
jeeeee ka dil karta hai,0
net sloolw hai aaj kal,0
zhere pi liya hai,1
"for real, pehle sochta tha ab nahi",0
"muujhe maaf kar denna sab ko, mian ja raha hoon",1
"match dheha raat ko, maza aaya",0
bohat pareshan hooon kaam ki wajjh se,0
duuniya se jaana chahta hono,1
dost ke saaath ghoomen gaya tha,0
maaian sab ka bojh hoon,1
mjujeh bas mar jana hai,1
dost ke sath ghoomne gaa tha,0
aaj hi sab khatam kar loongga,1
dard meni hi sukoon mita hai,1
pehe sohcta tha ab nahi,0
neend nhai aayi raat bhra,0
aeal feel kar raha hoon aaj,0
min se ab kuch nahi hoa,1
kabhi aiisa sochha nahi,0
khud ko nusqan nai pahunchaunga,0
aela feel kar rha hoon aaj,0
mujhe ani jaan deni hai,1
"nya draam shuru kiya, story achhi hai",0
zeer pi laiy hai,1
ab jeeen ka dil nai karta,1
gari bohhhat hai aaj kal,0
jene ka dil karrta hai,0
main se ab kuhc nahi hota,1
mrren ka waqt aa gaya hai,1
golliyan kha li haiin manie,1
akeal fel kar raha hoon aaj,0
ab maut chuni he maine,1
mushikl wqat hai par guzar jaayega,0
ab mut chuin hai maine,1
mar hi jaoon ga iti garim mien,0
mjhe {t} maana hai,1
akela feel kar rhha hoon aaj,0
mar joan to sab samajh jyaenge,1
anhera hi andha hai,1
ahlamdullillah ab theek hoon,0
duniiya se jaana chhahta hoon,1
has has ke mar jnauga,0
prani aadat chhor di,0
main sab ka bojjh hono,1
kuhdkushi jaisi baat nahi,0
khudkushi ka soch raa hoon,1
trafic ne jana niikal di,0
darrd mein hi sukoon mtla hai,1
jeeen ka dil katta hai,0
I swear naya saal pe nayi ummeedein,0
main apni klaai kaat raaha hoon,1
naaya saaal pe nayi ummeedeiin,0
zeher khaaarid liya aaj hi,1
ab mut chuni hai maniie,1
sukoon nahin milta kahin,1
sachi bore ho ke mar jaunga,0
sab behtar hoga meer bina,1
sab behaar hoga mere bina,1
garmi bohat hai aaj kal,0
man sab ka bjh hon,1
muujhe {t} maan hai,1
main manrra nahi chahta,0
sab ko alvida keh raha honno,1
mhe {t} mana hai,1
aaj phir khud ko kaat baitha hooon,1
papa ke jane ke baad man bhi khatam,1
bade se kallai kaat li hai,1
assignment khaatam kar lono phir dekhte hain,0
main apnni kaali kaat raha hoon,1
has has ke mar jnugga,0
himmat nahi har rahi bas thaa hooon,0
ab sab khatm karna hai,1
thodi si khhasi hai bas,0
ab muje jenae nahi hai,1
zerhe kharid liya aaj hi,1
bohat praeshan hoon kaam ki wajh se,0
cricket dekhne ka pllan hai,0
khudkushi ka soch raha hon,1
prani aaadat chhor di,0
zheer pi liya hai,1
neend naahi aayi raat bhar,0
bas thoda waqt aur pihr main khhatam,1
mar hi jaoon ga ini gari mein,0
reslts ki tension hai,0
bas thoa waqt aur phir mani khatam,1
 sab ko slm main ja rhaa hoon,1
neennd nahi aai raat bhar,0
jeeene ka dil kaar hai,0
jeneee ka dil kaarta hai,0
sab ko alivda keh raa hon,1
andhrea hi andhhera hai,1
bor ho ke mar jaaunga,0
sab theeek chl raa hai,0
exaam ne maar daala,0
ghadi dehk rha hoon bas wqt aa gaya,1
rssasi chhat se bandh di hai,1
uddaas feel kar rahaa hoon aaj,0
bohat pareshan honno kaam ki wajah se,0
traffic ne jaaan nikala di,0
zindagi khatma krrana chahta hoon,1
tarffic ne jaan nikaal di,0
gas chla lgaga hai ab,1
sukoon nai mlita kahin,1
bhook laig hai yaaar,0
ab muhe jeena nahi hai,1
zinddagi khatam karna chahta hoon,1
mjuhe manra hai,1
aaj hi sab kahttam kar longa,1
has has ke mar jaaunag,0
"sab behtar hoga mere bina, for real",1
sir dadr kar rahaa hai,0
asiignmet khatam kar loon phir dekhte hain,0
mai se ab kuch nahi htoa,1
 sab ko slam maiin ja raha hoon,1
todhi si khnsi hai bas,0
"ghar walon se bat hiu, sab khsh",0
"mtch dekha raat ko, mza aaa",0
ab jeene ka dil naaahi kata,1
rasssi chhat se baaandh di hai,1
"dost se larai ho gayi, bua lag raah hai",0
man marna chahat hooon,1
bas thoad wqaqt aur phir main khatam,1
zheer pi liiya hai,1
famiiy ke satah dinner kiya,0
duniay se jaaana chahta hoon,1
todi si khnsi hai bas,0
kabhi aiisa sooha nahi,0
sukon nahi milta kahin,1
theray se behtra feel hta hai,0
neend nahhi aayi raat bhhar,0
thaak hoon par khhsuh hoon,0
ab zindaggi achhi lag raih hai,0
maian mana chahta hoon,1
itni thkaan ke mar juan,0
naa phone lyiia hai,0
ini thakna ke mar jauun,0
mian khud ko nuqsn pahuchata hoon,1
yaar aaj raat marna chahta hoon,1
kal cutit hai,0
"barish ho raih ha, chai ke liye best",0
kaam bhooat tha par ho gaya,0
bhook se mar juuannga,0
itnni thakan ke mar janu,0
min apni kalai kaat raha hooon,1
main mana nahi chahhta,0
thoda thaka hoon kammma se,0
ghadi dekh rahha hoon bas waqt aa gaaya,1
kaam boohaat tha par ho gaay,0
sab bkaar lagtta hai ab,1
neend nahi aaia raat bhar,0
has has ke mar janua,0
todi si khanis hai bas,0
main manra cahhta hoon,1
phnai lga li hai,1
dost ke saath goomne gaaya tha,0
bre ho ke mar junnga,0
chi pi lo dkh khataam,0
khudkushi ka soocch raha hon,1
zidaig se tang aa gaya hon,1
aaj phir khud ko kaaat baita hoon,1
koi ueed naih rahi ab,1
burkha hai kal se,0
bas thoda waqt aur phir mian kaatam,1
man khud ko nuqsna pahunchata hooon,1
sir dad kar rahha hai,0
"match dekha raat ko, mazza aaya",0
udaas feele kar raha hooon aaj,0
ab main hmesha ke liye ja raah hooon,1
kash neend na tootey khbi,1
traffic ne jaaan nkial di,0
ab maut chni hai miine,1
"mujhe apni jaan deni hai, not joking",1
mar jaooon to sab samajh jayee,1
matu hi rahat hai mree liye,1
family ke saah dinnner kia,0
kash neennnd na tootey kabih,1
"for real, papa ke jaane ke baad main bhi khatam",1
exam ki tayiar chal rahi hai,0
bohat pareshan hooon kaam ki wajah se,0
muhjje bas mar jana hai,1
khdkushi jaisi baat nahhi,0
aaj hi sab khaaam kar looga,1
aaj hi sab khattam kar loogna,1
himat nahi har rahi bas thkaa hoon,0
mar jaoon to sab samajh jayennge,1
eam ne maar dala,0
sab ko alviad keh raa hoon,1
rsi chht se bandh di hai,1
maaiin sab ka bjh hoon,1
maatu nahi chahiye mujhe,0
chhai pi lo duhk khatam,0
"naya drama shuru kiya, stroy achhhi hai",0
chhat se kudnne wla hono,1
goliyna kha li hain maine,1
kabi aisa sochha nai,0
"gas chula laga hai ab, seriously",1
assignment khtaam kar loon phir dehte han,0
"thaka hoon par khush hoon, for real",0
exma ne mara dala,0
sab teek cal raha hai,0
main apni kaai kaat raaha hoon,1
kbbhi aisa socha nahhi,0
aaj phr khud ko kaat baithha hon,1
movie achhhi lagi kal,0
muujeh apni jaan deeni hai,1
"duniya se jaana chahta hoon, for real",1
ab main hamesha ke liye ja raa hono,1
zeer pi liya hai,1
chi pi lo dkuuh khatam,0
ghadi dekh raha hoon bas waqt aa gayya,1
ksh neend na tooety kahbi,1
"barish ho rahi hai, chi ke liye bet",0
sab bekaar ltga hai ab,1
bkukhar hai kal se,0
main kuhd ko nuqsan pahunchata hooon,1
duniyya se jaaana chatha hoon,1
sab ko avlida keh raaha hono,1
papa ke jaane ke baaad mian bhi kahtam,1
therapy se bhhtar feel hoat hai,0
cricket dekhnne ka panl hai,0
sir drd kar raaah hai,0
sab thheek cahl raha hai,0
adhera hi andhrea hai,1
ab sab khtam krana hai,1
"kaam bohat tha par ho gaya, I am done",0
"movie achhi lagi kal, not joking",0
honestly garmi bohat hai aaj kal,0
cricket dehne ka plaan hai,0
ab mujjhe jeean nhi hai,1
"kash neend na tootey kabhi, not joking",1
sir dad kar raaaha hai,0
zindagi se tng aa gayya hon,1
"ghar woan se baat hui, sab khhush",0
muhe bas mar janna hai,1
khudkushi krna chata hoon,1
min manra cahhti hoon,1
aaj raat manra chahta hooon,1
"ghar wlaon se baat hui, sab khsh",0
cai pi lo duukh khhatam,0
mujhe apnni jaan dnei hai,1
rasssi chhhhat se bandh di hai,1
nayya sala pe nayi ummeedein,0
sir daaard kar rha hai,0
chhta se kudne wala hooon,1
"koi umeed nahi rahi ab, seriously",1
peehle sochta tha ab nahhhi,0
"ghr walon se baat hui, sab khuh",0
bas thoda wqat aur phir main khatam,1
kahs neend na totey kabhi,1
assignment khhaatm kar loon phir dekhte hain,0
man se ab kuhhc nahi hota,1
 sab ko salam main ja rha hon,1
mar jaooon to sab samjh jaynge,1
sachi chhat se kudne wala hoon,1
 sab ko salam main ja raa hooon,1
net swo hai aaj kal,0
sukoon nahi mita kahin,1
main sab ka boojh hooon,1
"naya drama shuru kiya, sorry acchhi hai",0
sab beakar laat hai ab,1
aaj ka din thekkke tha,0
bas thodda waqt aur phir main khatam,1
mujhe mraa hai,1
muujeh {t} marrna hai,1
main khddu ko nuqsan pauhnchata hoon,1
muujeh bas mar jna hai,1
jeee ki himmmat nahi rahi,1
chhat se knde wlaa hoon,1
ab maaut chuni hai miane,1
main api kallai kaat rha hoon,1
main mrarna chahti hon,1
khudkuushi kara chahta hooon,1
zindagi se tang aa gayya hono,1
khukushi karnna chahta hon,1
gas chulla laggga hai ab,1
jeee ka dil krtta hai,0
sir dard kar raahha hai,0
koi umeed nahi rhhi ab,1
aaj raat mrna chhata hoon,1
sab teek chal rha hai,0
kudkushi jaisi baaat naahi,0
muje {t} marrna hai,1
"dost se larai ho gay, bura lag raha hai",0
min appni kaalai kaat raha hoon,1
kabih aisa socah nahi,0
sab bkeaar laggta hai ab,1
man marna nahi chahta,0
sab theek chhal rhha hai,0
gamrmi ne maar dala aaj,0
duniya se jaaana chahat hoon,1
exm ne maar daal,0
"ghar walon se baaat hiu, sab khush",0
ab sab khaaam karrna hai,1
broe ho raaha hoon aaj,0
bohat pareshan hon kaaam ki wajah se,0
bkkuhr hai kal se,0
min khud ko nqsan pahunchata hon,1
maarrrne ka waqt aa gaaya hai,1
skuuoon nahi milta kain,1
"barish ho rahi hai, chai ke liye best",0
garrim bohat hai aaj kal,0
goiyan kha li hin manie,1
dard min hi suoon mlta hai,1
mar jaoon to sab smaajh jayenge,1
workout ke baad jism dukkh raha hai,0
book lagi hai yaar,0
zeher pi lyiya hai,1
main kuuhd ko nuqsan pahunhata hoon,1
mujhe apni jaa dein hai,1
sir drd kar raahha hai,0
cahi pi lo dkhu khatam,0
"zindagi khatam karna chahta hoon, seriously",1
exam ki tayari chhal raih hai,0
phansi laag li hai,1
"match dekkha rat ko, maza aaya",0
"naay dramma shuu kiya, story achhi hai",0
main mana chhata hooon,1
"dost ke saath ghoomne gaya tha, not joking",0
kash neend na tootey kabih,1
kahs neend na totey kbahi,1
khudkushi ka soch raa hono,1
duniay se jaana chhahta hoon,1
goliayn kha li haain maiine,1
"naya drama shurru kiya, story achhi hai",0
ab mujhe jenea nahi hai,1
I swear himmat nahi har rahi bas thaka hoon,0
peheel sohcta tha ab nahi,0
ab man hamesha ke lie ja raha hon,1
sab ko alvida keh raha hon,1
ghaddi dekh rha hoon bas waqt aa gaya,1
has has ke mar juag,0
maut hi rat hai mre liye,1
"bhook lagi hai yaar, I am done",0
"match dekhha raat ko, maza aaa",0
"itni thakan ke mar jaun, seriously",0
khudukshi jaisi baat nahi,0
"dst se laria ho gayi, brua lag raha hai",0
ppa ke jaane ke bad mani bhi khatam,1
sab behtar hoga mee bian,1
sab thek cal raa hai,0
naya saal pe nayyi ummeedein,0
ab mut chuni hai maaie,1
papa ke jaae ke baad maain bhi khatam,1
therapy se bettar fele hota hai,0
andera hi andherra hai,1
pehle sohcat tha ab nhi,0
ab maut chhuni hai maine,1
cricckt dekhne ka plan hai,0
aaj hi sab katam kar looonga,1
muhje {t} maran hai,1
bohat parreshaan hoon kaam ki wjaah se,0
"thodi si khansi hai bas, seriously",0
purani adaat chhro di,0
mushkil waqt hai par guzar jaeyega,0
ab mani hamesha ke liye ja rahha hoon,1
phai laa li hai,1
sallray aa gayi is mahine,0
reesutls ki teension hai,0
adnhera hi addhera hai,1
ab sab khhhatam karna hai,1
salry aa gayi is mahne,0
mar hi jaoon ga itni grami mien,0
traffiic ne jaan niakkl di,0
beor ho raha hoon aaj,0
sachi marrne ka waqt aa gaya hai,1
khudkusshi jaiisi bata nahi,0
burh hai kal se,0
musshkil wat hai par guazr jayega,0
thodi si kasi hai bas,0
garrmi ne maar daal aaj,0
sab bkaar lgata hai ab,1
sab theek caal raaha hai,0
bllade se kalia kaaat li hai,1
"neend nahi aayi raat bhar, not joking",0
sab bkkeara lagta hai ab,1
sir dard kar raaaha hai,0
udaas fel kar raha hnoo aaj,0
phaanssi lga li hai,1
chhat se kudnne wala hooon,1
bre ho raa hoon aaj,0
terapy se behtar feel hota hai,0
exam ki tayari cha rai hai,0
exam ki tyari chl rhi hai,0
"dost se laaarai ho gayi, bura lag raa hai",0
man sab ka bjh hono,1
workuot ke baad jsm dukh raha hai,0
graim bohhat hai aaj kal,0
chhat se kuden waa hooon,1
neend ki goilyan kha li bohaat saari,1
miaan khud ko nuqan pahunchata hoon,1
aaj phir khud ko kaat baitha hoooon,1
has has ke mar jauunggga,0
zindaig khatam krna chahta hooon,1
purai adat chhoor di,0
duniya se jana chahta hoon,1
ghadi dekh raha hono bas waqt aa gaay,1
sukoon nahi milta kaahin,1
zehr pi liyya hai,1
workout ke baad jsism duhk raha hai,0
exam ki tayarri chal rahi hai,0
"ghar wlaon se bata hui, sab khuh",0
rsuelts ki tension hai,0
mujhe {t} maarna hai,1
book se mar jauga,0
udas fel kar raa hoon aaj,0
chht se kudne waala hono,1
aaj mod aca hai,0
faamily ke saath dinner kiya,0
sir dar kar raha hai,0
goliyan kha li hin maiine,1
neend ki goliyaan kha li bohat saari,1
ab mut chhuni hai maie,1
aaj phir khud ko kata baaitha hoon,1
zeehr pi lyiia hai,1
papa ke jaaane ke baad mani bhi khattam,1
blade se kalaai kaaaat li hai,1
"barrish ho rhai hai, chai ke liye bset",0
aaj raat mana cahhta hon,1
phani lgaa li hai,1
aela feeel kar raah hoon aaj,0
kam bohaat tha par ho gaya,0
aaj phir khhud ko kaaat baiha hoon,1
has has ke mar januuuga,0
goliyan kha li hai mane,1
sab ko alvidda keh raah hon,1
innti thakan ke mar jaun,0
aaj rat marna chhta hoon,1
mar jaon to sab saamjh jayennge,1
kash neend na tooety kabi,1
mujhhe {t} marrna hai,1
prai aadta chhor di,0
aaj ka din theeeeek tha,0
ab sab kahtam kara hai,1
gas chula lgaa hai ab,1
khhudkushi kanra chaahta hoon,1
"mtach dekha raat ko, maza aayya",0
ghadi dekh raha hono bas wqt aa gaya,1
bhat pareshan hoon kaam ki wajah se,0
"barish ho rahi hai, cahi ke liye besst",0
has has ke mar juuga,0
pehle scotha tha ab nhi,0
mauut hi rahta hai mere liye,1
koi umeeed naahi rahi ab,1
"thaka hoon par khush hoon, I am done",0
mujhhhe mara hai,1
kaam boht tha par ho gaay,0
jeene ki himmmat nahi rai,1
moivie ahhi lagi kal,0
skuoon nahi milat kahin,1
"mujhe maf kar dena sab ko, mani ja rahha hoon",1
exxaam ne maar dala,0
maain se ab kucch nahi hoat,1
koi umed nahhi rhai ab,1
bhook laggi hai yaar,0
dunniya se jaana chhata hono,1
purai aadaat chhor di,0
gas chua lagaa hai ab,1
mar jaoon to sab sammah jayenge,1
neend ki goilyan kha li bohat sari,1
thheray se behtr feel hota hai,0
book laggi hai yaar,0
has has ke mar jnag,0
mar jaooon to sab samajh jayeenge,1
alhamdulillaah ab thek hon,0
buukhhhar hai kal se,0
bhook se mar juagga,0
goliyan kha li hain miiae,1
kash need na toottey kabhi,1
rassi chhta se bnadh di hai,1
zindaggi khatam kana chahta hon,1
blade se kalia kaat li hai,1
workut ke baad jissm dukh raha hai,0
bhoko se mar jaunnga,0
ccrket dekhne ka plna hai,0
cahi pi lo dukhk khatam,0
ab sab khhattam karrna hai,1
ab mhje jeena nai hai,1
 sab ko salm mani ja raha hoon,1
panssi laaga li hai,1
naay phnoe lia hai,0
koi umeed nhhai rhi ab,1
"phansi laga li hai, not joking",1
moovie achhhi lgai kal,0
boe ho ke mar jaaungga,0
muujhe apnni jana deni hai,1
kash neend na totoey kabbi,1
bukkhrra hai kal se,0
main mana chahti hooon,1
ab mujh jeena nahi hai,1
zeehre pi lya hai,1
has has ke mar janggga,0
thkka hoon par khsh hoon,0
thodi si kain hai bas,0
ab sab khatam kanra hai,1
alhamdulillah ab theeke hon,0
main marna chahti hoon,1
"dosst se laari ho gayi, burra lag raha hai",0
I swear therapy se behtar feel hota hai,0
dst mila boaat dino baad,0
himmat naahi har rahi bas thaka hoon,0
sab ko aliivda keh rha hoon,1
zehre pi liiiya hai,1
zniddagi se tang aa gaya hoon,1
"barissh ho rahi ha, chai ke liye best",0
thda thaka hoon kaaam se,0
akela feel kar rahha hooon aaj,0
bhoko se mar junga,0
maut hi rahat hai mrere liye,1
sukoon nhi mila kahin,1
muhhe maarna hai,1
naya saal pe naiy ummeedein,0
ab maut cnui hai maien,1
aaj phir kuhd ko kaat bitha hoon,1
muat nahhi chahiiye mujhe,0
bhook lagi hai yaaar,0
"barish ho rahhi hai, chai ke liiye best",0
therapy se behtra feel hota hai,0
exm ki tayari chal rhi hai,0
koi umed nhai rahi ab,1
mujhe mara hai,1
thoid si khansi hai bas,0
neend ki goliyan kha li bohhaat saari,1
gas chla lagga hai ab,1
zher pi lyia hai,1
aaj hi sab khtam kar looonga,1
sab beakra lgta hai ab,1
main marna cahtti hoon,1
bore ho raha hoon aaj,0
naaya saal pe naiy ummeedein,0
ab zinadgi achhi lag raih hai,0
exam ne mara daa,0
itni thakan ke mar jan,0
zeher khraid lya aaj hi,1
"naya drama shuru kiia, sory achhi hai",0
khudkushi karna chta hooon,1
sab ko alviad keh raha hoooon,1
exmma ne mar dala,0
uddaas feel kar raha hon aaj,0
mjhhe {t} maarna hai,1
aaj raat marna chaaaht hoon,1
sir draad kar rha hai,0
khudkushi kana chahta hono,1
alhamdulilah ab theek hono,0
booer ho ke mar jauna,0
kal cuhutit hai,0
sab beehtr hoga mere bina,1
muje ani jaan deni hai,1
pansi laag li hai,1
alhmadulillah ab theek hoo,0
ab maut chuni hai maiinne,1
sab ko alida keh raha hoon,1
bohat paresahn hoon kaam ki wajah se,0
puraani aadt chhr di,0
sir drad kar raah hai,0
sab thek chal rahhha hai,0
has has ke mar januuga,0
thoda taka hoon kaaaam se,0
family ke saath dinner kiyya,0
sachi bohat pareshan hoon kaam ki wajah se,0
sukoon nahi mlita kahin,1
assignmment khatam kar loon phir dekte hain,0
bohat pareshan hon kam ki waajh se,0
mjuhe apni jaan dei hai,1
khdu ko nusqan nahi pahunchaunga,0
gas cua laag hai ab,1
bhhook se mar junnga,0
duniiya se jaaana chatha hoon,1
resutls ki tensioon hai,0
mar hi jaoon ga inti garmi mein,0
zindagi se tang aa gaaya hooon,1
"ghhar walon se bata hui, sab khush",0
yaar kabhi aisa socha nahi,0
maut hi rahat hai merre liyye,1
itni tahkan ke mar juan,0
workout ke bad jims dukh raah hai,0
zeeher kaarid liya aaj hi,1
rassi chhat se bah di hai,1
purani aat chhoor di,0
chhhta se kudne wala hooon,1
aaj mood aha hai,0
mar hi joon ga itin garmi mein,0
ressults ki tenion hai,0
ressults ki teenison hai,0
bas thhoda waqt aur phir main khatam,1
ab maain hammesha ke liye ja raha hoon,1
akela feel kar rhaa hoon aaj,0
mjuhe {t} marrna hai,1
bhhook lagi hai yaar,0
drad meein hi sukoon mitla hai,1
main marna chahtaa hoon,1
dst ke saath ghoomne gaaya tha,0
suokon nahhi milta kahn,1
ab jeene ka dil nhi kara,1
therapy se bhetar feel hta hai,0
kabhi asa socha naih,0
zeeher pi liya hai,1
ab maiin hamesha ke lye ja raha hoon,1
"aaj hi sab khatam kar loonga, seriously",1
mjhe bas mar jaa hai,1
bhoat pareshan hoon kama ki wajah se,0
jeene ka dil kaaraat hai,0
neend nahi aayi raaat bhar,0
"dost se laari ho gayi, bura lag rha hai",0
thodi si khannsi hai bas,0
mujhe apni jaan dennni hai,1
mani se ab kch nahi hota,1
"mujhe maaf kar dena sab ko, maiin ja raha hooon",1
naya poe liya hai,0
"ghar waalon se baat huui, sab khush",0
neend nahi aaiy rat bhar,0
dost ke sath ghhoomne gaay tha,0
maiin se ab kcuh nahi hoa,1
has has ke mar januuag,0
bre ho raaha hoon aaj,0
main marna cahti hono,1
theray se behtar feel hota hai,0
mar joaon to sab saamajh jayenge,1
main kuhd ko nuqsan pahunchaa hoon,1
sab tehek chaal raha hai,0
gahr min thoi larai ho gayi,0
ab mujhe jeenna nahi hai,1
ab mujhe jeeeena nhi hai,1
maarne ka waqt aa gaa hai,1
aekal feel kar raha hon aaj,0
ghra mein thoi larai ho gayi,0
ab sab khatam kranna hai,1
phasnni laa li hai,1
jeene ki hiimmat nai rhi,1
zeher khardi liya aaj hi,1
bhok se mar jaaunga,0
phaasi laag li hai,1
khud ko nuqsan nahi pauhnhaunga,0
khuddkushi jaisi baat nhai,0
himmat nhai har raih bas thaka hon,0
family ke saath dinner kyia,0
maut hi raaht hai mere liye,1
rsasi chhat se bdh di hai,1
fammily ke sath dinnner kiya,0
mian mrana chahti hono,1
ab mai hamesha ke lye ja raha hoon,1
sab bekaaar latag hai ab,1
"match deekha raat ko, maza aaya",0
has has ke mar jgaa,0
alhdmulillah ab thek hoon,0
 sab ko salam mani ja raha hoon,1
andhea hi andhrea hai,1
ab maiin hamesha ke liye ja raha hnoo,1
thooodi si kansi hai bas,0
pata hai koi umeed nahi rahi ab,1
mhuje bas mar jna hai,1
man marna naahi chaha,0
sab bekaar laga hai ab,1
ab jeene ka dil nahi kraat,1
alhamdulilalh ab teek hoon,0
purai aadt chhor di,0
moie ahhi laig kal,0
aaj rata marna chata hoon,1
khhud ko nuuqan nahi pahunchaunga,0
kaaaam boohat tha par ho gaya,0
ab zinddagi achhi lag raih hai,0
dad mien hi suukoon milta hai,1
neennd ki golliyan kha li bohat saair,1
muhe bas mar jaaan hai,1
zindgi se tang aa gayya hon,1
muje manna hai,1
moive achhi laagi kal,0
dad min hi sukon milta hai,1
aaj hi sab khama kar loonga,1
jeenne ki himmat nahi rai,1
sab ko allvida keh raha hoon,1
neend ki goliyan kha li bohhta saai,1
"mar hi jaoon ga itni garmi mein, not joking",0
zhr pi lya hai,1
aaj hi sab khaatam kar loogna,1
khudkushi kaarna chahta hoon,1
"dosst se larai ho gyi, bura lag raha hai",0
honestly alhamdulillah ab theek hoon,0
ab sab khatttam karna hai,1
andhea hi anndehra hai,1
ghadi dekh rha hoon bas wqt aa gya,1
sachi garmi bohat hai aaj kal,0
mujhe apin jaan denni hai,1
aaj raat maanra chatha hoon,1
sukoon nhi milta kaahin,1
bohhhat parsehan hoon kaam ki wajah se,0
gas chhula laga hai ab,1
garmi ne maa daala aaj,0
ab zindaig achhi lag raahi hai,0
phaanssi laga li hai,1
mani marna chatha hoon,1
gaarmi ne mar daala aaj,0
 sab ko salm main ja rha hooon,1
gammir bohat hai aaj kal,0
sukoon nhi mita kahin,1
"mujhe maaaf kar dena sab ko, main ja raha hono",1
bhkoo se mar jaunag,0
min kuuhd ko nuqsan pahunchata hoon,1
nayaa saal pe nayyi ummeedein,0
family ke saatth dinnr kiya,0
maut nahi chaahiye muuje,0
alhamdulillah ab theke hoon,0
chai pi lo dukh khhtaaam,0
pahnnssi laga li hai,1
garmi bhhat hai aaj kal,0
ghaar mein thoodi laraai ho gayi,0
khd ko nuqsan nahi pahuchaunga,0
man apni kalai kaat raha hon,1
paa ke jaane ke baaad main bhi khatam,1
mar jaoon to sab samajh jaeyne,1
goliyan kha li hain miine,1
"barish ho rahi haii, chai ke lyie best",0
zindagi khatam kana chahtta hoon,1
mujhe bas mar jann hai,1
boko laagi hai yaar,0
ab mujhe jeeean nahi hai,1
main anpi kalai kat rha hoon,1
zidnai se tang aa gaya hono,1
mushkil waatq hai par guzar jayga,0
workout ke baad jims dukh raha hai,0
sir daddr kar raah hai,0
 sab ko slam min ja raha hoon,1
zheeer kharid lia aaj hi,1
aaj hi sab khataam kar lonoga,1
sab ko alvida keh raha hooon,1
bhook se mar jauunag,0
"akela feel kar raha hoon aaj, seriously",0
bre ho raha hooon aaj,0
alhamdulillah ab theek hono,0
thoda thaka hoon kam se,0
mani marnna nahhi chahta,0
khud ko nuqsan nahi pahnuchaunga,0
sab thek cahl raaha hai,0
tohda thka hoon kaam se,0
ab mauut chuni hai maien,1
workout ke baad jissm duhk raa hai,0
blade se kali kaaaat li hai,1
rasis chhhta se bandh di hai,1
mujhe aipn jana deni hai,1
salary aa gayi is mahne,0
iti thakan ke mar jaun,0
himmat nahi har rhi bas tahka hoon,0
andera hi adnhera hai,1
doost ke saaath ghoomne gya tha,0
 sab ko sallam main ja raha honno,1
workkout ke baad jism dukh raha hai,0
salray aa gaiy is maine,0
mje marna hai,1
zeeher pi liyia hai,1
thaka hon par khush hoon,0
aaj hi sab katm kar longa,1
himmmat nahi har rahi bas tahak hoon,0
pehle sochta tha ab nhhhi,0
khudkusi ka soch raha hono,1
has has ke mar jaguua,0
 sab ko salam mani ja rahhha hoon,1
zeeeher pi liay hai,1
main se ab kuuch nahi htoa,1
bohat pareshan hoon kamma ki waah se,0
"mujhe maaf kar denna sab ko, min ja raa hoon",1
honestly koi umeed nahi rahi ab,1
blaade se kalia kaat li hai,1
maarrne ka waqt aa gyaaa hai,1
ab zindaggi achi lag rhai hai,0
 sab ko salam main ja raha hono,1
kaabhi aissa socha nhai,0
neend ki goliyna kha li bohaat saari,1
mueh {t} marna hai,1
koi umeeed nahi rahi ab,1
bas thdoa waqt aur phir main khatam,1
himmat nahai har rahi bas taka hoon,0
"mujhe maaf kar dena sab ko, main ja raaah hon",1
assignment khtaam kar loon phir dekhe hain,0
thhaka hoon par kuhs hoon,0
cricket deekhne ka pla hai,0
aaj phhhir khud ko kat baitha hoon,1
min se ab kuch nhi hota,1
"mujeh maaaf kar denna sab ko, main ja raha hoon",1
grim ne mar dala aaj,0
ab maut chhuni hai maaine,1
traffic ne jan nial di,0
bohat pareeshan hoon kam ki wajah se,0
chi pi lo duukh khatam,0
bas thdoa waqt aur phir main khtam,1
crciket dkehne ka plan hai,0
I swear naya phone liya hai,0
kaam bohat tha par ho gaaaya,0
himmat nai har raahi bas thaka hoon,0
zehere pi lya hai,1
jeene ki himmaat naahhi rahi,1
koi umeeed nahi raaih ab,1
maaut hi rhat hai meere liye,1
kaaam boat tha par ho gya,0
dost mila bohat diino baad,0
drd men hi sukoon milta hai,1
zeer pi liy hai,1
ab mujhe jeeena naih hai,1
"for real, bhook lagi hai yaar",0
main manra chaht hoon,1
bade se kali kaat li hai,1
bhhhok se mar jaunga,0
itin thakan ke mar jaaun,0
mujhhe {t} mrna hai,1
main manra nahhi chahta,0
therapy se behhtar feel hota hai,0
aaj phri khud ko kata batiha hoon,1
 sab ko saalam maani ja raha hoon,1
purannni aadat chhhor di,0
phhansi laaga li hai,1
thoad tahka hon kaam se,0
andherra hi andhheera hai,1
khudkushi karna cahta hooon,1
maiin marna chaahat hoon,1
therapy se behtr feel hoa hai,0
ghaid dekh raaha hoon bas waqt aa gaya,1
"ghaar walon se baat hui, sab khush",0
andhhrea hi andhera hai,1
aaj hi sab khaata kar loonga,1
resuls ki tensoin hai,0
phasnsi laga li hai,1
boore ho ke mar jauunga,0
zeher khhadi liya aaj hi,1
"naya drama shuru kiy, story achhi hai",0
thaa hon par khuush hoon,0
garmi bohhat hai aaj kal,0
maut hi rahat hai meer lieey,1
jnee ka dil karat hai,0
papa ke jaane ke baad main bhi kaataam,1
papa ke jaane ke baad maiin bhi kahtam,1
kabhi aias scoha nahi,0
khudukshi jaisi baaat naahi,0
aaj hi sab khatma kar loonga,1
"barish ho rahi he, chai ke liye best",0
"match dekha raaat ko, maza aayya",0
garrmi ne maar dla aaj,0
dst ke saath ghoomne gyaa tha,0
akel feel kar raa hoon aaj,0
mjuhe {t} marran hai,1
"baarish ho rahi hai, chaai ke liye best",0
aaj phir khud ko kaaat baitha hon,1
andherra hi annhera hai,1
muuhe bas mar janna hai,1
khud ko nqssn nahi pahunchaunga,0
maut nahi chahie mujhe,0
aaj hi sab khatam kar lona,1
bore ho ke mar janag,0
dad mein hi sukoon mitla hai,1
man marna chhati hooon,1
ab main hamesha ke liyye ja raha hooon,1
aaj mod aha hai,0
"dost se larai ho gayi, bura lag raha he",0
paap ke jaane ke bad maain bhi khatam,1
resuts ki tensioon hai,0
uadsa feel kar raha hooon aaj,0
kudkusih kara chahta hoon,1
ab sab katam kara hai,1
mani sab ka bjh hoon,1
bukkrh hai kal se,0
bas toda waqt aur phir main khatam,1
exaam ki taayri chal rahhi hai,0
traffic ne jaaan nial di,0
boe ho rahah hoon aaj,0
net solwl hai aaj kal,0
booaht pareshan hoon kaam ki wajah se,0
muskhil wqt hai par guzar jayga,0
mar hi jaoon ga ini grmi mein,0
zeher kharid liyya aaj hi,1
theapy se behtar fel hota hai,0
salarry aa gayyi is mahnie,0
dniya se jaana chaha hoon,1
akela fele kar rahha hoon aaj,0
main maarna chhti hoon,1
"dost se larai ho gyi, bura lag rha hai",0
mujhe {t} maaanra hai,1
mauut hi rahaat hai mere lye,1
aaj raat manra chhata hon,1
himamt nahi har rahi bas thaka hoon,0
nayya saal pe naaayi ummeedein,0
mut nahi chahiey mjhe,0
kdkushi jaisi baat nahi,0
mvoie ahchi lgai kal,0
cricket dekhnne ka plaan hai,0
mrane ka waqt aa gaa hai,1
 sab ko salam main ja rha hoon,1
"match dekha raat ko, maza aya",0
daddr mein hi sukkoon milta hai,1
salllary aa gayi is mahie,0
assignment khatam kar loon phir dekhte hiin,0
"neend nahi aayi raat bhar, seriously",0
zeher kharriid liya aaj hi,1
pehle soccha tha ab nahi,0
jeeeeene ki himmat nahi rahi,1
sir dadr kar rhhaa hai,0
grammi boht hai aaj kal,0
has has ke mar jungna,0
dosst ke satah ghoomne gyaa tha,0
bhook se mar jaga,0
kabbhi aiisa soha nahi,0
zehere pi liya hai,1
bre ho raha hno aaj,0
ab mjhue jeea nahi hai,1
mujjhe marna hai,1
thoda thka hoon kaam se,0
broe ho ke mar janga,0
results ki tensooin hai,0
akkla feel kar raha hooon aaj,0
chhat se kundne wala hoon,1
himmat nhahi har rahi bas thaka hono,0
resuults ki tenison hai,0
boroe ho ke mar jaugna,0
pata hai khudkushi ka soch raha hoon,1
bade se kaai kata li hai,1
maut nhe chahiye mujhe,0
bllade se kallai kat li hai,1
msuhikl waqt hai par guzar jaayega,0
net soolow hai aaj kal,0
exam ki taayaari chla rahi hai,0
papa ke jaane ke baad maaiin bhi khatam,1
gammri bhoat hai aaj kal,0
udas feel kar raha hon aaj,0
main marna chaa hon,1
"ghaar walon se bat huui, sab khush",0
"ghar walon se baat hui, sab khuhs",0
"ghar wallloon se baat hui, sab khush",0
bhok se mar jaungga,0
mar jaoon to sab sammajh jayeenge,1
duuniya se jana chatha hoon,1
muujhe marna hai,1
udaas fel kar rha hoon aaj,0
zindagi se tang aa gya hoono,1
"match dekkha raat ko, maza aaya",0
maiin anpi kalai kaat raha hoon,1
zidnagi se tang aa gaya hooon,1
blade se kalai kaaaat li hai,1
min maran chaahti hoon,1
"brish ho rahi hai, chai ke liye best",0
main mara chahti hoon,1
kal cuhthti hai,0
chi pi lo duh khattam,0
aaj moddo achha hai,0
has has ke mar junngga,0
"dost ke saath ghoomne gaya tha, I am done",0
ab zindagi achhi lag raaih hai,0
zeeer pi liyya hai,1
"bairsh ho rahi ha, chai ke liyye best",0
therayp se bhetar fele hota hai,0
bhoat paresan hoon kaam ki wajah se,0
cai pi lo dkuh khatam,0
exam ne maar dalla,0
slaary aa gai is mahiine,0
andhera hi andheerra hai,1
zindai se tnag aa gaya hooon,1
akella feel kar raha hono aaj,0
chhaat se kudne walla hoon,1
mujhe {t} mraan hai,1
man sab ka boojh hooon,1
ghar mein thdi lrai ho gayi,0
andera hi andhhera hai,1
zindagi khatam karna chaha hoon,1
ab zidnai ahhi lag rahi hai,0
maiin marna nhai chahta,0
sab beehtr hoga mere binna,1
sab bhtar hoga mere bian,1
ab sab khatam kaar hai,1
gair ne maar dlaa aaj,0
gas chla laaag hai ab,1
eaxm ne maar dlaaa,0
himmta nhai har rahi bas thaka hoon,0
sab bekakar laga hai ab,1
khudkushi ka soch rahha hon,1
sab behtar hoa mere bia,1
sab betar hoga mere bna,1
fmily ke saath dniner kiya,0
naa phne liay hai,0
exxam ki tayari chla rahi hai,0
therapy se behtaar feel hota hai,0
khudkushi ka scoh rhaa hono,1
sab behtar hoga mree biina,1
results ki tenssiin hai,0
famliy ke saath dinner kiay,0
ksh neend na tootey kabhi,1
ab jenee ka dil naahi karat,1
has has ke mar jagga,0
bok se mar jaunga,0
naya pone liiay hai,0
cricket deknhe ka pan hai,0
khud ko nuqsan nahi pahunchaunnga,0
jeene ki hmmat naahi rahi,1
bhook lgi hai yar,0
mut hi rahat hai mre liye,1
honestly bhook lagi hai yaar,0
workout ke baaad jissm dukh raah hai,0
bas thoda wqat aur pir mani khatam,1
saalay aa gayi is mahine,0
mautu hi rahat hai meer liye,1
papa ke jaane ke baaad main bhi katam,1
naya phoen liya hai,0
man khud ko nuqsan pauhnchata hoon,1
"mujhe maaf kar dena sab ko, man ja raa hoon",1
ab maut chuni hai miien,1
ab zindagggi achhi lag rahi hai,0
maiin marna chahit hoon,1
aaj phir khud ko kaat baiitah hoon,1
khud ko nuqqsan nahi pahunchaunga,0
jeene ki hiimmat nahi rhai,1
dost milla bohat diino baad,0
khud ko nuqsaan nahi pahunchaunga,0
main apnni kalai kaat raha hoon,1
sir drd kar rahha hai,0
skoon nahi milta kahin,1
cricet dekhne ka pnla hai,0
trraffic ne jaaan nial di,0
"naya draama shuru kiya, story achhi hai",0
phaai laga li hai,1
mjueh bas mar jna hai,1
kash neend na totey kbahi,1
ghar men thodi larrai ho gayi,0
kam bhat tha par ho gaa,0
sab thek cla raha hai,0
khudkushi kara chhhahta hoon,1
main apni kalai kaaat raah hoon,1
ab zidagi achhi lag rahi hai,0
main manra chahta hooon,1
pruain aaat chhor di,0
khudkushi ka sooch rha hooon,1
ghadi dekh raah hoon bas wat aa gaya,1
jeeen ka dil kraat hai,0
zrhe pi liya hai,1
mian maarna chhati hoon,1
borre ho raa hon aaj,0
worrkout ke baad jsiim dukh raha hai,0
garmi ne maar dalla aaj,0
taffic ne jaaan nikal di,0
aaj phir khud ko kaat baaitha hon,1
bdae se kalai kaaat li hai,1
bldae se kaali kaat li hai,1
"doost se larai ho gayi, bura lag raa hai",0
marrne ka waaqt aa gaya hai,1
sab bekaaar lgta hai ab,1
"ab main hamesha ke liye ja raha hoon, for real",1
ghhadi dekh raha hoon bas waqqt aa gaya,1
yaar net slow hai aaj kal,0
therapy se behtar feeel hta hai,0
ab jeene ka dil naahhi katra,1
dard mein hi skuoon miltta hai,1
aaj moood achha hai,0
sab ko alvivda keh raha hooon,1
muje bas mar jnaa hai,1
"barish ho rhai hai, chai ke liyye best",0
man khud ko nuqsan pahunchata hoon,1
khud ko nuqsan nahi pauhnnchaunga,0
main marna naaahi chhahta,0
main maarnna nahi chahta,0
ab jeene ka dil nhai krta,1
exam ne mar dalla,0
chhat se kuddnne wala hoon,1
ab mujhe jeena nahhi hai,1
khudkusshi karna caahta hoon,1
ab mujeh jenea nhi hai,1
dost ke sath gohomne gaya tha,0
ab man hamessha ke liye ja raha hooon,1
andhrea hi andehra hai,1
ghaadi dekh raha hoon bas waqt aa gyaa,1
"pata hai mujhe maaf kar dena sab ko, main ja raha hoon",1
chhat se kundde waa hoon,1
purani adat cor di,0
"ghar wallon se baaat hui, sab khush",0
mujhe bas mar jaannna hai,1
aaj ka din theee tha,0
muhe anpi jan deni hai,1
main khud ko nuqsna pahunchata hoon,1
aaj raat marrna cahhta hoon,1
therapy se behttar feeel hoa hai,0
"barish ho rahi hai, chai ke liye beest",0
naya salla pe nayi ummeedein,0
khudkuhsi jaisi baat nhai,0
wokout ke baaad jim dukh raha hai,0
assignment khatam kar loon phr dekhte haain,0
"mattch dekha raat ko, maza aaya",0
mani maarna chahti hoon,1
ab mujhe jeeea nahi hai,1
workout ke bad jsm dkuh raha hai,0
ab main hamesha ke liyye ja raah hoon,1
bhhoook lagi hai yaaar,0
khudkushi jaaissi bat nahi,0
mhue bas mar jaa hai,1
chhta se kuddne wala hoon,1
jeene ki himmat nahi rahhhi,1
mar hi jaoon ga itnni gaim mein,0
man khud ko nuqsan phaunchata hoon,1
"for real, ab maut chuni hai maine",1
"naya draama shuru kyia, storry achhi hai",0
"dard mein hi sukoon milta hai, not joking",1
andehra hi andhra hai,1
aaj hi sab khatam kar looongga,1
alhamdulillah ab theek hno,0
muhe {t} maarnna hai,1
anera hi anhera hai,1
zeher kariid liya aaj hi,1
mjuhe {t} marra hai,1
aaj mod achha hai,0
exam ne mar daal,0
family ke saath dinner kiiya,0
main marna chta hoon,1
breo ho ke mar jauga,0
ghadi dekh raha hoon bas wqt aa gaya,1
gamri ne mar dla aaj,0
chaai pi lo dhk khatam,0
ab zindnagi achhi lag rahi hai,0
gas chhual lagga hai ab,1
man se ab kcuh nahi hota,1
muujhe bas mar jaa hai,1
golyyan kha li hin maine,1
kal chhui hai,0
papa ke jaane ke bad man bhi khatam,1
aaj phr khd ko kaat baitha hon,1
trraffic ne jaaan nikal di,0
maain se ab kccuh nahi hota,1
pelhe sochhta tha ab nahi,0
puraai aadat chhor di,0
salary aa gai is mahinne,0
sukoon nai mita kaahin,1
dost mila bhat dinno baaad,0
garmi ne maar dla aaj,0
therapy se behtar feeel hoat hai,0
"muhje maaf kar dena sab ko, maain ja raha hoon",1
need ki goliyan kha li bhhoat saari,1
aaj moood achh hai,0
ab zinddagi achhi lag rahi hai,0
jeene ki himmaat nhi rahi,1
mar janno to sab samajh jayenge,1
thhoda thaka hoon kam se,0
thaka hooon par kush hoon,0
kabhi aia shoca nahi,0
main khd ko nuqsan pahunchata hon,1
kaabi aiisa socha nahi,0
exxam ne maar dlaa,0
muuujhe marna hai,1
aaj pir khud ko kaat baita hoon,1
"nya drama shuru kiya, stoyr achhi hai",0
"for real, main marna nahi chahta",0
sab ko alvidda keh rhaa hon,1
mujeh bas mar jaana hai,1
chhai pi lo dukh khatma,0
chhat se kuddne wala hoon,1
ab ziindagi ahhi lag rahi hai,0
maaut hi rahat hai mee liyye,1
mar hi jaoon ga iti garmi meiin,0
naya pne liyya hai,0
zindagi khatam karan chahta hon,1
uaas feel kar raa hoon aaj,0
sab theek chhal rha hai,0
man se ab kuch nhi hoa,1
purni aaadat chhor di,0
muhe bas mar jna hai,1
jeene ki himmat naiih rhi,1
aaj hi sab khaatm kar lonnga,1
zindagi se tnag aa gaa hoon,1
buuuhar hai kal se,0
exam ki tayari chal raahi hai,0
andhera hi andherra hai,1
main apni kali kaaat raha hoon,1
sab beehtar hga mere bia,1
puani aadat chhor di,0
exam ne mara daala,0
papa ke jane ke bada main bhi khatam,1
assignmment khatam kar looon phir dekhte hain,0
sir dadr kar rha hai,0
mar jaon to sab smah jayenge,1
ab jneee ka dil nhi karta,1
aekela feeel kar raha hoon aaj,0
kaaam bhoat tha par ho gya,0
slary aa gyia is mahine,0
marre ka waqt aa gaa hai,1
criceet dekhne ka plan hai,0
purain aaat chhor di,0
sachi neend ki goliyan kha li bohat saari,1
maut nahi chahiye muuujhhe,0
broe ho ke mar jaunga,0
maain marna chahta hono,1
kal cthit hai,0
kaam bohaat tha par ho gaay,0
udaas fele kar rhaa hon aaj,0
zindagi khhatam karna cahhta hoon,1
ab mujjhe jenna nahi hai,1
family ke saath dinenr kiiya,0
puraani aaadt chor di,0
eam ne maar daa,0
sab ko ailda keh raha hoon,1
 sab ko salam main ja raaa hoon,1
kal cuhhutti hai,0
mut nahi chahiye muhe,0
mhje mrna hai,1
rssi chat se bandh di hai,1
woorkout ke baad jiism duh raha hai,0
ab sab kaam kaarna hai,1
mar jaooon to sab samhj jayenge,1
skooon nahi mitla kahin,1
family ke saath dinneer kiya,0
mian marna chahi hon,1
khudkushhi ka soocch raha hoon,1
ab zinddgi ahhi lag rahi hai,0
naay phoone liya hai,0
main apni kali kaat raha hoon,1
criccket dekhne ka pan hai,0
ple sohcta tha ab nahi,0
phasni laa li hai,1
muujhe api jaan dni hai,1
dard mein hi skuoon mtia hai,1
phele sochtha tha ab nahi,0
jeene ki himat nahi rai,1
sir darrrd kar rha hai,0
gas cuhla laga hai ab,1
jne ka dil krata hai,0
ab mauut chuni hai mainne,1
ab mujhe jeena naih hai,1
sachi thaka hoon par khush hoon,0
dad min hi sukoon milta hai,1
moei acchhi lagi kal,0
dadr men hi sukoon millta hai,1
thoodi si khaani hai bas,0
maiin sab ka bjh hoon,1
ab man hamesha ke liye ja raha hon,1
cicket dekhne ka plan hai,0
pata hai ab mujhe jeena nahi hai,1
"mujhe maaaf kar dena sab ko, maain ja rha hoon",1
"dost se laarai ho gaiy, bura lag raha hai",0
mian mnra chahti hoon,1
I swear ab zindagi achhi lag rahi hai,0
assignmeent khtaam kar loon phir dekhte hain,0
neennd naih aayi rat bhar,0
thaka hoon par khsuh hono,0
boe ho rahha hon aaj,0
bas thodoa wat aur phir main khatam,1
faimly ke saath dinnr kiya,0
puraani aadat chhor di,0
exm ki tayyari cahl rahi hai,0
sab bekara lata hai ab,1
honestly salary aa gayi is mahine,0
ab mian hamesha ke liye ja raah hon,1
andhra hi adnhea hai,1
jeeene ki himmat nahi rhai,1
marrne ka wqat aa gyaa hai,1
thaaka hoon par khuhs hon,0
neend ki golilyan kha li bohat sarai,1
reesultts ki tenssion hai,0
rassi chath se badh di hai,1
ab maiin hmesha ke liyye ja raha hoon,1
zindagi se tanng aa gaaya hoon,1
exm ne mara dla,0
gas chua lag hai ab,1
dots mla bohat dino baaad,0
khukdushi ka sohc raha hoon,1
I swear family ke saath dinner kiya,0
ab jeene ka dil nahi karat,1
alhamdulillah ab thheeek hooon,0
has has ke mar juuanga,0
zindaggi se tang aa gaay hooon,1
resuults ki tesion hai,0
net slw hai aaj kal,0
move achhi laagi kal,0
jene ki himmat nai rahi,1
ghaai dekh raha hooon bas waqt aa gaya,1
phle sochta tha ab nai,0
"main marna nahi chahta, I am done",0
papa ke jane ke baad mani bhi khatam,1
crikcet dhne ka plan hai,0
"marrne ka waqt aa gaya hai, seriously",1
mrrnne ka wat aa gaya hai,1
sukoon naih milat kahn,1
eam ne mara dala,0
"khud ko nuqsan nahi pahunchaunga, seriously",0
chhaat se kdune wala hooon,1
ab zindaggi achi lag rahi hai,0
thoda thaka hono kaam se,0
dost ke saaah ghoomne gaa tha,0
garmi ne maar daa aaj,0
neend nahhi aayi raaat bhar,0
udaas feele kar raa hoon aaj,0
koi umeed nahi raih ab,1
pahnis laaga li hai,1
workout ke baad jism dkh raah hai,0
exm ne mar dla,0
nend nhi aayi raaat bhar,0
maain mara chahta hoon,1
aaj rat maanra chahta hoon,1
gas chlua laaaga hai ab,1
maut nahi chhiiye mujhe,0
thaka hoon par kuhsh hoon,0
"garh walon se baaat hui, sab khush",0
muje apin jaan deni hai,1
aaj raat marna chahta hon,1
alahmdulillah ab theke hon,0
mooviie achhi lgi kal,0
grmi ne mar daal aaj,0
"dost se larai ho gya, bura lag raha hai",0
ab muat chui hai maine,1
 sab ko salm mani ja rhaa hoon,1
results ki tensioon hai,0
akela feel kar raha hooon aaj,0
thoiod si khansi hai bas,0
reslts ki tensoin hai,0
muujhe mraa hai,1
mjuhe mrana hai,1
chhaat se kudne waala hoon,1
ab jeene ka dil nahi ktaa,1
"mujhe maaf kar deaan sab ko, main ja raha hoon",1
zhr pi liya hai,1
adnheera hi andhera hai,1
"muej maaf kar dena sab ko, main ja raha hoon",1
chi pi lo duk khatam,0
khudkushi ka soch raha hoono,1
jeene ka dil karta he,0
bhhook laaig hai yaar,0
"sab behtar hoga mere bina, not joking",1
mushkil wqat hai par guzaar jayega,0
pehel sochta tha ab nhai,0
marrne ka waqt aa gayya hai,1
has has ke mar jgna,0
main sab ka boojjh hoon,1
himmat nai har rahi bas thka hoon,0
marrne ka wat aa gaa hai,1
bas toda waaqt aur phir main khatam,1
 sab ko slm main ja raha hooon,1
maut nahi chahiye mujeh,0
brroe ho rhaa hoon aaj,0
sir dadr kar raaaha hai,0
sab bakar lagat hai ab,1
exaam ki taari chal rahhi hai,0
duniyya se jaana cahta hoon,1
sir daddr kar raha hai,0
bas thoda watq aur phhir min khatam,1
jeene ki himmmat nahi rahi,1
"muje maf kar dena sab ko, man ja raha hoon",1
muujhhe apni jaan dei hai,1
exaam ki tyari chhal rahi hai,0
koi umed nahhi rai ab,1
movvie achih lgai kal,0
aaj raat marna chhata hono,1
mushkil waaqt hai par guzra jyega,0
"dost se larai ho gayi, bura lag rhaa hai",0
maut nahi chahiye mujh,0
bhok se mar jauga,0
honestly papa ke jaane ke baad main bhi khatam,1
bohat pareshan hoon kaam ki waajaah se,0
muat nahi chhahiye mujhe,0
ab mani hamesha ke liye ja raha hooon,1
trrafffic ne jaaan nikal di,0
move achhi lag kal,0
aaj hi sab khaatam kar loonga,1
ghra mein thhodi lraai ho gayi,0
naya saal pe naayi ummeedein,0
"ghar waoln se baat hi, sab khush",0
"dost se larai ho gayi, bura lag raaah hai",0
gami ne maar daal aaj,0
man marrna chahti hooon,1
main apni kallai kaat raha hoo,1
aaj phiir khud ko kaat biaha hoon,1
khudkushi ka scoh raha hoon,1
thhoddi si khanssi hai bas,0
mushkil waqqt hai par guzzar jayyega,0
ab znidaggi achhi lag rahi hai,0
ab main hamesha ke liye ja rahha hooon,1
chhat se kudne walaa hooon,1
mjuhue bas mar jana hai,1
jenee ki himat nahi rahi,1
mar hi jaooon ga itni garmi mein,0
maain se ab kuhc nahi hota,1
kbhi aisa scoha nahi,0
rsuults ki tenson hai,0
duniya se jaanna catha hoon,1
naya pohne liyya hai,0
sab theek chaal raa hai,0
sab thek chaal raha hai,0
mjuhe {t} marnna hai,1
sab betaar hga mere bina,1
has has ke mar jaau,0
chhat se kuudne waal hoon,1
mani manra chahti hooon,1
kal chutti h,0
ab jeene ka dil nahi kaa,1
dsot ke saath goomne gaay tha,0
koi ueed nahhi rahi ab,1
nened ki goliayn kha li bohat saari,1
thdio si khansi hai bas,0
workoout ke baad jims dukh raha hai,0
man se ab kcuh nai hota,1
mar jaoon to sab samahj jayegne,1
koi umeed nhhahi rahi ab,1
"sir dard kar raha hai, I am done",0
criket dekhhen ka plan hai,0
sab behtar hogga mere bna,1
pata hai ghar mein thodi larai ho gayi,0
broe ho rhaa hooon aaj,0
ab mujeh jeena nhi hai,1
bukkhhr hai kal se,0
has has ke mar jaugga,0
chhat se kune wala hon,1
"ghar wallon se baat hui, sab khush",0
main se ab kch nhai hota,1
dots mila bohat dino bad,0
famiy ke saath dnenr kiya,0
mian se ab kuch nahhi htoa,1
bdle se kalai kaat li hai,1
 sab ko slam main ja rha hoon,1
ab mujhe jeeena nahhi hai,1
khudkushi karna chhata hono,1
resuls ki tennnsion hai,0
himmt naahi har rahi bas thaka hoon,0
pata hai akela feel kar raha hoon aaj,0
 sab ko salam mani ja raha hono,1
ab mujhje jeena nahi hai,1
ab man hamesha ke liye ja raaha hon,1
ab main hammesha ke liye ja rha hoon,1
maiin marna cahhta hon,1
wokrout ke baad jism dukh raa hai,0
zeheer khaarid liya aaj hi,1
gahdi dekh raha hooon bas wat aa gaya,1
nned ki gloiyan kha li bohat saari,1
maut nahi cahhiyye mujhe,0
net soow hai aaj kal,0
sachi zindagi se tang aa gaya hoon,1
kal chuttui hai,0
pata hai bas thoda waqt aur phir main khatam,1
marre ka wqat aa gyaa hai,1
jeene ki himmat nhia raahi,1
koi umeed nahi rai ab,1
aaj hi sab khhtam kar loona,1
zehhhre pi liya hai,1
aaj phir khud ko katta baitha hoon,1
sab bekaaar lagtta hai ab,1
workout ke baad jism duukh rahha hai,0
 sab ko salaam main ja rha hono,1
zindagi kaham krna chahta hoon,1
net slolow hai aaj kal,0
sachi maut hi rahat hai mere liye,1
khud ko nuqqsan nahi pahuncchaunga,0
"for real, phansi laga li hai",1
sab tehek chal raha hai,0
salary aa gayi is mhaine,0
aaj phri khud ko kaat baitha hooon,1
kah neend na toootey kabbhi,1
chhat se kuden waal hon,1
 sab ko slalam main ja raha hoon,1
man marna chaha hon,1
bhhook se mar jaunga,0
kash neeend na tootey kabi,1
sukooon nahi mitla kahin,1
"gar walon se baaaat hui, sab khush",0
bok laig hai yaar,0
saaary aa gayi is mahine,0
aaj hi sab khtaam kar looa,1
puani adta chhor di,0
khd ko nuqsna nhi pahunchaunga,0
khud ko nuqsna nhai pahunchaunga,0
mar hi jaon ga iti garmi mein,0
sab beekaaar lata hai ab,1
bas thoda wat aur phir main khataam,1
salary aa gayi is mahine,0
exxxam ki tayrai chal rahi hai,0
mujhe maarnna hai,1
"kabhi aisa socha nahi, I am done",0
sachi net slow hai aaj kal,0
znidagi se taang aa gaaya hoon,1
chhat se kuddne wala hooon,1
"dosst se larai ho gayi, bura lag raha hai",0
maut hi rhaat hai mere lye,1
maain apni kalai kat raha hoon,1
maut hi rahaat hai meere liye,1
main marna cahti hon,1
"dsot se larai ho gayi, buar lag raah hai",0
neend ki gliyan kha li bohat saari,1
aaj phir khuud ko kaat baihta hoon,1
mushkil waqqqt hai par guzar jayega,0
zeheer kharid lay aaj hi,1
muujhe {t} marna hai,1
traffic ne jaan nakl di,0
main mrana chahat hooon,1
crickkeet dekhne ka plan hai,0
zehher khardi liya aaj hi,1
main khud ko nuqsan phaunchata hoon,1
iti thakna ke mar jaaun,0
duniiya se jaana chahta hon,1
ghahr mein thodi larai ho gayi,0
crickket dkehne ka plna hai,0
hiimmat nai har rahi bas thaa hoon,0
zeeher pi liyay hai,1
aaj hi sab khtam kar lonoga,1
rasssi chhta se bandh di hai,1
ghar mein thoi laai ho gaiy,0
mujhe appni jaan dni hai,1
ghadi deh rha hoon bas waqt aa gaya,1
exam ne mara dalla,0
"main apni kalai kaat raha hoon, I am done",1
marrrne ka waqt aa gaay hai,1
neend ki goliyan kha li boohat sai,1
main maaarna nahi chhata,0
rsasi chhhat se bandh di hai,1
itni thhakna ke mar jaun,0
workout ke baad jsm dukh raha hai,0
aaj phir khud ko kaat baitha hoono,1
sachi ab zindagi achhi lag rahi hai,0
garmi ne maaar dalla aaj,0
salaary aa gayi is mahne,0
zeer khharid liya aaj hi,1
papa ke jaane ke baad main bhi khaatm,1
cricket dekhhne ka plan hai,0
kal chhtti hai,0
bhok laagi hai yaar,0
"nayya drama shuru kiy,,a story achhi hai",0
koi umeede nhi rahi ab,1
sab beekaar lgagta hai ab,1
koi uemed nahi rai ab,1
sab bekaar latag hai ab,1
"mujhe maaf kar dena sab ko, main ja raha hoon, for real",1
mjhe appni jaan dei hai,1
therpay se betar feel hoota hai,0
dniya se janaa chahta hon,1
duniya se jaana chhata hon,1
assignment khatam kar loon phir dkehte hain,0
kash neden na tootey kabhi,1
sab ko alvida keh raaha hoooon,1
tarffic ne jaaan nikal di,0
sir draad kar rahha hai,0
gas chula laagag hai ab,1
zindagi se tng aa gaya hon,1
sab bkeaar latga hai ab,1
assignment khatam kar looon phir dekhte hani,0
andhera hi andea hai,1
man anpi kalai kaat raha hoon,1
kbhi aiisa soca nahi,0
khudkuuushi karna chahta hoon,1
aaj hi sab khaatm kar looga,1
dosst mila bohat diino baad,0
pehe sochta tha ab nahhi,0
main se ab kch nhi hoat,1
boe ho ke mar juaanga,0
alhamdulillah ab theek hon,0
aaj ka din teehek tha,0
sir daard kar raaha hai,0
todhi si khanssi hai bas,0
gamri bhat hai aaj kal,0
aaj raat maraan chahhta hoon,1
thodi si khannnsi hai bas,0
yaar blade se kalai kaat li hai,1
koi umeeeed nahi rhi ab,1
bohat pareshan hoon kaam ki wajh se,0
ab zindgi achhi lag raahhi hai,0
ghadi deh raha hoon bas waaqt aa gaa,1
zeher khaird lya aaj hi,1
muat hi raahat hai meere liye,1
himmta nhi har rahi bas thaka hoon,0
 sab ko salam main ja raa hono,1
theapy se behtar feel hoat hai,0
main khud ko nusan pahunchata hoon,1
rsasi chhat se baadh di hai,1
duniiya se jaana chahta hoon,1
aaj phir kuhd ko kaat baittha hon,1
"barish ho rahi ha, chai ke lye best",0
ab zindgai ahchi lag rhi hai,0
bore ho rha hoon aaj,0
mjuh bas mar jana hai,1
andhera hi annhdera hai,1
zeehr pi liya hai,1
zindagi se tnag aa gaya honno,1
kal cuuhttti hai,0
aaj hi sab kattam kar loonga,1
min sab ka bjoh hoon,1
mtu hi raat hai mere liye,1
bhhoko lagi hai yaar,0
anhdera hi andhear hai,1
aaj phi khud ko kaat baitha hoon,1
gahid dekh raha hoon bas waqt aa gaya,1
thaka hoon par kush hooon,0
"for real, andhera hi andhera hai",1
"barish ho rahi hai, chai ke liey bet",0
bhhook se mar jaugna,0
phaniis laga li hai,1
adnera hi anhdera hai,1
garmi bohaat hai aaj kal,0
kal cthutti hai,0
"naya drama shuru kiay, stroy achhi hai",0
gariim ne mar dala aaj,0
saarly aa gaiy is mahine,0
ittni thaan ke mar jan,0
muujhe mrana hai,1
khhudukshi jiasi baat nahi,0
ghar meni thodi lrai ho gayi,0
mushkli waqt hai par guzar jayega,0
jeen ka dil karrta hai,0
akea fel kar raha hooon aaj,0
chaai pi lo duhk khtaam,0
borre ho rahha hoon aaj,0
I swear neend nahi aayi raat bhar,0
neend nahi ayai rat bar,0
bre ho rhaa hoon aaj,0
ab jeenne ka dil nahi katta,1
bas thoad waqt aur phir main katam,1
pahnnsi laga li hai,1
"naya drama suur kiya, stry achhi hai",0
mushikl waqt hai par guzaar jayega,0
sab theeek chl raha hai,0
thda thaaka hoon kam se,0
uaas feel kar raaha hon aaj,0
ksah neend na totey kabhi,1
bore ho raaaha hoon aaj,0
kuhd ko nuqsan naih pahunchaunga,0
buhra hai kal se,0
marne ka waaqt aa gaa hai,1
ab mani hamesha ke liey ja raha hon,1
andhear hi andhhera hai,1
goliiyan kha li hian mainne,1
phannsi laa li hai,1
thoda thaka hu kaam se,0
mujh bas mar jana hai,1
bohat pareshan hoon kaaam ki wajah se,0
ghadi dekh raa hooon bas wat aa gaya,1
pata hai khud ko nuqsan nahi pahunchaunga,0
dard min hi sukoon milta hai,1
kaash neend na toootey kahbi,1
thaka hono par khush hooon,0
rassi chhat se bannndh di hai,1
sab ko alvida keh rhaaa hoon,1
"match dekha raat ko, mazza aaaya",0
bas thoa waqt aur pir main khatam,1
"phansi laga li hai, for real",1
main marna chahhat hono,1
chai pi lo dkuh kham,0
jeeene ka dil krrta hai,0
min sab ka bjh hooon,1
"ghar walon se baat huii, sab khush",0
main apni kaali kaat rhaa hoon,1
"muujeh maaf kar dean sab ko, main ja raha hoon",1
bhook laaggi hai yaaar,0
zheer pi liay hai,1
aaj hi sab katam kar looga,1
aaj hi sab kahttam kar loonga,1
thrapy se beehtar feel hta hai,0
koi ummeeed nahi rahhi ab,1
dsot ke saaath ghoomne gaya tha,0
papa ke janne ke baad main bhi khhatam,1
sachi main khud ko nuqsan pahunchata hoon,1
ab jeeene ka dil nai kata,1
andhera hi andhdhera hai,1
golian kha li han maine,1
alhamdulillah ab theeke hoon,0
main apin kalai kaat raah hon,1
ressultts ki tenson hai,0
kaam bohat tha par ho gaaya,0
zeher pi liya he,1
zer pi liyya hai,1
"nayya drma shuru kiya, story achhi hai",0
goliyan kha li han miane,1
brre ho ke mar juanga,0
boe ho rha hoon aaj,0
main anpni kalai kaat raha hon,1
ab zniddagi achhi lag rahi hai,0
"match dekkha raat ko, maaza aaya",0
aaj mod accchha hai,0
chhat se kduune wla hoon,1
yaar main marna nahi chahta,0
gas chhula laagga hai ab,1
maian sab ka bojh hoon,1
aaj raat marna cahta hono,1
zeeher pi liyya hai,1
main marna chhati hon,1
chhhat se kuudne walla hoon,1
has has ke mar juannag,0
ab zidnagi acchhi lag raih hai,0
mar hi jaoon ga itnnni garmi mein,0
mujhe {t} mraa hai,1
yaar main marna chahta hoon,1
kaaaam boaht tha par ho gaya,0
zeher pi liay hai,1
moovie achhi lagi kal,0
pahnsi lgaa li hai,1
workout ke baad jim dkh raha hai,0
udaaaas feel kar raa hoon aaj,0
trraffic ne jaaan niakl di,0
mar jooon to sab samjah jayenge,1
ab sab khaatm karna hai,1
"ghhar walon se baat hi, sab khush",0
duniya se jaaana chata hon,1
zindagi ktaam karna chahta hooon,1
sab behtar hgoa merre bina,1
mushkiil wat hai par guzar jayega,0
aaj hi sab khatam kar longoa,1
jene ka dil kartta hai,0
khudkushhi ka socch raha hon,1
exma ne maar dla,0
ab jeene ka dil nai kartta,1
sab teek cal rahha hai,0
naay saal pe nai ummeedein,0
udaas fel kar rha hono aaj,0
nayya sal pe nai ummeedein,0
phai lgaa li hai,1
mvoei achhi laig kal,0
neend ki goiyan kha li bohat sarai,1
mraren ka waqt aa gaya hai,1
bre ho raa hooon aaj,0
man sab ka boh hoon,1
"brish ho rhi hai, chai ke liye best",0
zeer pi liyyya hai,1
"khudkushi ka soch raha hoon, seriously",1
ab sab kahtam karrna hai,1
eam ki tayari chal rahi hai,0
naya phone lya hai,0
rsults ki tnesoin hai,0
pappa ke jaane ke baaad main bhi khatam,1
dnuiya se jaana chhata hoon,1
"dosst se larai ho gyi, bura lag rahha hai",0
naa saal pe nayi ummeeddein,0
mujeh bas mar jannna hai,1
neend ki goliyan kha li bohhat saaari,1
aaj ka din thekee tha,0
ab man hamesha ke liyye ja rhaa hoon,1
mar hi jaoono ga itni garmi men,0
naaya pone liiya hai,0
bas thoda waqt aur phiir main ktam,1
bhok lagi hai yaaaar,0
zeher kharid lyiia aaj hi,1
assignment khatam kar loon phir dekhtte hain,0
cahi pi lo dhuk khatam,0
gloiyyan kha li hain maine,1
"match dekha raat ko, maaz ayaaa",0
theerapy se behtar feeel hoa hai,0
main apni kali kaaat raaha hoon,1
jeene ki himat nai rahi,1
muhje apin jaaan deni hai,1
jeeeene ka dil krata hai,0
honestly marrne ka waqt aa gaya hai,1
garmi ne mara dlaa aaj,0
"for real, exam ne maar dala",0
movie achi laggi kal,0
sab ko alviad keh raha hoon,1
has has ke mar jagna,0
taffic ne jaan nikal di,0
pata hai exam ne maar dala,0
"dost se laari ho gayi, burra lag raha hai",0
saalry aa gyi is mahne,0
maain apni kalai kaat rha hoon,1
kaaash neend na tootye kabhi,1
garrmi bhota hai aaj kal,0
sab ko alivda keh rha hono,1
puanni adaat chhor di,0
zindagi khatam karna chahta hon,1
khudkushi karna cahtta hoon,1
kabih aiias socha nahi,0
ab mujhhe jena naahi hai,1
mhje mara hai,1
dard meiin hi sukooon miilta hai,1
gas chlua laga hai ab,1
naya saala pe nayi ummmeedein,0
ab muje jena nai hai,1
khudkushi jaii baat nahi,0
phnsi laga li hai,1
mooie ahchi lagi kal,0
sab behtar hgoa mee bina,1
mvvie achhi laagi kal,0
bukkhhar hai kal se,0
muujhe appnni jaan deni hai,1
aaj hi sab kaatm kar loonga,1
jeen ka dil karta hai,0
mujhe apnni jaan deni hai,1
koi umeed nhhai rhai ab,1
sachi  sab ko salam main ja raha hoon,1
mar hi jaoon ga iti gari mien,0
aaj hi sab katam kar loonga,1
neend nahi aayi rat bhar,0
phanis lga li hai,1
chi pi lo dukkh khataam,0
zehher kharid lya aaj hi,1
aaj phir kuhd ko kata baitha hono,1
thooda takka hoon kaam se,0
zindgai khatam krna chahta hoon,1
"barish ho rahi hia, chai ke liye best",0
zindagi se tgan aa gaya hoon,1
sukoon naahi milta kahhni,1
gami boohta hai aaj kal,0
sab theek chal rah hai,0
net slollw hai aaj kal,0
ab sab khhatm karnna hai,1
chi pi lo duh khatam,0
gmri ne maar dala aaj,0
ab mujhe jeenna naahi hai,1
mjhe apni jan deni hai,1
duiya se jaaa chatha hoon,1
main maran chhahti hoon,1
alhamdulilah ab thheeek hoon,0
therapy se behtar fel httoa hai,0
bas thoda waqt aur phri main khatm,1
dsot mila bohat dno bad,0
aaj hi sab khattm kar loonga,1
khudkushi jaiiisi baat nahhi,0
aaj hi sab khhatma kar loonga,1
ab zindai achi lag rahi hai,0
mar joaon to sab saamjh jayyenge,1
"mjhe maaf kar dea sab ko, main ja raha hoon",1
itni thakan ke mar juun,0
blllade se kalai kat li hai,1
zindagi khaam krana chahta hoon,1
alhamdlillah ab theek hooon,0
traffc ne jaan nkial di,0
I swear results ki tension hai,0
ab main hamesha ke liiye ja raaah hoon,1
"dot se larai ho gayi, bura lag raha hai",0
buhhkr hai kal se,0
ab main hamesha ke lye ja rhhaa hoon,1
neeend ki goliyan kha li bohat saari,1
dost mila boohat dnio bad,0
marrne ka waqt aa gaaay hai,1
boe ho ke mar jaunngga,0
needn nahi ayi rat bhar,0
maaut nahi chahiiye mujhe,0
sab bhtar hoga merre bnia,1
 sab ko salam man ja raha hon,1
aaj raat marna chhta hon,1
andehrra hi andhear hai,1
I swear thodi si khansi hai bas,0
honestly itni thakan ke mar jaun,0
ghaar mein thdoi lrai ho gayi,0
ab zindaggi achhi lag rahhi hai,0
broe ho ke mar jauuna,0
pata hai sab theek chal raha hai,0
yaar zindagi khatam karna chahta hoon,1
koi ummde nahi rahi ab,1
exm ki tyari chhal rahi hai,0
honestly aaj raat marna chahta hoon,1
aaj pihr khud ko kaaat baitha hon,1
bhoook se mar jaugan,0
dad min hi sukoon mlita hai,1
ab mauat chuni hai maine,1
mar jon to sab samajh jaynge,1
mar jaoon to sab samajh jynge,1
sab bekkaar laagta hai ab,1
rassi chhtta se bandh di hai,1
aaj raat maarna chahta hon,1
bohat pareshan hon kaaam ki wajjah se,0
therapy se behtr feel hta hai,0
gai bohat hai aaj kal,0
khhudkushi ka soch raha hono,1
mujhe apni jana dein hai,1
kal cuuhhtti hai,0
bas thoda waaqt aur phir maain khatam,1
pehhle sochta tha ab nhaai,0
aaj raat mrna chahta hoon,1
alhamdullillah ab theek hoon,0
"mattch dekha raat ko, mzaa aaya",0
sab theek chal rhaa hai,0
main khd ko nuuqsan pahunchata hoon,1
has has ke mar jangag,0
ab jeene ka dil nai karta,1
crciket dekne ka pln hai,0
main mrnaa nahi chahta,0
manni sab ka bjh hoon,1
muat hi rahhat hai mee liye,1
jeeen ki himmat nahi rahi,1
ab main hamesha ke liye ja rhhaa hoon,1
chai pi lo duukh khataam,0
mujhe apni jaan denni hai,1
sab thek chal raa hai,0
exxam ki tyari chal rahhi hai,0
mian sab ka bojjh hon,1
faily ke saath dinner kyia,0
"dost se larrai ho gyai, brua lag raha hai",0
zeher pi lya hai,1
sab thk chal raha hai,0
"dost mila bohat dino baad, seriously",0
hmmat nahi har rahi bas thaka hoon,0
thodi si kahnis hai bas,0
balde se kalaai kata li hai,1
"naya drama shuru kiy,a story achi hai",0
"gahar walon se baat hui, sab kush",0
bore ho ke mar jauunnga,0
 sab ko slaam min ja raha hon,1
main mraa chahta hoon,1
 sab ko saalam maain ja rha hoon,1
mar jaoon to sab sammajh jayeeenge,1
rasi chhat se baaandh di hai,1
cricket dehkne ka plna hai,0
papa ke jne ke baad main bhi khatam,1
yaar ab jeene ka dil nahi karta,1
matu naih chahiye mujhe,0
bladed se kaalai kaat li hai,1
mvoie achih lgai kal,0
phaanis laaga li hai,1
aaj ka din thhekke tha,0
kash nennd na tootey kabhi,1
sab ko avida keh rha hooon,1
sir dard kar rhaa hai,0
alhadulillah ab theeek hooon,0
dost ke saath ghmone gaa tha,0
exam ki tayari cahhl raahi hai,0
rasi chhat se badh di hai,1
sachi khudkushi ka soch raha hoon,1
sir dard kar raha h,0
bhook se mar jauna,0
zehher pi liyia hai,1
koi umeed nahhi raaih ab,1
jeene ka dil kaa hai,0
ghdi dekh raha hoon bas waqt aa gaya,1
"mtch dekha raat ko, mzaa ayaa",0
boaht pareshn hoon kaam ki wajah se,0
"main sab ka bojh hoon, seriously",1
"ghhaar walon se baat huui, sab khush",0
neend ki goliyyn kha li bohat saaari,1
kabhi asiia soccha nahi,0
ab jenee ka dil nahi karat,1
bas todda waqt aur phir main khataam,1
kabhi aisa soha nahi,0
ghadi dekh raah hooon bas waqt aa gyaa,1
sab behtar hoag mere ban,1
maiin se ab kuch nhai hota,1
khudkushi jaii baat naih,0
chaai pi lo duh khtam,0
kaash nend na tootey kabhi,1
results ki tensin hai,0
blade se kaaai kaat li hai,1
"ghar waon se baat hiu, sab khush",0
chai pi lo dukh khaatm,0
"sab bekaar lagta hai ab, I am done",1
bhhook laig hai yaaar,0
ab mtau chuni hai miane,1
gas chua lga hai ab,1
maiin sab ka bojjh hon,1
"ghar mein thodi larai ho gayi, I am done",0
ab maut chuin hai mie,1
nya phne lia hai,0
mujhe {t} marna he,1
exaam ne mar dla,0
aaj hi sab khama kar longa,1
mar jaonno to sab samajh jayenge,1
sab behtar hooga mee bnia,1
zeeher kharid liyya aaj hi,1
aaj raaat manra chahhta hoon,1
khudkushi jisi baat nhi,0
sachi kal chutti hai,0
himmaat nahi har rahhi bas thaa hoon,0
"traffic ne jaan nikal di, I am done",0
main marna chahat hoono,1
results ki tensno hai,0
gari ne maaar dala aaj,0
alhaumdlillah ab theek hon,0
ab mian hamesha ke liye ja raa hoon,1
puraani aaat chhro di,0
sab theek cahal raaha hai,0
muje {t} maarna hai,1
mar jaaoon to sab samajh jayennge,1
papa ke jaane ke baaad mian bhi khatm,1
has has ke mar jaua,0
main mrarna chahti hoon,1
man khud ko nqsan pahunhata hoon,1
ab main hamesha ke liye ja rhaa hoon,1
koi umed naahi raih ab,1
"dosst se larai ho gai, bura lag raha hai",0
kam bhoat tha par ho gya,0
maain sab ka bojh hooon,1
boat parreshan hoon kaam ki wajjah se,0
"mujhe maaf kar dena sab ko, maiin ja raah hooon",1
kash neend na totey kbai,1
mjue bas mar jna hai,1
zeer pi liyya hai,1
 sab ko salam main ja raaha hoon,1
mujhe apin jaan deni hai,1
main apin kalai kaat rahha hooon,1
ksah nened na tootey kabhi,1
maut hi raaht hai mre lyie,1
akela fee kar raha hon aaj,0
aaj moodo ahha hai,0
kabhi aissa socah nahi,0
aaj hi sab khaatm kar loonga,1
garmi ne maaaar dala aaj,0
neeend ki goliyan kha li bohoat saari,1
mujhe {t} marnna hai,1
salary aa gai is mahine,0
jeene ka dil kaat hai,0
uddaas fel kar raha hoon aaj,0
"net slow hai aaj kal, not joking",0
"sab bekaar lagta hai ab, not joking",1
alhamudlillah ab thek hono,0
chhaat se kudne wala hon,1
duniiya se jaana chaha hoon,1
zeheer pi lyia hai,1
mar jaoon to sab saaajh jayenge,1
thoda taka hon kam se,0
sab theek chl raa hai,0
aaj mdoo achhha hai,0
maut hi raahat hai mere liiye,1
mat hi raaahat hai mere liye,1
mar jaon to sab smajh jaenge,1
thodi si khaansi hai bas,0
maiin khdu ko nuqsna pahunchata hoon,1
ab main hamesa ke liye ja raha hooon,1
"naya drama shuru kiya, story achi hai",0
kama bohat tha par ho gaaay,0
zeehher pi liya hai,1
kabi aisa scha naahi,0
sallary aa gayi is mhie,0
kal chhuit hai,0
main khud ko nqsan pahuncahta hon,1
dost mila bhat dio bada,0
zindagi khtam karna chatha hoon,1
"mujhe bas mar jana hai, seriously",1
ksah neend na tootey kabhi,1
mujhe ani jaaan deni hai,1
"mjeh maaf kar dna sab ko, main ja raha hoon",1
 sab ko salm main ja raha hoon,1
garmi bohat h aaj kal,0
pheel sochta tha ab nahi,0
sab behtar hoga mere biina,1
bohat paesan hoon kaam ki wajah se,0
nya phnoe liya hai,0
min marna chahhti hono,1
pata hai dost mila bohat dino baad,0
goliyan kha li hian maien,1
mjuhe bas mar jannna hai,1
khudkshi karna chhata hoon,1
thaka hooon par khush hoon,0
aaj hi sab khhattam kar loonga,1
bas tohda wqat aur phir main khatam,1
dard mein hi sukkon miilta hai,1
ghra mein thodi larai ho gayi,0
"for real, garmi bohat hai aaj kal",0
reesults ki tension hai,0
net slllw hai aaj kal,0
garmi boahht hai aaj kal,0
results ki tensiion hai,0
thaka hoon par khsh hooon,0
ab main hamesa ke liiye ja rahha hoon,1
exaam ne maar dlaa,0
exxam ne maar daaal,0
phhle sochta tha ab nahi,0
sukkooon nahi milta kahiin,1
pasni lga li hai,1
bade se kalli kaat li hai,1
dost ke saath ghoomen gya tha,0
has has ke mar juan,0
mujeh maara hai,1
kama bohhat tha par ho gaya,0
gas cua laa hai ab,1
sir drrd kar rha hai,0
main apni kalai kaaaat raha hono,1
iti thkan ke mar jan,0
main marrna naih chahta,0
zeher kharid liiya aaj hi,1
"mjuuhe maaf kar dena sab ko, main ja raha hono",1
akkla feel kar raha hon aaj,0
ghar mein tohdi larai ho gayi,0
trafifc ne jaaan nikal di,0
thoid si khani hai bas,0
aaj hi sab khaam kar looonga,1
khudkushi karna chahta hono,1
net sowl hai aaj kal,0
sukoon naih miilta kaahin,1
aaj hi sab khhatm kar loongga,1
goliyan kha li haaiin mine,1
bas thoda waaqt aur phir main khataam,1
mat nahi chahiye muje,0
sukooon naahi mlita kahin,1
moovie achhhi lgi kal,0
zindagi khatam kaarnna chahta hoon,1
phe socta tha ab nahi,0
sir dadr kar raaha hai,0
slary aa gyi is mahine,0
gloiyan kha li hain maaaine,1
gariiim bohat hai aaj kal,0
ab jeee ka dil nahhi kartta,1
muhje {t} maarna hai,1
eam ne maar dlaa,0
"dost se larai ho gaayi, brrua lag raha hai",0
mar jaoon to sab saajh jayeneg,1
rsi chhat se banh di hai,1
mvoie achih laagi kal,0
therrapy se behar feeel hota hai,0
aaj raaat marna chahtta hon,1
traffci ne jaan nikl di,0
zehre kharid liya aaj hi,1
phnnsi laag li hai,1
honestly ab sab khatam karna hai,1
rasi chhat se banndh di hai,1
zindagi kahtam karna chahta hoon,1
main apni kalai kaaat raaha hoon,1
"barish ho raahi hai, chai ke lyie best",0
sukno nahi milta khin,1
kama boaht tha par ho gaya,0
main sab ka bojh hono,1
"yaar dost se larai ho gayi, bura lag raha hai",0
matu nahi chahiye muje,0
sachi maut nahi chahiye mujhe,0
andddhera hi andhea hai,1
maut nahi cahhhiye mjuhe,0
mujhhe bas mar jaanna hai,1
bas thoa waqt aur phhir main khatam,1
"ghaar walon se baat hu,i sab khush",0
mujhe maa hai,1
sab bekra lata hai ab,1
ab sab ktham karna hai,1
"mujhe maaf kar dna sab ko, man ja raha hoon",1
"mujhe maaf kar dnea sab ko, main ja raha hon",1
nayyay phone liya hai,0
therapy se behttra feel hota hai,0
kabhi aisa soca nhhai,0
pehle sochta tha ab nahi,0
zeher khard lya aaj hi,1
faly ke saath diner kiya,0
bas thoda waqt aur phhir min khatam,1
chi pi lo dkuh khhatam,0
mujhhe maraan hai,1
gaarim ne maar daala aaj,0
kal chuitt hai,0
bhhhook se mar janga,0
ab mauut chuni hai maaine,1
maain se ab kuch nahi hoa,1
boore ho raha hono aaj,0
goilyan kha li hain maine,1
sir drad kar raha hai,0
zeehr pi liyya hai,1
traffci ne jan nikal di,0
"mach dekah raat ko, maza aaya",0
maut nhi chahhiyye mujhe,0
"andhera hi andhera hai, seriously",1
phansi laaaga li hai,1
crickket denke ka plan hai,0
khudkushi jaaisi baaat nahhi,0
has has ke mar janna,0
thoad thaaka hooon kaam se,0
maut hi rahat h mere liye,1
blaade se klai kata li hai,1
"mujhe maaf kar dena sab ko, maaiin ja raaha hoon",1
kaash neeend na tootey kabhi,1
neennd ki goliyan kha li bohat saaari,1
ab maiin hmesha ke liye ja raha hoon,1
zher khraid liay aaj hi,1
kaam boaht tha par ho gaaya,0
duniya se jaana chahta hoon,1
main se ab kcuh nahi htoa,1
neend ki goliyan kha li bhot saari,1
cricet dekhne ka paln hai,0
ab mut chnui hai maie,1
kahi aisa socha naahi,0
exam ne mar daa,0
alamdulilllah ab teek hoon,0
purani aadat chhr di,0
jeeeene ki himmat nahi rahi,1
sab behtra hoga mere biina,1
aaj phir khud ko kaat batha hono,1
workout ke baad jism dukkh rha hai,0
bore ho ke mar januga,0
golyan kha li hain maine,1
 sab ko saalm maiin ja raaha hoon,1
khudkushi ka scoh raa hooon,1
sukoon nahhi miat kahin,1
bde se kalai kaat li hai,1
dard mein hi sukooon milltta hai,1
thka hoon par kuush hoon,0
ab sab khataam karrna hai,1
blae se klai kaat li hai,1
 sab ko sallaam main ja raha hoon,1
mian mrana chahti hoon,1
main khd ko nuqsan pahunchata hono,1
maaain sab ka boh hoon,1
koi umeeed nahhi rahi ab,1
naaya phoen liya hai,0
aaj phhir kuhd ko kaat batiha hoon,1
thoi si khnais hai bas,0
doost ke saatth ghoomne gaya tha,0
aaj hi sab khhtam kar loonga,1
koi umeed naih rahhhi ab,1
garrmmi boaht hai aaj kal,0
main apnni kalai kaat raa hoon,1
khudkushi ka sooch raha hono,1
sab theek chal rhaaa hai,0
papa ke jane ke baad main bhi kahtam,1
"naya saal pe nayi ummeedein, for real",0
main maaarna chahti hoon,1
aaj raaat marna chahta hon,1
thaka hooon par khsuh hono,0
gas chhhula laga hai ab,1
family ke saaatth diinner kiya,0
mar hi joaon ga itni garmi mein,0
jene ki himmt nhi rahi,1
bas thdoa wqt aur phir main khaam,1
bore ho raah hono aaj,0
thhhodi si khansi hai bas,0
alhamdluillah ab theeek hoon,0
movie ahih laig kal,0
aaj modo acchha hai,0
mrrne ka waqt aa gya hai,1
ab mjjhe jeena nhai hai,1
aaj hi sab kaahtam kar looonga,1
main maaran chahta hoon,1
has has ke mar januna,0
khuudukshi karna chhahta hoon,1
main maran chaata hoon,1
ghadi dekh raha hono bas watq aa gaya,1
has has ke mar jauag,0
ab muhe jeea nhai hai,1
yaar mujhe bas mar jana hai,1
tehrapy se behttar fel hota hai,0
"naya drrama suhru kiya, story achhi hai",0
has has ke mar jauan,0
miaan apni kalai kaat raha hon,1
ab main hamesha ke liye ja rahha hoon,1
pata hai ab main hamesha ke liye ja raha hoon,1
aaj phir khhud ko kaat baitha hono,1
kuhkushi jisi baat nahi,0
exam ki tayari chla rahi hai,0
purani aadta chhor di,0
mar joon to sab samjh jayenge,1
main mara chahti hooon,1
chi pi lo dkh khatam,0
paapa ke jaane ke baad main bhi khattam,1
sab bekaar lattgga hai ab,1
aaj raat marna chaahta hoon,1
koi umeeeed nhi rahi ab,1
zehher khard liya aaj hi,1
anhera hi andera hai,1
"barish ho rhai hai, cai ke liye best",0
bhook laai hai yar,0
khud ko nqusna nahi pahunchaunga,0
crickket dekne ka plna hai,0
"mtch dekha rat ko, maza aaay",0
 sab ko salam mani ja rha hoon,1
famiily ke saath dinner kiiya,0
sab ko alvda keh rhaa hon,1
sab beakr lagta hai ab,1
rasi cat se bandh di hai,1
maiin mana chahta hooon,1
"dossst se larai ho gai, bura lag raha hai",0
khukuhi jaisi baat nai,0
"naya drama shuru kiya, story acchhi hai",0
akela feeel kar raa hoon aaj,0
kassh neeend na tooteey kabhi,1
puurani aadat chohr di,0
duuniya se jaana chahta hoon,1
sab behar hoga mere bina,1
faily ke saath dniner kyia,0
man maarna chhta hoon,1
sab bekkaar lagtta hai ab,1
ab muhje jeean nai hai,1
"ghr walon se bta hui, sab khush",0
"muje maaf kar dena sab ko, man ja rha hoon",1
pata hai naya saal pe nayi ummeedein,0
salary aa gyi is mhanie,0
 sab ko salam main ja rhaa hon,1
skuoon naih milta kahin,1
dosst ke saaht ghoomne gya tha,0
ghar mein thoodi larai ho gaayi,0
bre ho ke mar juanga,0
mjuhhe bas mar jaa hai,1
neend nahi ayi raat bhra,0
gloiyan kha li haain mainne,1
mrarne ka wqt aa gaa hai,1
mjhhe bas mar janna hai,1
neeend nahi aayi raaat bhra,0
aaj mood ahhac hai,0
grim boht hai aaj kal,0
sir daarrd kar raha hai,0
sukono nahi milta kaaahin,1
ab jeene ka dil naahi karat,1
kabhi aia soha nahi,0
nya saal pe nyi ummedein,0
sab theek chhaal rhaa hai,0
aaj mooood achha hai,0
mjuhhe apni jaan deeni hai,1
papa ke jaaen ke baad mian bhi khhatam,1
bas thoda wqt aur phir main khtaam,1
kal chitt hai,0
main kud ko nusan pahunchata hono,1
jeeen ki himmt naahi rahi,1
ghadi dehk raha hoon bas wat aa gaya,1
chaht se kudne wala hon,1
"for real, ab sab khatam karna hai",1
alhamdulillah ab tehk hoon,0
papa ke jaae ke baad main bhi khatam,1
bore ho ke mar jauunga,0
thdoi si khanssi hai bas,0
mushkil wqt hai par guzar jyega,0
doost ke saath ghoone gaya tha,0
neend nahi ayai raaat bhr,0
naay phone lyia hai,0
itni thkaan ke mar jaun,0
"mujjhe maaf kar dena sab ko, main ja raah hoon",1
mujhje bas mar jna hai,1
andnhera hi andhear hai,1
"bhook lagi hai yaar, not joking",0
blade se kali kat li hai,1
naya poeen liya hai,0
dniya se jaana cahtta hoon,1
khudksuhi ka sch raha hoon,1
kam bohat tha par ho gyaa,0
naya phonne liya hai,0
sukooon nhai mila kahin,1
hmimt nahi har rai bas thaka hoon,0
naya phoone liiya hai,0
main marnna nahi chaatha,0
phle sochta tha ab nahhi,0
ab zinddagi acchhi lag rahi hai,0
"barish ho rahi hai, cahi ke liye beest",0
balde se kalia kaat li hai,1
kabhhi aisa soocha nahhi,0
kuhd ko nuqsan nahi paunchauna,0
"mujhe maaaf kar dena sab ko, main ja rhaa hoon",1
goliyaan kha li han maine,1
need ki goliyan kha li bohat saari,1
net solw hai aaj kal,0
akea fel kar raha hono aaj,0
gas chhhula laaga hai ab,1
gami bohat hai aaj kal,0
phle sochta tha ab nhi,0
zindagi se tagn aa gaaya hon,1
chhat se kunne walla hoon,1
zindagi khatma kaarna chahta hoon,1
ab maut chuuni hai mainne,1
kash needn na tootey kahi,1
phnasi laaag li hai,1
mar hi jaoon ga itni gami meni,0
"mar jaoon to sab samajh jayenge, seriously",1
sab behatr hoga mere bnia,1
fammily ke saath dinner kiya,0
sab ko allviad keh raha hoon,1
koi umede nhi rahhi ab,1
sab bekaaar laata hai ab,1
ala feeel kar raha hoon aaj,0
kal chuhtti hai,0
sab bekaar lagtta hai ab,1
main marnna chahta hon,1
phnsi lgaa li hai,1
neend ki gloiyan kha li bohat sair,1
neend ki gloyan kha li bohat saai,1
bhhoko se mar jaunag,0
results ki tenion hai,0
kabi aisa scah nahi,0
dost ke saath goohmne gayya tha,0
mujhe apnni jaaan deni hai,1
mar jaoon to sab samahj jayenge,1
"match dkeha raat ko, maaz aaay",0
zeeher pi liay hai,1
iti thaan ke mar juan,0
sab beekar lata hai ab,1
dunia se jaana chahta hon,1
zindagi khatma karna chahta hooon,1
zindagi khaatm karna chahta hoono,1
ghra mein thodi lria ho gayi,0
alhhamdulilah ab theek hon,0
papa ke jaane ke baad main bhi khataam,1
duniyya se jaaana chahta hoon,1
reuslts ki tesiion hai,0
sab behtar hoga mere bian,1
therapy se betar feeel hota hai,0
mian manrra nahi chahta,0
bore ho ke mar jaunnga,0
exxma ne maar dalla,0
muat hi rahat hai mee liye,1
results ki tesnion hai,0
bhoat pareshan hoon kam ki wajah se,0
taffic ne jana nikal di,0
duniya se jana chahta hon,1
himmat nai har rahhi bas thaka hono,0
trafic ne jana nikal di,0
sab bekaar lagat hai ab,1
mje manra hai,1
"ghar walon se bata hui, sab kuhsh",0
main marna chahta hooon,1
jene ki himmat naahi rahi,1
ab mut chuni hai maien,1
sukoon nhi milta kin,1
kaam bat tha par ho gaay,0
zehr pi liaay hai,1
sab bekar laagat hai ab,1
alhamdlillah ab theek hon,0
"exam ki tayari chal rahi hai, I am done",0
famly ke saath dinner kia,0
ab mut chuni hai maie,1
blade se klaai kaat li hai,1
zindagi khatam karan chhta hooon,1
gas chla laa hai ab,1
ghai dekh raa hoon bas waqt aa gaya,1
brroe ho raha hooon aaj,0
bas thoa waqt aur phir man kahtam,1
I swear aaj phir khud ko kaat baitha hoon,1
slaary aa gayi is mahine,0
ab muat chuni hai mainne,1
ab jene ka dil nhi karat,1
bas thoad waqt aur phir main khatam,1
sab theek chla raaha hai,0
dard min hi sukooon milta hai,1
net swllo hai aaj kal,0
"mujhe maaf kar dea sab ko, mian ja raha hoon",1
kash neeennd na tootey kahi,1
zhere kharid lyia aaj hi,1
sab beekar laagta hai ab,1
exam ne maar daaal,0
zeehre kahrid liya aaj hi,1
zinadgi khatam karna chahta hon,1
himmat naih har rahi bas thka hoon,0
sir dard kar raahah hai,0
 sab ko saam main ja raah hooon,1
"match dekhha rata ko, maza aaaya",0
slaray aa gyi is mahine,0
ghaddi dekh rahha hoon bas waqt aa gya,1
net soloow hai aaj kal,0
ab jeen ka dil nahi karta,1
miian marna chahta hoon,1
pehhhe sochta tha ab nahi,0
"for real, ghadi dekh raha hoon bas waqt aa gaya",1
dosst mila boohat dnio baad,0
drad mein hi sukoon mlita hai,1
"mujhe maaaf kar dena sab ko, main ja raah hoon",1
puarnni aadat chhor di,0
nend nahi aai raat bhar,0
sir darrrd kar raah hai,0
goyan kha li hain maie,1
phnsi laaag li hai,1
min apni kalai kaat raha hon,1
aaj rat marna chahta hoon,1
nya sala pe nayi ummeedein,0
grami ne maar dlaa aaj,0
main sab ka bojjh hoooon,1
grmai ne mara dala aaj,0
alhadulillah ab theek hon,0
mian khud ko nuqsan pahunchata hon,1
bas thoda waqt aur pir maiin khatam,1
 sab ko saalm main ja raa hoon,1
nya saal pe nai ummeedein,0
chhat se kudne wlal hoon,1
aaj raat marna chaahta hooon,1
ghhadi dekh raha hoon bas waqt aa gaya,1
jeene ki hmmat naih raahi,1
zinndgi khatam karna chahta hoon,1
man marrna chahta hoon,1
khudkushi ka soc raah hoon,1
sab behtr hoga merre bina,1
drad mien hi sukoon milta hai,1
koi umeeeed nahi rahi ab,1
aaj phir khd ko kaat biatha hoon,1
mve achhi lgai kal,0
aekla fele kar raha hoon aaj,0
ghdai dekh rhaa hoon bas waqt aa gaya,1
akklea feel kar raha hooon aaj,0
ble se kali kaat li hai,1
tohdi si khansi hai bas,0
thoda thaaka hooon kaam se,0
aaj raat marna chahat hon,1
sab theek caal raa hai,0
net sloowo hai aaj kal,0
duniya se jaaa chahta hoon,1
zindaagi khatam karna cahta hoon,1
min manra naih chahta,0
main maarna chahat hoon,1
maain maran chahta hoon,1
ghadi dekh rhaha hoon bas wqt aa gaya,1
khudshi jaisi baat nahhi,0
neend nai ayi raat bhar,0
movie achhi lagai kal,0
results ki teesion hai,0
mushkil waaqt hai par guzar jyaega,0
maut hi raahat hai mre liye,1
has has ke mar jaugnna,0
mushkil waqt hai par guzar jyaegga,0
khhudkushhi jaisi bat nahi,0
"ghar walon se baaat hui, sab khhsh",0
mujhhe manrra hai,1
andhera hi ahnera hai,1
ab jeeene ka dil nahi krtaa,1
mian apni kalai kat raha hoon,1
khudkushi karna chaahta hoon,1
criicket dkehne ka paln hai,0
sab theek chhaal raha hai,0
"barish ho rahi hia, chaai ke liye best",0
sukoon naahi milta kahn,1
golyan kha li hian maien,1
dnuiya se jaana cahta hoon,1
exxam ne maa dala,0
sachi mujhe marna hai,1
khukdusih ka soch raha hooon,1
sab bkaar laagta hai ab,1
min mrana nahi chatha,0
dard meeiin hi sukoon milta hai,1
bas toda waqqt aur phir main khataam,1
jeene ka dil kaatra hai,0
main se ab kuuuch nahi hota,1
kam bohat tha par ho gayya,0
mushkl wqt hai par guzar jyaega,0
ab sab kahtam kana hai,1
mushkil wqt hai par guzaar jayea,0
aaj phir khud ko kaaat baaitha hoon,1
"naya drmaa shuru kiay, story achhi hai",0
gas chuula lgaa hai ab,1
peehle sochta tha ab nahhi,0
min khhud ko nuqsan pahunchata hoon,1
maiin maarna chahta hoon,1
rassi chhat se banddh di hai,1
"zeher kharid liya aaj hi, seriously",1
koi uemed nhi rai ab,1
gadi dekh raah hoon bas waqt aa gaya,1
maut hi rahat hai mre lie,1
akellla feel kar raha hoon aaj,0
has has ke mar jaunnnga,0
bhhook laggi hai yaar,0
pata hai bukhar hai kal se,0
boaht pareshan hoon kaam ki waajh se,0
ksh neeend na toootey kabhi,1
workout ke baad jissm dkh raha hai,0
rai chat se bandh di hai,1
mujhe appni jaan denni hai,1
maut hi rahat hai mree liye,1
kal chiu hai,0
ghadi dkh raha hoon bas wqat aa gaya,1
itni thkaan ke mar juaan,0
pata hai mujhe bas mar jana hai,1
cahi pi lo dukh khatam,0
ab man hamesha ke liiey ja raha hoon,1
"dost se larai ho gay, bra lag raha hai",0
zeher kharid lia aaj hi,1
dost ke saath ghoomen gayya tha,0
min se ab kuch nai hota,1
ab jeene ka dil naih kata,1
udaas fele kar raa hoon aaj,0
ab sab katham karna hai,1
gammi bohaat hai aaj kal,0
mar hi jaaoon ga itnni garmi mein,0
maarrnne ka waqt aa gaaya hai,1
himat nahi har rahi bas thhaka hoon,0
mujhhe ani jan deni hai,1
kbahi aisa socha nahi,0
zeeehre pi liya hai,1
aaj rat marna chatta hoon,1
zindagi se tag aa gaaya hon,1
gas chula laa hai ab,1
dost ke saath ghoomne gyyaa tha,0
ab main hamesha ke liye ja rhaa hon,1
ab zindaig achih lag rai hai,0
znidagi khatam karna chahta hoon,1
thaak hooon par khush hoon,0
phaasi lgaa li hai,1
criicet deknhe ka plan hai,0
duniyya se jaana chahta hon,1
mani se ab kuch nai hota,1
boer ho ke mar jauuga,0
mar hi jaoon ga iti garmi men,0
sab ko avlida keh rha hon,1
khudksuhi ka sch rhaa hoon,1
maiin apni kalai kaat rhaa hono,1
rassi chhat se bndha di hai,1
mrrne ka wqat aa gya hai,1
goliyan kha li hian maine,1
thka hoooon par khush hoon,0
neend ki golliyan kha li bohhat saari,1
gas culha laag hai ab,1
pata hai mujhe marna hai,1
neeend nahi aayi rata bhar,0
mar joon to sab samajh jayege,1
mujeh apni jaan dein hai,1
goliyan kha li hin mane,1
"math dekkha raat ko, maza ayaa",0
main mrana cahhti hoon,1
ahndera hi andera hai,1
movie achi lai kal,0
therpay se behtar feeel hota hai,0
mujjeh bas mar jana hai,1
ghhar mein thodi larrai ho gayi,0
alhamdulillah ab thek hono,0
maiin marnna chahta hoon,1
maut nhi chahiye mujhhe,0
"for real, dost mila bohat dino baad",0
alhamdluillah ab theek hon,0
has has ke mar jauugna,0
"ghar walon se baat huu, sab khush",0
itni thkan ke mar jaun,0
akela feel kar rha hono aaj,0
bre ho raaha hooon aaj,0
thoodi si khannsi hai bas,0
main marna chaha hono,1
therapy se behthar fel hota hai,0
inti thaakn ke mar jaun,0
kaabhi aisa socha nahi,0
thrapy se beehtar feel hota hai,0
ab sab khatam kaaarna hai,1
aaj raat mran chahta hoon,1
pehle sotta tha ab nahi,0
mar hi jaoon ga itni gari meni,0
mian marna chahti hoon,1
marrne ka wqat aa gaya hai,1
"traffic ne jaan nikal di, for real",0
salayr aa gayi is mahne,0
"barish ho rahi hai, chai ke lyie bet",0
"bariish ho rahi hai, chai ke liye best",0
alhadmulilah ab teek hoon,0
mushkil wat hai par guuzar jayeega,0
"mujhe maaf kar dean sab ko, mani ja raha hon",1
blaade se kalai kat li hai,1
mujjhe mran hai,1
"dost se larai ho gaii, burra lag raha hai",0
thherappy se behtar feel hota hai,0
ab mujhhe jeena nahi hai,1
znidagi se tag aa gaya hono,1
chai pi lo dukh khaatam,0
dunnyia se jaana chahta hoon,1
zeher pi liiiyya hai,1
jeenne ki hiimamt nahi rahi,1
khudkushi karrna chahta hono,1
borre ho ke mar jaaunga,0
ab zinagi acchhi lag raih hai,0
itni thhakan ke mar jauun,0
family ke saaht diner kiya,0
"main apni kalai kaat raha hoon, not joking",1
ab zndagi achhhi lag rahi hai,0
ab sab katam karn hai,1
sukoon nahi miltta kahin,1
 sab ko saalam main ja rahha hoon,1
ghadi dekh raha hon bas wat aa gya,1
has has ke mar jaag,0
ab znidagi achhi lag rahi hai,0
zeheer kharid liya aaj hi,1
exm ne maar dala,0
himmat nahi har rahi bas thkaa hoon,0
mushkil waqqt hai par guzar jayga,0
boeer ho raha hon aaj,0
"ghra walon se baat hui, sab khush",0
ab jeene ka dil nhe karta,1
mujhe apni jaaan dein hai,1
broe ho rahha hoon aaj,0
uasa feeel kar raha hoon aaj,0
bdae se kalai kat li hai,1
bohhat pareshan hoon kam ki wajh se,0
salarry aa gayi is mahine,0
zindagi se tag aa gayya hoon,1
"itni thakan ke mar jaun, not joking",0
bukkhra hai kal se,0
himmat nahhi har rahi bas thaaka hooon,0
"match deeekha raat ko, maaz aaya",0
"for real, sab bekaar lagta hai ab",1
thoda thkaa hoon kaaam se,0
sir daard kar rha hai,0
mat hi rahat hai mere lyie,1
ab zindagi achih lag rhi hai,0
sab theek chl raaha hai,0
therrapy se behtar fel hota hai,0
mushkil waaqt hai par guzar jayeag,0
mueh mara hai,1
kud ko nuan nahi pahunchaunga,0
bhoook lgaai hai yaar,0
sab ko alvida keh raah hon,1
"yaar naya drama shuru kiya, story achhi hai",0
need nai aayi raat bhar,0
zehhre khharid liya aaj hi,1
mushkil wtq hai par guzar jayega,0
ghar mein thodi laari ho gai,0
bllade se kallai kaat li hai,1
bhhook se mar jaanga,0
mar jaoon to sab samajh jayene,1
ab jeeene ka dil nahi karat,1
jeene ka dil karrrta hai,0
annndhera hi andhera hai,1
bore ho ke mar jannnga,0
ab maain hamesha ke liye ja rha hoon,1
aaj mood aca hai,0
assignment khtaam kar loon pir dekhte hin,0
kash neend na tootey khabi,1
net slwwwo hai aaj kal,0
akella feel kar rahha hoon aaj,0
min marna chahti hono,1
khbi aisa socha nahi,0
sab ko allvdia keh raha hoon,1
main se ab kuch nih hoa,1
workot ke bad jism dukh raha hai,0
main mrna nahi chahhta,0
thoda taak hoon kam se,0
kabhi aias sohca nahi,0
"mach dehka rat ko, maza aaya",0
"mujhe maf kar deena sab ko, main ja raah hoon",1
purani adaat chhor di,0
ab sab khaatm krrna hai,1
thhdodi si khansi hai bas,0
gas cual laga hai ab,1
cricket dehkne ka plan hai,0
aaj rat marna chahhhta hoon,1
"aaj phir khud ko kaat baitha hoon, not joking",1
main mana nahi chahta,0
thaka hoono par khuh hoon,0
zehheer pi liya hai,1
has has ke mar jaa,0
koi ummeed naahi rahhi ab,1
reesults ki tesnon hai,0
paapa ke jaane ke baad main bhi khatam,1
thaka hoon par khsuh hon,0
aaj hi sab khatam kar loooga,1
ab mujhe jeeena nahih hai,1
yaar jeene ka dil karta hai,0
dost ke sath ghoomne gyaa tha,0
rssults ki tensiion hai,0
koi umeed nahhi rai ab,1
zinagi se tang aa gyaa hoon,1
khhudkushi jaisi bat nahhi,0
alhamduliilah ab theek hono,0
"maatch dekha raat ko, maza aya",0
bas thoa waqt aur phir main khataam,1
sir drd kar rhhaa hai,0
pansi lga li hai,1
"match dekha raat ko, maza aayya",0
pehe socha tha ab nahi,0
mian marna chahta hoon,1
aekla fel kar raaha hoon aaj,0
man sab ka bojh hon,1
aaj phri khuud ko kat baitha hoon,1
phansis laag li hai,1
mian sab ka bojh hooon,1
rasssi chat se banddh di hai,1
kaam bhoat tha par ho gaaya,0
sachi khudkushi karna chahta hoon,1
borre ho ke mar jaugga,0
phasi laga li hai,1
traffci ne jaan nikaal di,0
ab sab khatma karna hai,1
muujhe ani jaan dnei hai,1
mujhe anpi jaan dni hai,1
boe ho rhaa hon aaj,0
akela fel kar raah hono aaj,0
workout ke bad jim duh raha hai,0
exam ki tayari calh raih hai,0
buuhakr hai kal se,0
saalary aa gyi is mahhine,0
zidagi khataam karna chahta hoon,1
I swear jeene ki himmat nahi rahi,1
prni aaat chhor di,0
duiya se jaana chahta hon,1
"mujhe maaaf kar dena sab ko, main ja rha hoon",1
bas tohda wat aur phir main khatam,1
"ghar wlno se baat huui, sab khush",0
bhoko se mar jnuga,0
bkkhar hai kal se,0
phanssi laaga li hai,1
dost mlia bhat dino baad,0
aaj phr khud ko kaat baitha hoon,1
traffic ne jaaan nal di,0
thda thaka hoooon kaam se,0
mani apni kalai kaat rhhaa hoon,1
neeend ki golyiyan kha li bohat saari,1
"match dekha raat ko, mzaa aaya",0
musuhkil waqt hai par guzar jaayega,0
ab jeene ka dil naahi krrta,1
aaj raat mana chhta hoon,1
neend ki goliyan kha li booaht saai,1
criccket dkehhne ka plan hai,0
"mattch dha raat ko, maza aaya",0
purani aaat chhoor di,0
"naya drama shuru kiya, story achhi hai",0
mujeeh {t} marnna hai,1
maarrnne ka waqt aa gaya hai,1
aekla feel kar rhaa hono aaj,0
net soolw hai aaj kal,0
aaj phir khud ko kata baittha hoon,1
kaabhi aiias socha nahi,0
thaka hon par khussh hoon,0
dard meni hi sukkoon mlita hai,1
chai pi lo duuuh khatam,0
aaj hi sab khhatam kar loonag,1
net sllolw hai aaj kal,0
yaar khudkushi jaisi baat nahi,0
nend ki golyian kha li bohat saari,1
ab zidnagi achhi lag rhi hai,0
bade se klai kaat li hai,1
eaxm ne mar dlaa,0
jeeene ki himmmat nahi rahi,1
uddaas feel kar rhaha hoon aaj,0
bohok lagi hai yar,0
maain mrana chahti hoon,1
"pehle sochta tha ab nahi, for real",0
"kash neend na tootey kabhi, for real",1
kaaam boaht tha par ho gaya,0
aaj phir khud ko kaat baaitha hoon,1
mar hi jaoon ga itni gaami meiin,0
exm ne mra dala,0
aaj raaat mana chahta hoon,1
paapa ke jaanne ke baad main bhi khtaam,1
khudkushhi ka sohc raha hoon,1
maut naih chahiye mujhe,0
chhat se kudne wala hon,1
trafic ne jaan nikaal di,0
akela feel kar raaha hoon aaj,0
gas chlla lga hai ab,1
khud ko nuuqsan nahi pahunchaunga,0
neend ki goliyan kha li booat saari,1
bldae se kalia kaat li hai,1
gaahid dekh raha hoon bas waqt aa gaya,1
therapy se behar feel hooat hai,0
"dost se lari ho gayii, bura lag raha hai",0
main apni kali kat raha hooon,1
mujhe api jan deeni hai,1
"khudkushi karna chahta hoon, for real",1
gas chlua lagga hai ab,1
thkaa hoon par khush hooon,0
dst mila boht dnio baad,0
bhoko lgai hai yaar,0
sir dard kar raa hai,0
thaka hon par kuhsh hoon,0
ab zindagi acchi lag rahi hai,0
jeenne ka dil kaa hai,0
 sab ko salam maan ja raha hon,1
alamdulillah ab theek hoon,0
mian se ab kch nahi hota,1
himmat nahin har rahi bas thaka hoon,0
suukoon naaih milta kahin,1
traffic ne jaan nkaal di,0
kam bat tha par ho gaya,0
aaj hi sab khaataam kar loonga,1
main apni kaali kaat raaah hoon,1
pata hai traffic ne jaan nikal di,0
traffc ne jaan nikal di,0
sab behtar hoa mere bina,1
"naya drama suhru kiya, stoy achhi hai",0
"mach dekkha raaat ko, maza aaya",0
exam ne maar dlla,0
bukhahr hai kal se,0
suoon nahi miltta kahin,1
dost mila boaht dno baad,0
aaj rat marrna chata hoon,1
family ke saath dinneer kyia,0
main marrna chata hoon,1
blade se kaaalia kaat li hai,1
bas thda waqt aur phir maain khaatm,1
muhje bas mar jaaan hai,1
dadr mein hi sukoon mlita hai,1
"naya drama shru kiya, story achhhi hai",0
mjhe appni jaan deeni hai,1
phanni lga li hai,1
grmmi ne maaar dala aaj,0
zeehr pi liay hai,1
dad men hi sukon milta hai,1
itin thakkan ke mar jan,0
 sab ko salma main ja rhaaa hoon,1
honestly aaj phir khud ko kaat baitha hoon,1
neend nahi aayi raat bahr,0
jeene ki himmat nhai riah,1
tahka hoon par khush hon,0
jene ka dil kaarta hai,0
zindagi khatam karna chahta hooon,1
kassh neend na tootey kaabhi,1
jenee ki himmat nahhi rahhi,1
khudkuhi jaisi bta nahi,0
main mrna chahti hoooon,1
koi umeed naahhi rahhi ab,1
bhook lgai hai yaaar,0
sab ko aivda keh raa hoon,1
chat se kudne waal hoon,1
aaj moood acahh hai,0
ab sab khatam kaanra hai,1
"for real, khud ko nuqsan nahi pahunchaunga",0
ab main hamesha ke lie ja rha hoon,1
aaj mddoo achha hai,0
family ke saatth dinner kiya,0
thoda tkhaaa hoon kaam se,0
duuiya se jaana chahta hoon,1
kam bhta tha par ho gaya,0
khudksuhi krna chahtta hoon,1
tehrapy se behtra fel hota hai,0
bhok lgai hai yaaar,0
purani aadat chohr di,0
mushkil waqt hai par guzar jayeag,0
mar jaoon to sab samaajh jayenge,1
kal chuui hai,0
drad min hi sukoon milta hai,1
zindagi khhatam krna chaha hoon,1
ciha pi lo dukh khtaam,0
bas tha waqt aur phir maiin khatam,1
zindai se tnag aa gaya hoon,1
boer ho raha hooon aaj,0
man sab ka bjoh hon,1
need ki goliyan kha li bohaat saari,1
maain apni kalai kaat raha hooon,1
min marna nhi chahta,0
paa ke jaane ke baad main bhi khtam,1
ghi dekh raha hoon bas wqat aa gaya,1
main marna nahi chhta,0
crciket dkehne ka paln hai,0
dosot ke saath ghoomne gaya tha,0
mujhhe apnni jaan deni hai,1
mat hi rahat hai meere lyie,1
therapy se bhetar feel hota hai,0
mina khud ko nqusan pahunchata hoon,1
bhoat parehan hoon kaam ki wajah se,0
aaj phir khud ko kaaat baittha hoon,1
bllade se kalia kata li hai,1
koi ummede nahi rahi ab,1
family ke saath dinner kyiia,0
main marna chhahat hoon,1
khudkushi jaisi bata nahi,0
goliyan kha li hin maie,1
main mara chhahti hon,1
sab bkaar laggta hai ab,1
sab bekaar lagta hai ab,1
itni thakn ke mar jaun,0
saaly aa gayi is mahine,0
moovie achih lagi kal,0
saalry aa gaiiy is mahine,0
mujhe apni jaan dnei hai,1
bhook laig hai yara,0
kal chuutit hai,0
duniya se jaana chahhta hoon,1
gahdi dekh raha hoon bas waqt aa gya,1
blaed se kalai kat li hai,1
maaain sab ka bojh hoon,1
zindagi se taang aa gaya hooon,1
gamri ne maaar daa aaj,0
sab behttar hooga merre bina,1
zindagi khaatam karna chahta hoon,1
alhhamdulillha ab theek hoon,0
duniay se jaaa chahat hoon,1
"bohat pareshan hoon kaam ki wajah se, seriously",0
maut hi rahat hai meere liye,1
"dost se larai ho gayi, brua lag raha hai",0
aaj raat marna chata hono,1
ppaa ke jaane ke baaad main bhi khatam,1
maaaut nahhi chahiye mujhe,0
ab jeene ka dil naih kara,1
"for real, maut hi rahat hai mere liye",1
koi umede nahi rahi ab,1
dost ke saht ghoomne gaaya tha,0
mhuje bas mar jana hai,1
naya phhnoe lya hai,0
ghadi dekh rha hooon bas waqt aa gaya,1
criket dekkhne ka pan hai,0
gahr men thodi larai ho gai,0
purani aaat chor di,0
mian khud ko nuqsan paunchta hoon,1
zeeer pi liya hai,1
sab ko alvdia keh raha hon,1
maut hi rhat hai meer liye,1
jene ki himta nahi rahi,1
results ki tennnsion hai,0
naya phnnoe lya hai,0
naay phhone lyia hai,0
sab thheek chla raah hai,0
boer ho rahha hon aaj,0
suokon nahi mila kahhin,1
mooovie achhi laggi kal,0
garmi bohhaat hai aaj kal,0
bhook lgai hai yar,0
sab behtar hoga mere bna,1
ghaar mein thodi larai ho gyi,0
purani aadat chhhr di,0
main ani kalai kata raha hoon,1
ab sab kaatm karna hai,1
akea feel kar raha hooon aaj,0
min sab ka boojh hoon,1
results ki tenino hai,0
ab sab khtaaam karna hai,1
khuddkushi jaisi baaat nahi,0
mushkil waqt hai par gur jayega,0
salary aa gayi is mahinne,0
 sab ko salam mian ja rha hon,1
main marnna chahta hoon,1
I swear aaj raat marna chahta hoon,1
traffic ne jana nkla di,0
aaj phir khd ko kata baaitha hoon,1
gas chuual laag hai ab,1
bhook se mar jauunnga,0
marren ka wtq aa gaya hai,1
aaj ka din thhke tha,0
aaj phir khdu ko kaat baitha hono,1
"ghr walon se baaat hui, sab khush",0
maiin sab ka bjjoh hoon,1
bre ho ke mar jaunga,0
ab maaut chuni hai mae,1
sir daard kar rahhha hai,0
zeher khhaird lyia aaj hi,1
sachi kash neend na tootey kabhi,1
main apni klaai kaaat raha hoon,1
khudksuhi karna chatha hoon,1
khudkushi ka sch rha hoon,1
muhe apnni jaan deni hai,1
sab behtar hoga mere biana,1
ab mujjhe jenea nhi hai,1
ab main hamesha ke lyiie ja raha hooon,1
movie achhi lagi kal,0
movie acihh lgi kal,0
"naya drama shhuru kiya, story achh hai",0
ab muujhe jeena nahhi hai,1
zeher kahrid lia aaj hi,1
has has ke mar janngga,0
"jeene ki himmat nahi rahi, not joking",1
aaj mood ahhca hai,0
jeene ki himmta nahi rahhi,1
dard mni hi sukoon miilta hai,1
bohat parreshan hoon kaam ki wajah se,0
salaary aa giay is mahine,0
koi umed nahi rahi ab,1
purain aadat chhhor di,0
dost ke saath ghoomne gayya tha,0
crcikket dekhne ka plan hai,0
exam ne mar dla,0
workuot ke baad jims duh raha hai,0
garrmi ne mraa dala aaj,0
purrani adat chhor di,0
has has ke mar jaanga,0
jeene ki himmat naih raih,1
main se ab kuuch nahi hoa,1
koi umede nai rhi ab,1
dard min hi sukooon mlta hai,1
kash neeend na totoey kaabhi,1
net sow hai aaj kal,0
sab behtar hoga meerre bina,1
ab sab katm karan hai,1
ab zniddagi achi lag rahi hai,0
mar hi jaoaon ga itni garmi mein,0
wokrout ke baad jism duukh raha hai,0
khudkushi jsia baat nahi,0
dot mila bhoat dino baad,0
maiin sab ka bojh hono,1
naya phone lyya hai,0
puarni aadaaat chhor di,0
kaaaam boht tha par ho gaya,0
dost ke saaht ghoomne gaay tha,0
dost ke saaht ghoomne gaya tha,0
results ki tension he,0
zeheer khard liya aaj hi,1
bhhook lai hai yar,0
chai pi lo dukhk khattam,0
marne ka wqqat aa gaya hai,1
thoi si khhansi hai bas,0
maut nahi chahiye mhue,0
dard mien hi sukon mlta hai,1
"ab mujhe jeena nahi hai, seriously",1
itin thaakaan ke mar jaun,0
"match dekah raat ko, maza aaaay",0
sukoon nahi milat kahhin,1
moviie ahhi lagi kal,0
bakr hai kal se,0
buukhra hai kal se,0
bukhra hai kal se,0
marre ka wqat aa gaaya hai,1
"naya dramma shuru kiya, story ahhi hai",0
chat se kude wala hooon,1
"match dkeha raat ko, maza aaya",0
jeeene ki hiimmat nahi raahi,1
"bore ho ke mar jaunga, I am done",0
mar joaon to sab saajh jayengge,1
sukoon nahhi milta kahiin,1
bohok laig hai yar,0
zher karid liya aaj hi,1
thoad tahka hoon kaam se,0
sab theek chhal rhaa hai,0
aaj phir khud ko kaat bitha hooon,1
duniyya se jaana chaahta hooon,1
ab mujhhe jeena naahi hai,1
"chhat se kudne wala hoon, for real",1
thaaka hono par khuhs hoon,0
aaj raat marnna cahta hoon,1
thhoid si khansi hai bas,0
movie aci lagi kal,0
workout ke bad jim dkh raha hai,0
anddhera hi andera hai,1
bohok se mar jauga,0
man se ab kuch nhi htoa,1
pele sochta tha ab nahhi,0
papa ke jaane ke baad main bhi khamt,1
sab theeek chal raha hai,0
"thodi si khansi hai bas, I am done",0
andhrera hi andehra hai,1
has has ke mar jauungga,0
main se ab kuch naih hooota,1
zeeher khaid liya aaj hi,1
ghar min thodi laarai ho gayi,0
min manra nahi chahta,0
rassi chhhat se bndh di hai,1
inti thaan ke mar jaun,0
kal chtutti hai,0
mujhe appin jaan dei hai,1
gaami ne maar daala aaj,0
mjheu marna hai,1
"match dkeha raat ko, maza aaa",0
bas thooda waqt aur phir main khatam,1
ab mujeh jeena nhai hai,1
"honestly dost se larai ho gayi, bura lag raha hai",0
main marna chaha hooon,1
bohok se mar jugna,0
dost mila boht dino baaad,0
sukoo nahi mita kahin,1
papa ke jaaen ke baad main bhi khatam,1
 sab ko saalam maiin ja raha hoon,1
blade se kallai kata li hai,1
khudkushi karna chahtta hooon,1
akkkela feel kar raha hoon aaj,0
udaas feel kar raha hono aaj,0
dost ke saatth ghomne gaay tha,0
naya phoe liya hai,0
moive achhi lai kal,0
thaka hon par khush hooon,0
pelhe soctha tha ab nahi,0
mujje bas mar jana hai,1
mian apni kalai kaat raha hoon,1
suukoon nahi milta kahiin,1
sab ko alvviida keh raha hoon,1
bas thoad waqt aur pir main khtaam,1
andhera hi anhera hai,1
aaj phri khud ko kata baitha hooon,1
ghdi dekh raa hoon bas waqt aa gaa,1
main khud ko nusan pahhunchata hono,1
aaj rat marrna chatha hoon,1
jeeene ka dil karat hai,0
bhoat pareshan hoon kaam ki wajaah se,0
mjujhe mana hai,1
main se ab kuh nahhi hoa,1
udassa feel kar raa hoon aaj,0
boore ho ke mar juunga,0
sab behtra hoga mre bina,1
dost ke saath gohomne gaya tha,0
aaj raat mara chahta hooon,1
sir drrd kar raa hai,0
zindagi khattam karna chahta hoon,1
muujhe {t} maran hai,1
mut hi rhaat hai meere liye,1
"dosst se laarai ho gayi, bura lag raa hai",0
bre ho rha hoon aaj,0
aaj phir khud ko kaat baitta hoon,1
dunia se janna chahta hoon,1
anhdera hi andheera hai,1
jene ki himat nahi rahi,1
zinadgi se tang aa gya hooon,1
rassi chht se bnadh di hai,1
chai pi lo duukh khatam,0
khdukushi ka sch raha hoon,1
ab main hmaesha ke liye ja raha hoon,1
himmaat nahi har rahi bas thaka hoon,0
rassi chhat se bandh di he,1
has has ke mar januga,0
mjuhe apni jaan denni hai,1
pelhe sochtta tha ab nai,0
mujhe {t} mraran hai,1
himmat nahih har rahi bas thaka hoon,0
ab jeene ka dil naai krata,1
 sab ko saalam main ja raha hooon,1
main mana chahta hoon,1
ab mujheh jeena nahi hai,1
naay poohne liya hai,0
has has ke mar janugag,0
"aaj ka din theek tha, for real",0
papa ke jaane ke baad min bhi khtaam,1
buuukhar hai kal se,0
kama bohaat tha par ho gaya,0
puarni aadat chhor di,0
main khud ko nuqan pahunchata hoon,1
exma ki tayari chhal rhi hai,0
gamrmi boohat hai aaj kal,0
neend ki goliyan kha li bohaat saaari,1
marrrne ka waaqt aa gaa hai,1
mar hi jaoon ga itnni garmmi mein,0
ini thaakna ke mar jaun,0
aaj mooood achhha hai,0
bhook se mar januga,0
"match dekha raat ko, maza aayaa",0
borre ho raha hoon aaj,0
"naya drama suur kiya, story achi hai",0
zindagi se tag aa gya hoon,1
khudkushi ka soch raha hoon,1
thodi si khansi he bas,0
sary aa gaayi is mahine,0
man mrna chahti hoon,1
cricet deken ka plan hai,0
"gahr walon se bat hui, sab khush",0
main anpi kalai kaat raaha hono,1
 sab ko salm man ja raha hooon,1
mujhje marna hai,1
traffic ne jaaan nikal di,0
akela fel kar raa hooon aaj,0
kash need na tooey kbahi,1
ghar mein thodi lari ho gayi,0
mni marna nhi chahta,0
exxam ki tayair chaal rahi hai,0
aaj moood ahcha hai,0
ghadi dehk rhaa hoon bas waqt aa gaya,1
bldaae se klai kaat li hai,1
 sab ko salam maain ja raaha hono,1
exam ki tayyari cahl raih hai,0
phele schta tha ab nahi,0
thhaka hon par khush hoon,0
pehle sochta tha ab naaiih,0
dard men hi sukoon milta hai,1
zidnagi se tagn aa gaya hoon,1
znidagi khatm karna chahta hoon,1
ab muat chuni hai maine,1
akela fele kar raha hoon aaj,0
puurani aadta chhor di,0
gas cuhla laa hai ab,1
chhat se kuen wala hooon,1
book se mar jaunnga,0
wokout ke baad jism duh rhaa hai,0
sachi thodi si khansi hai bas,0
bore ho raha hoono aaj,0
kahs neeend na tootey kabhi,1
maut naaahi chahyie mujhe,0
suuokon nai milta kahin,1
kaassh neend na tooety kabhi,1
ab sab khatm krana hai,1
main marna nhi chahta,0
"barish ho rahi hai, chia ke lie best",0
trraffic ne jaan nikal di,0
I swear main apni kalai kaat raha hoon,1
khudushi karna chahta hoon,1
workout ke baad jims dukh rhaa hai,0
moiiie achhi lagi kal,0
mian marna chatha hoon,1
neend ki gooliyan kha li boat saari,1
bore ho raa hoon aaj,0
ab mauut chunui hai maine,1
pata hai bore ho raha hoon aaj,0
ab jeene ka dil nai kara,1
udaas feel kar rahha hooon aaj,0
goliyyan kha li hain mane,1
ab zindadgi achih lag rahi hai,0
kaam bohhat tha par ho gaa,0
sallary aa gayi is mahinne,0
matu hi rahat hai mere liey,1
koi umeed naaih rahi ab,1
khudkuhsi ka socch raha hoon,1
zinagi se tang aa gya hoon,1
zindagi khatam karna chhta hon,1
mujhe apin jaaan deni hai,1
exaxm ki tayari chal rai hai,0
paa ke jaae ke baad main bhi khatam,1
main apni kalai kata rhha hoon,1
aaj phri khud ko kat baitha hooon,1
exam ne maaar daa,0
exaam ne maar dala,0
yaar mar jaoon to sab samajh jayenge,1
"exam ki tayari chal rahi hai, not joking",0
"mujhe maaf kar denna sab ko, mina ja raha hoon",1
sab bkear latga hai ab,1
nyaa saaal pe naiy ummeedein,0
"for real, aaj mood achha hai",0
main appni kalai kaat rahha hoon,1
ab mujjhe jean nahi hai,1
bhook lagia hai yaar,0
mar jaooon to sab saamjh jayenge,1
"dost se laria ho gayi, bura lag raha hai",0
trffic ne jaan nialk di,0
"naya drma shuru kiyya, sttory achhi hai",0
"gar waloon se baat hi, sab khush",0
cricket dekhnne ka plan hai,0
main manra chaahti hoon,1
bhoko lai hai yar,0
ghra mein thodi laaai ho gayi,0
sab behtar hoga mreee bina,1
maiin khdu ko nuqsan pahunchata hoon,1
main appni kalai kaat raha hono,1
mujeh bas mar jaaan hai,1
movie achih laggi kal,0
dunniya se jaana chhat hoon,1
alhamdulillah ab thk hooon,0
ab mujhe jna nahi hai,1
rassi chhaat se bandh di hai,1
"mujhe maaf kar dna sab ko, maiin ja raha hoon",1
nend ki goliayn kha li bohat saaari,1
bhook se mar jaugngga,0
man sab ka bohhj hoon,1
phaansi lgaa li hai,1
ab main hamseha ke liye ja rhha hoon,1
himmat nahi har rahi bas thhhaka hooon,0
"naa drama shuru kiya, story achhi hai",0
andhera hi anhaer hai,1
crikcet dekkhne ka pln hai,0
papa ke jaaane ke bad main bhi khatam,1
nend ki goliyan kha li bohta saai,1
jeene ki himamt naih rahi,1
sab theek cal raha hai,0
salaary aa gyi is mahiine,0
maiiin se ab kuch nahi hota,1
 sab ko saalm main ja raah hooon,1
bohok se mar januga,0
borre ho raha hoooon aaj,0
exxam ne maar daaala,0
muhe bas mar jnnaa hai,1
yaar naya saal pe nayi ummeedein,0
thoda tahka hono kaam se,0
mushkil waaqt hai par guzr jayegga,0
jene ka dil krata hai,0
boht pareshan hoon kaam ki wajah se,0
"barish ho rahi hi, chi ke liye best",0
ab zindaagi achhi lag raih hai,0
"barish ho rhai hia, chai ke lie best",0
garmi ne mar dlaaa aaj,0
neend ki goliyan kha li booht saari,1
reusltts ki tenison hai,0
muat nahi chahiye mujhe,0
khudkushi ka soch rha hono,1
"barrish ho rhi hi, chai ke liye best",0
mjhe apni jaaan deni hai,1
bas tohda waqt aur phr main khtaam,1
mian manra chaha hoon,1
ghaadi dekh raha hoon bas waqt aa gaya,1
mujhe {t} maar hai,1
kaash neend na totoey kabhi,1
fmily ke saath dinner kiiya,0
udaas feeeel kar raha hoon aaj,0
boook se mar jaaunga,0
sab theek chhhal raha hai,0
khhdkushi jaisi baat nahi,0
mushkil waqt hai par guzzar jaega,0
aaj raat marna chhhta hoon,1
ab zindai achih lag raih hai,0
trapy se behtar feel hota hai,0
ab maut chhuni hai miane,1
assignment khatam kar loon phr dekhte hain,0
ab matau chuni hai maine,1
dosst ke satah ghoomne gaay tha,0
rseuts ki tenson hai,0
ab maut chnui hai maie,1
has has ke mar jauunga,0
pata hai sab ko alvida keh raha hoon,1
neeed nahhi aayi raat bhar,0
aklea feel kar raha hoon aaj,0
purai aadat chhor di,0
blade se kali kata li hai,1
main marnna nahi chaahta,0
main manra nai chahta,0
aaj mdo achha hai,0
gamri bat hai aaj kal,0
dard meiin hi sukoon mila hai,1
mujhhhhe {t} marna hai,1
moive ahhi laig kal,0
khdkushi ka soch raa hoon,1
naaay phoe liya hai,0
papa ke jaen ke baad main bhi khataam,1
pappa ke jae ke baad main bhi khatam,1
 sab ko slaam man ja raha hooon,1
andheera hi adnhera hai,1
kabhi aisa socha nahhi,0
zindagi se tang aa gaya hono,1
himmmat naih har raahi bas thaka hoon,0
khud ko nusn nahi pahunchaunga,0
ab main hamseha ke liye ja raha hoon,1
"for real, duniya se jaana chahta hoon",1
movie achih lig kal,0
mujjhe {t} marna hai,1
dost ke saath gohomne gaa tha,0
doost mila bohat dino baad,0
"macth dekha raaat ko, maaz aaya",0
maiiin se ab kuch nahi hotta,1
ab mujhe jeean nah hai,1
mjuhe bas mar jaa hai,1
mar hi joon ga itin grmi mein,0
aaj raat marna cahtta hon,1
mian apni kaalai kata raha hoon,1
"ghar walon se bat hui, sab khush",0
skuoon naahi milta kaihn,1
ressuts ki tensioon hai,0
mauut hi rahat hai mee lie,1
bore ho ke mar jaauga,0
"mujhe maaf kar dena sab ko, maain ja raah hoon",1
maut nahhi chahiye mujeh,0
net sowo hai aaj kal,0
resultts ki tensino hai,0
gami boht hai aaj kal,0
koi umeeed nhia rahi ab,1
aaj mood acchhah hai,0
zeheer kharid lia aaj hi,1
"exam ne maar dala, seriously",0
ab mat chuuin hai maine,1
main apni kalai kaaat rahha hoon,1
"gar walon se baat hui, sab khussh",0
goliyan kha li han mianne,1
mjhe {t} marana hai,1
sab thheek chal rahah hai,0
ab sab khattam krana hai,1
 sab ko slam man ja raha hooon,1
anndhera hi andehar hai,1
ab zidndagi achhi lag rahhi hai,0
aaj phir khdu ko kaat baihta hoon,1
kal ctti hai,0
darrd mein hi sukoon mlita hai,1
aaj mood ahcha hai,0
"barih ho raih hai, chai ke liey best",0
khudkushi jaiisi bat nahi,0
alhamdulillah ab thek hoooon,0
purain adat chhor di,0
famiy ke saath dinnr kiya,0
mujhe apin jana dnei hai,1
pata hai main marna chahta hoon,1
pruanni aadat chhor di,0
duniya se jaana cahhta hoon,1
peehlle sochta tha ab nahi,0
aaj hi sab khatm kar logna,1
sir daddr kar raaha hai,0
ab jee ka dil nahi kara,1
maain mrana chathi hoon,1
itni thkan ke mar jan,0
rsasi chta se bandh di hai,1
mushkli wattq hai par guzar jayega,0
marrne ka waatq aa gaya hai,1
kabih aisa socha naahi,0
"for real, thoda thaka hoon kaam se",0
maiin se ab kch nahi hoota,1
bhook se mar janguua,0
"naya drama shru kiy, story achhi hai",0
sachi ab sab khatam karna hai,1
main se ab kuch nahhi hota,1
mut hi rahat hai meere liyye,1
"for real, ab main hamesha ke liye ja raha hoon",1
gliyan kha li hain miane,1
kabhi aia socah nahi,0
muhe maana hai,1
"mujhe maaaf kar dena sab ko, main ja raha hoon",1
aaj hi sab khatam kar looogna,1
alhamdulillah ab thheek hooon,0
khudksuhi ka soch rahha hoon,1
mar joaon to sab smaajh jaayenge,1
salrary aa gaayi is mahine,0
main se ab kuch naih hoa,1
kaam bhat tha par ho gyaa,0
koi uemde nahi rahi ab,1
duinya se jaaa chahta hoon,1
maain mana cahhta hoon,1
bohat pareshan hon kaam ki waah se,0
aaj ka din tee tha,0
famiy ke saath dinner kiya,0
nayya phone liyya hai,0
mujhhe marrna hai,1
cricket deknhe ka pln hai,0
phnnsi laga li hai,1
dad min hi suoon milta hai,1
andhera hi anhhera hai,1
alhamdullilah ab theek hooon,0
koi umeed naaih rahhi ab,1
"has has ke mar jaunga, for real",0
dost mila bohat dion baad,0
kaam boht tha par ho gaya,0
darrd mein hi sukooon milta hai,1
mujjhe apnni jaan dein hai,1
nend nahi aayi raat bhaar,0
mani apni kalai kaaat raha hoon,1
exam ki tayari chal rhai hai,0
wrkout ke bad jim dukh raha hai,0
assignment khatam kar looon phir dkehte hain,0
main sab ka boojh hon,1
main manna chahta hon,1
duiya se jaana cahta hoon,1
khuud ko nuqssan nahi pahnchaunga,0
exaam ne maaar dalla,0
thooid si khnsi hai bas,0
ghar men thhoddi larai ho gayi,0
aaj hi sab khtaam kar loonga,1
drd meiin hi suokon milta hai,1
khdkusih ka soch raha hoon,1
main marrrna chahta hooon,1
ab maut chiu hai maine,1
garmi ne mraa dalla aaj,0
sab beekaaar lagta hai ab,1
bukr hai kal se,0
blade se klaai ktaa li hai,1
zindagi khatam karna chahta hono,1
dard mien hi suokon miltta hai,1
main mrna nahi chaah,0
kash neend na tootey kbhhi,1
kaam bohta tha par ho gaya,0
sab tehk chal rha hai,0
khudkusshi jaaisi baat nahi,0
"match dekha raaat ko, mzaa aaaya",0
jeeene ka dil karta hai,0
mjhe apin jaan deeni hai,1
blaade se kaali kaat li hai,1
bor ho raah hoon aaj,0
naya sal pe naiy ummeedein,0
raassi chhat se bandh di hai,1
aaj phir khud ko kaaat baiitha hoon,1
naya saaal pe nayi ummeedeni,0
"naya drama shuru kiya, story ahchi hai",0
man apni kalai kata raha hooon,1
famiy ke saath dinner kya,0
chhhat se kudne wala hoon,1
jeene ki himmt naahi rahi,1
maut hi rahta hai meere liye,1
moie achhi lagi kal,0
bas thoda waqqqt aur phir maain khatam,1
"mujjhe mafa kar dena sab ko, main ja raha hooon",1
zindgi se tang aa gaay hoon,1
chat se kude wala hoon,1
main appni kalai kata raha hooon,1
zeeheer pi liya hai,1
kal chtttui hai,0
sab bekkar lagta hai ab,1
ab mat chunni hai maaine,1
bhook se mar jauunna,0
main se ab kuch nahi hoa,1
zinaddgi khatam karna chaha hoon,1
himmat naahi har rahi bas thaa hoon,0
has has ke mar jauuunga,0
ab maut chuni hai miae,1
assignment khatam kar looon phiir dekhte hain,0
ab min hamesha ke liye ja raha hon,1
"mujhe maaaf kar dena sab ko, manni ja raha hoon",1
hmmat nahhi har rahi bas thaka hoon,0
neend naahi ayi raat bahr,0
muhkil wqat hai par guzar jayega,0
itni thakan ke mar janu,0
ghar mein thodi larrai ho gayi,0
neend ki golian kha li bohoat saari,1
ghaadi deh raha hoon bas watq aa gaya,1
kaassh neend na totoey kabhi,1
man marna chathi hoon,1
muje apni jaan dein hai,1
kahbi aisa soah nahi,0
naaya sal pe nayi ummeedeein,0
pehle scota tha ab naih,0
"baarish ho rahi ha,i chai ke liye best",0
sab bekara lagat hai ab,1
aaj mood achhah hai,0
garmi bhhta hai aaj kal,0
gliyan kha li haan maine,1
zehre kharid lya aaj hi,1
thodi si khanis hai bas,0
sab ko alviad keh raaha hoon,1
bhook se mar jungga,0
assignment khatam kar loon phir dekhet hain,0
ab maut cnhiu hai maine,1
mshikl wqat hai par guzar jayega,0
bro ho raha hoon aaj,0
cahai pi lo dukh khatam,0
bas tda wqat aur phir main khatam,1
"mujhe marna hai, not joking",1
mjue bas mar jaan hai,1
sab teek chl raa hai,0
jenee ki himmat nahi rahi,1
koi umed naahi rai ab,1
kaaam bohat tha par ho gaaya,0
sir ddar kar raah hai,0
kal chhhuttti hai,0
duinya se jaana chahtta hoon,1
kal cuuti hai,0
zeher khhaid liiya aaj hi,1
goliyan kha li haiin maine,1
papa ke jaane ke baad main bhi khhatma,1
zinagi khatam kaarrna chahta hoon,1
aaj mood ahah hai,0
mue maarna hai,1
naya saal pe niay ummeeddein,0
pehlle soohcta tha ab nahi,0
ab main hammesha ke lye ja raha hooon,1
puraani aaddat chhor di,0
akeela feel kar raha hoon aaj,0
ghr min thodi lraai ho gayi,0
marrrne ka waqt aa gaaa hai,1
rsi chhaat se bandh di hai,1
dost mia both dino baad,0
duniyya se jaana chahta hooon,1
duniiay se jaana chhahta hoon,1
aaj phir khud ko kaat bitah hoon,1
muhskil waqt hai par guuzar jayega,0
"naya dramma shuru kyia, story achhi hai",0
ab mut chuni hai maaine,1
naya saal pe nayi umeeden,0
"barish ho raahi hai, chaai ke liye best",0
blade se kalaaai kaat li hai,1
ab sab khhtaaam karna hai,1
zeehr pi liaay hai,1
main ani kalai kat raha hoon,1
khuud ko nuqsan nhi pahunhcaunga,0
"match deha raat ko, maza aaaya",0
mhe apni jaan deni hai,1
main marna chahti hono,1
papa ke jane ke bad main bhi khatma,1
bohat paareshan hoon kaam ki wajah se,0
dost mlia boht dino baad,0
akeal feel kar raha hon aaj,0
aaj ka din thk tha,0
zindai khatam karna chatha hooon,1
chhat se kude waal hoon,1
results ki tennsino hai,0
inni thaakn ke mar jaun,0
ab sab khatam karna h,1
ghar mein thodi larai ho gaayi,0
khudkushi krna chhahta hoon,1
therapy se bhetar fel hota hai,0
aaj hi sab kahm kar loonga,1
main se ab kuch nai htoa,1
main mrna nahhi chahta,0
"duniya se jaana chahta hoon, I am done",1
taha hoon par khush hooon,0
sab bekkaar lagttta hai ab,1
sir daad kar raha hai,0
main marnna nhi chahta,0
ab muat chui hai mine,1
bhook lgaai hai yaar,0
andhrea hi andheera hai,1
ppa ke jane ke baad main bhi khatam,1
gami bohhat hai aaj kal,0
ab jeene ka dil naahi krta,1
main apni kalai kata raha hoon,1
aaj phr khud ko kaat baiitha hon,1
main sab ka bojjh hoono,1
marrne ka watq aa gya hai,1
aaj pihr kud ko kaat baitha hoon,1
duniya se jaana chaha hon,1
"naya drama shuru kiya, sttory achhi hai",0
kabhhi aisa socah nahi,0
rassi chhta se badh di hai,1
ab zindagi achih lag rai hai,0
bhhook lgai hai yaar,0
sab ko avliad keh raha hon,1
bas thoda waqt aur phir main khaatam,1
duniya se jaanna chahta hoon,1
boore ho ke mar jaunnga,0
muhjjje bas mar jana hai,1
muhej apni jan deni hai,1
duniya se jaaa chata hoon,1
koi umeed nhi rhi ab,1
sab beekaar laagta hai ab,1
thaka hoon par khush hoon,0
mian sab ka bojh hoooon,1
moei achhi laagi kal,0
ab jeeee ka dil nhai karta,1
"barish ho rai haii, chai ke liye best",0
gas cuula lga hai ab,1
thoad thaka hon kam se,0
tdhhi si khansi hai bas,0
chai pi lo duh katm,0
pata hai mujhe {t} marna hai,1
chhhat se kune wala hoon,1
therapy se bhtaar feel hota hai,0
results ki teison hai,0
sukoon nahi milta khin,1
duiya se jaana cahta hono,1
mujhhe apni jaan deni hai,1
bhook lagi h yaar,0
main se ab kuch nhai hota,1
I swear marrne ka waqt aa gaya hai,1
"mujhe maaaf kar dena sab ko, main ja raa hoon",1
assignment khatam kar loon phir dekhhte hain,0
exxam ne maara dala,0
has has ke mar jaunnnnga,0
mujeh bas mar jaanna hai,1
kaib aiisa socha nahi,0
traffic ne jaaan nkkal di,0
muje bas mar jaa hai,1
muujhe apni jan dei hai,1
himmat nhai har raih bas thaka hoon,0
boer ho rha hoon aaj,0
min sab ka bjoh hono,1
mujhe {t} marna h,1
kaaam bohhat tha par ho gaay,0
"mujhe maaf kar dena sab ko, main ja rha hono",1
sab behhtar hoa mere bia,1
movvvie achhi lagi kal,0
andhhera hi andera hai,1
uadaas feel kar raaha hoon aaj,0
exma ne mara daal,0
neeend nahi aayi rat bhr,0
jeeen ki himmat nahi rahhi,1
ab sab kaattam karna hai,1
aaj raaat maran chahta hoon,1
main sab ka bhoj hoon,1
mujhe {t} mnna hai,1
bohat pareshan hoon kam ki wajjah se,0
mujhe bas mar jaaaana hai,1
aaj ka din thek tha,0
mujjhe bas mar jaan hai,1
exma ki tayari cahl rahi hai,0
dad mein hi sukoon milta hai,1
chhat se kudde wala hoon,1
sab behaatr hoga mere bina,1
ab zinadgi achi lag rhi hai,0
aaj phir khud ko kaat baiha hoon,1
mar joaon to sab samajh jaayege,1
udasa feel kar raha hooon aaj,0
 sab ko saalm main ja raha hono,1
phhannsi laga li hai,1
aaj hi sab khaatam kar lona,1
ab main hamesah ke liye ja rhaa hoon,1
mar jaoon to sab smajh jaynge,1
saalay aa gyi is mahine,0
golyan kha li hian mane,1
nend nai aayi raat bhar,0
chai pi lo dukkkh khatam,0
mjjjhe {t} marna hai,1
muje {t} marnna hai,1
bas thoa waqt aur phhir main khaam,1
mushkil waqt hai par guzar jyaega,0
alamdulillah ab theke hoon,0
neend ki goliyan kha li bohaat saaai,1
maain marna nahi chahta,0
bas thoda waqt aur phir min khatam,1
akela feel kar raahha hoon aaj,0
sukoon nahai mitla kahin,1
boe ho raa hon aaj,0
zindagi katam kanra chahta hoon,1
phansi lggaa li hai,1
dnuiya se jaana chata hoon,1
khudkushi ka soch rah hoon,1
andhea hi anhdera hai,1
zindagi se tng aa gaaya hoon,1
zindgai se tang aa gaay hoon,1
sab ko alvdia keh raah hoon,1
ghadi dekh raha hoon bas watq aa gaya,1
khudkushi kara chata hoon,1
"naay draama shuru kiya, stoyr achhi hai",0
ab jeenne ka dil nahi kartta,1
"ghar walon se bata hui, sab khus",0
marre ka waqqt aa gya hai,1
neend naahi aaayyi raat bhar,0
zindagi se tag aa gaya hon,1
khudkushi kanra chahat hooon,1
koi udme nahi rahi ab,1
salary aa gyaai is mahnie,0
chai pi lo dkh khtam,0
"dst se larai ho gayi, bra lag raha hai",0
sab beara lagta hai ab,1
moovie ahhhi lagi kal,0
blade se kalia kat li hai,1
naa saal pe nyai ummedeein,0
pata hai bore ho ke mar jaunga,0
jeene ki himat nahi rahi,1
aaj hi sab khttam kar loonag,1
ab jeeen ka dil nahi kata,1
exaaam ki tayari cahl rahi hai,0
ab sab kahtaam kaarna hai,1
salary aa gay is mahine,0
mue {t} marnna hai,1
mian se ab kuch nih hota,1
kaam boaht tha par ho gya,0
mauut nahi chahyie mujhe,0
"ghar walon se baat hu, sab khush",0
gair bohat hai aaj kal,0
exaam ne mar daa,0
zheer pi liyya hai,1
I swear  sab ko salam main ja raha hoon,1
exam ki tayarri chal rhai hai,0
salary aa gayi is mhaie,0
mujhhhe {t} mrna hai,1
sir dad kar rahah hai,0
ab jeene ka dil nahi kra,1
assignment khatam kar loon phir dektthe hain,0
khudkushi krana chahta hon,1
boe ho ke mar jauuunga,0
duniya se jaana chhta hono,1
bhoko se mar jaungga,0
mar hi jaoon ga itni gami men,0
brooe ho ke mar jaugna,0
yaar sukoon nahi milta kahin,1
aaj mood acccha hai,0
aaj hi sab khatam kar loonaag,1
mujeh maarna hai,1
criccket dekhhne ka plan hai,0
thaka hooon par khush hon,0
purani aadt chhor di,0
khudkushi ka soch rhaa hooon,1
thoodi si khasni hai bas,0
ab mauut chuni hai maine,1
results ki tenisoon hai,0
marren ka waaqt aa gaya hai,1
"jeene ka dil karta hai, not joking",0
blade se kallai kat li hai,1
exam ki tayair chal rahi hai,0
khudkusshi karna chahta hooon,1
assignment khatma kar loon phiir dekhe hain,0
aaj raat maarna cahta hoon,1
sab beakar lgta hai ab,1
kaam bota tha par ho gaya,0
udaas feeel kar rhaa hon aaj,0
aaj phi khud ko kat baitha hoon,1
dniya se jaaana chahta hoon,1
"nya drama shuru kyia, story achi hai",0
min se ab kuh nahi hoa,1
gahr mein thodi laaai ho gayi,0
ab mauut chhuni hai maine,1
jeene ki hiimat nahi rhai,1
blaae se klai kaat li hai,1
main khud ko nqusn pahuncata hoon,1
gaarmi bohhat hai aaj kal,0
main se ab kch niah hota,1
thoda thka hoon kaaam se,0
aaj phir khhud ko kaat baihta hoon,1
main marna chahhti hon,1
sir drd kar raaha hai,0
mushkil wqat hai par guzar jayea,0
moe achi lagi kal,0
main sab ka bjoh hooon,1
kaash neend na tootey kabhhi,1
kal chtui hai,0
marrne ka waqqt aa gya hai,1
duniya se jaana chaha hoon,1
ghdia dekh raha hoon bas waqt aa gaa,1
khudkushi ka soohc raha hoon,1
I swear bhook lagi hai yaar,0
eam ki tyari chal rahhi hai,0
bohat pareshan hoon kama ki wajaaah se,0
"doost se laai ho gayi, buar lag raha hai",0
chai pi lo duukh khatm,0
kash nneed na tooety kabhi,1
mrarnre ka waqt aa gaya hai,1
main apnni kalai kaat rhaa hoon,1
"ghr walon se baaaat hui, sab khush",0
nyaa phone liay hai,0
ab sab katam karan hai,1
anheera hi andhera hai,1
zeheer pi lia hai,1
cricket deknhe ka plaan hai,0
"mujhe maf kar dena sab ko, mani ja raha hoon",1
blade se kaali kaat li hai,1
main marna chaahta hoon,1
mian sab ka booojh hoon,1
mar hi jaaoon ga itni grami mein,0
alhamdulillah ab tehek hooon,0
ab main hemsha ke liye ja raha hoon,1
maiin sab ka bjh hono,1
bukaarh hai kal se,0
"ab main hamesha ke liye ja raha hoon, seriously",1
thdi si khnis hai bas,0
"mjuhe maaf kar dean sab ko, main ja raha hoon",1
kaaaaam bohat tha par ho gaya,0
tdhoi si khani hai bas,0
maaain marna chahta hoon,1
koi umeede naih rahi ab,1
akela feeel kar rha hooon aaj,0
ab muat cuni hai maine,1
"mujhe maf kar dea sab ko, main ja rha hoon",1
phhansi laga li hai,1
resuullts ki tensioon hai,0
khudukshi karna chahta hoon,1
main apni kalai kaat raa hon,1
gas chhula laaag hai ab,1
"ghr walon se baat hui, sab khsh",0
udaaas feel kar raha hono aaj,0
mjuhe mranna hai,1
kabhi aiisa soohca nahi,0
dost mia boat dino baad,0
muushkil waqt hai par guzzaar jayega,0
sab behtar hoga merrre bina,1
workout ke bada jims dukh raaha hai,0
khudksuhi karnna chahta hon,1
ab jeeene ka dil nahhi karat,1
sir darr kar raha hai,0
"mujhe maaf kar dna sab ko, maain ja raaha hoon",1
"ab maut chuni hai maine, not joking",1
rassi chat se bandh di hai,1
drad mein hi sukooon mila hai,1
broe ho ke mar jauga,0
bhoko lagi hai yaar,0
pehhel sochta tha ab nahi,0
main khud ko nuqsn pahunchata hoon,1
min sab ka booojh hoon,1
kal chuttit hai,0
dost ke sath ghhoomne gya tha,0
duniya se jaana chahhtta hono,1
aaj raat mara chahta hon,1
jeene ki himmat nhe rahi,1
maut nahi chhiye mujhe,0
thdoi si kanis hai bas,0
jeeeen ka dil karta hai,0
resuts ki tnsion hai,0
jneee ka dil karta hai,0
zhhher pi liya hai,1
ksah neend na tootey kbhhi,1
trafffic ne jaana nikal di,0
mar hi jaooon ga itin garmi mien,0
therrappy se behtar feel hota hai,0
mani sab ka bojh hono,1
kash neend na toootey kbhi,1
puarni aaat chor di,0
bkuuar hai kal se,0
baed se kalai kat li hai,1
thda thaka hooon kaam se,0
sir daard kar raha hai,0
rsseults ki tensioon hai,0
has has ke mar juang,0
sab ko alviad keh raah hoon,1
family ke saath dinner kiay,0
grmi ne maar daa aaj,0
kaassh neend na tooey kabhi,1
ab muujhe jeean nahi hai,1
gas cuhla laagga hai ab,1
alhadmulllah ab theek hon,0
ab zidaig achhi lag rai hai,0
ab jeeene ka dil nahi kra,1
kud ko nuqasn nahi pahnchaunga,0
mujjhe {t} marnna hai,1
duniya se jaana chaahta hono,1
"mujhhe maaf kar dena sab ko, min ja raa hoon",1
neend ki goliyan kha li bohat saair,1
ab sab khataam kaa hai,1
neennd ki goliyan kha li bohat saai,1
"math dekhha raat ko, maza aaya",0
aaj phir khud ko kaat baitah hooon,1
maut hi raahaat hai mere liye,1
jeeene ka dil karrta hai,0
sukoon nahi milta khan,1
pahnsi lagga li hai,1
mar hi jaoon ga ini garmi miien,0
ab sab khattm karan hai,1
cricket dkkeehne ka plan hai,0
khuud ko nuqasn nahi pahucnhaunga,0
sir daard kar rah hai,0
maut hi rahhta hai mere liye,1
bas thda waqt aur phir main khatam,1
sachi salary aa gayi is mahine,0
ab mjhhe jeena nhai hai,1
workout ke baad jism dukh raha he,0
movei achhi lagi kal,0
sab beehtar hoga mere binna,1
ab muje jeena nahi hai,1
mjuhe apni jaan deni hai,1
"mujhe maaf kar dena sab ko, main ja rahhha hooon",1
"andhera hi andhera hai, I am done",1
koi umed nai rhi ab,1
bohk se mar jauga,0
sukon nahi mita kahin,1
"zindagi khatam karna chahta hoon, for real",1
thhodi si khnasi hai bas,0
aaj modo ahhha hai,0
salaray aa gayi is mahien,0
"salary aa gayi is mahine, not joking",0
jeee ki himmat nai raih,1
akea fel kar raha hon aaj,0
aaj hi sab khataam kar loonga,1
aaj phiir khud ko kaat baiha hooon,1
jeene ki himmat nahi rih,1
assignment khaatm kar loon phri dehkte hain,0
aaj mooood acchha hai,0
ab jeenne ka dil nhi krta,1
main marrna chahta hon,1
mar jaoon to sab saajmh jayenge,1
mar jaoon to sab samajh jayyenge,1
borer ho ke mar jaunga,0
sab behtr hogga mree bina,1
duniya se jaana chahta hooon,1
"ghar waaon se baat hui, sab khhush",0
paaap ke jaane ke baad maiin bhi khatam,1
bas thoda waaqt aur phir main khatam,1
brooe ho ke mar jauunga,0
dost ke saah ghoomne gyaaa tha,0
maut nahin chahiye mujhe,0
bhhook lai hai yaar,0
zeher kharid laiy aaj hi,1
ab main haamesha ke liye ja raha hono,1
cickeet dekhe ka plan hai,0
"zindagi khatam karna chahta hoon, not joking",1
kabhi aisa scha nahi,0
dots mila bohat dino baada,0
phnnsi laaga li hai,1
mani mrana nhi chahta,0
dost ke satah ghoomen gaa tha,0
jeee ka dil karat hai,0
main sab ka bojoh hoon,1
peehle sochta tha ab nhai,0
blde se klaai kat li hai,1
neend nhai ayi raat bhaar,0
papa ke jaanne ke baad manni bhi khatam,1
"naay drama shuu kiyaa, story achhi hai",0
bhoko se mar juaga,0
thooa thaka hoon kaam se,0
khudushi ka soch raha hoon,1
zeer khaird liya aaj hi,1
bht pareshan hon kaam ki wajah se,0
drad men hi suoon milta hai,1
yaar bohat pareshan hoon kaam ki wajah se,0
mian sab ka boh hono,1
kal chtuti hai,0
boohat pareshan hoon kaam ki wajah se,0
aaj hi sab khtaam kar longa,1
thoid si khni hai bas,0
zehr kharid lia aaj hi,1
ab jene ka dil nai kartta,1
thka hoon par khuhs hoon,0
ab sab kamt karna hai,1
zehher pi liay hai,1
ziindagi se tang aa gaa hoon,1
koi umeed nhi raai ab,1
ab muat chuuni hai maine,1
aaj hi sab khmata kar loonga,1
ab sab khattm karna hai,1
rasssi chht se bandh di hai,1
"for real, itni thakan ke mar jaun",0
dost ke sath ghomne gaa tha,0
jeee ki hmimat nahi rahi,1
workout ke baad jim duukkh raha hai,0
rassi chaht se banndh di hai,1
ab mian hamesha ke liyye ja raha hoon,1
himmat nai har rahi bas thaka hoon,0
kabhi asa soca nahi,0
dunya se jaaana chatha hoon,1
"for real, blade se kalai kaat li hai",1
aaj phir khud ko kaat baihtha hoon,1
drad mein hi sukoon mitla hai,1
maiin sab ka bjoh hoon,1
bukkhar hai kal se,0
jeene ki hmimat niah rahi,1
traffic ne jaana nikal di,0
zeeeher pi liiya hai,1
sab ko alvidda keh raah hoon,1
yaar movie achhi lagi kal,0
"dots se larai ho gay, bura lag raah hai",0
eaxam ne mar dala,0
"bariish ho rahhi hai, chai ke liye best",0
"assignment khatam kar loon phir dekhte hain, seriously",0
main marrna cahti hoon,1
mian sab ka boojh hooon,1
ab maaut chuni hai maaine,1
net slllow hai aaj kal,0
khudkushi jaisi bat nai,0
movvie achhi laig kal,0
sab ko alvdda keh raha hon,1
balde se kalai kat li hai,1
kama bhat tha par ho gaya,0
thoda thaka hon kaaam se,0
moviie achhi laggi kal,0
zindagi khatam kaarna chhata hooon,1
chhhhat se kudne wlaa hoon,1
net slowo hai aaj kal,0
koi umeeed naih rahi ab,1
sab ko alvia keh rha hoon,1
khudkushi ka sch raaha hon,1
golliyan kha li hain maine,1
dniya se jaa chahta hoon,1
aaj ka din thheeke tha,0
paap ke jaane ke baad maiiin bhi khatam,1
dard min hi suoon milta hai,1
kassh neend na tootey kbhi,1
"for real, kal chutti hai",0
papa ke jaen ke baad main bhi khatam,1
crickt dekhne ka pan hai,0
"dost se larai ho gayi, bura lag rha hai",0
"mujhe maaf kar dena sab ko, man ja raaah hoon",1
kahs ned na tootey kabhi,1
zehher pi lyia hai,1
results ki teion hai,0
naaya pohne lya hai,0
kash nend na tootey kaabhi,1
"naya drmaa shuru kiya, story achhi hai",0
nyaa saaal pe naayi ummeedein,0
man sab ka bojh hooon,1
mjuhe apnni jaan dni hai,1
I swear traffic ne jaan nikal di,0
"match dekha rat ko, maza aaaya",0
famiyl ke satah dinnner kiya,0
daard meein hi sukoon milta hai,1
aaj hi sab kahtam kar longa,1
mut nhai chaahiye mujhe,0
trfafic ne jaan nikaal di,0
bkuuhaar hai kal se,0
sab ko allvda keh rahha hoon,1
marnne ka waqt aa gya hai,1
aaj phir kud ko kaat baitha hoon,1
ghar meiin thoodi larai ho gayi,0
ab jeene ka dil nahhi kaarta,1
ghaar min thodi larai ho gayi,0
jeene ka dil kata hai,0
muat nai chahiye mujhe,0
khdukushi jasi baat nahi,0
sab ko alivda keh raha hono,1
"dost se lraai ho gayyi, bura lag raha hai",0
mujhe apni jaan deni he,1
sukooon nahi milta khain,1
zeeher pi lia hai,1
maiin se ab kcuh naahi hota,1
honestly aaj hi sab khatam kar loonga,1
muushkil waqt hai par guzaar jaeyga,0
ab mut chni hai maine,1
ghadi dekh raha hooon bas waqt aa gaya,1
bohaaat pareshhan hoon kaam ki wajah se,0
"mtach dekha raat ko, maza aaya",0
khkushhi ka soch raha hoon,1
sab behtar hoag mere bnia,1
aaj raat maaran chahta hono,1
main manra nhi chahta,0
khudkushi kana chahhta hoon,1
"mar hi jaoon ga itni garmi mein, for real",0
papa ke janne ke bad main bhi khatam,1
mhue {t} mrana hai,1
"mujhe mafa kar denna sab ko, main ja raha hoon",1
aaj raat marna cahat hooon,1
ab sab khataam kran hai,1
man apni kalai kat raaha hoon,1
kash nedn na totey kabhi,1
mar jaoon to sab saamjh jaeyngge,1
kudkushi ka soch raha hoon,1
"doost se lari ho gayi, bua lag raha hai",0
honestly therapy se behtar feel hota hai,0
kahs needn na toootey kabhi,1
suokon nahi mitla kahin,1
"dot se larai ho gyai, bura lag raaha hai",0
sab theeek chal raah hai,0
kal chhuitt hai,0
mujhe anpi jaaan deni hai,1
alahmdulillah ab theek hon,0
gas cuuha laga hai ab,1
ab sab khtam kana hai,1
main marrna chahti hon,1
mhe bas mar jana hai,1
udaas feel kar raa hono aaj,0
sab bekara laagta hai ab,1
mshkil waqt hai par guzaar jayega,0
main khud ko nuqqsan pahunnchata hooon,1
koi umeed nih rahi ab,1
sab thek chhal rahha hai,0
kbahi aissa socha nahi,0
udaas feel kar rhaa hooon aaj,0
jeene ka dil kaarta hai,0
bas tohhda waqqt aur phir main khatam,1
"barish ho rahi haii, cai ke liye best",0
maiin marnna chahti hoon,1
ab maut cuni hai miine,1
pani lga li hai,1
udaaas fele kar raha hoon aaj,0
aaj moodo ahcha hai,0
mushkil waqt hai par guzar jaga,0
udadas feel kar raha hon aaj,0
duiya se jaana cahta hooon,1
asignmnet khatam kar looon phir dekhte hain,0
zeehr pi lay hai,1
khudksuhhi ka soch raha hoon,1
aaj raat marrna chaata hoon,1
assignment khatm kar loon phir dekhte haain,0
mar jao to sab samajh jayenge,1
ghhar mein thodi larai ho gayi,0
marrn ka waqt aa gaaya hai,1
neend nai aayi raat bhr,0
ab jene ka dil nahhi karta,1
taffic ne jaan nikaal di,0
aklea feel kar raha hono aaj,0
koi umede naih rhi ab,1
"dost se lrai ho gayi, bura lag rhaa hai",0
salary aa gyai is maahine,0
maut nai chahiye mhuje,0
ab muhje jeena naih hai,1
dost mila bohta dno baad,0
mrarne ka watq aa gaya hai,1
thodi si knsi hai bas,0
bok se mar jaungga,0
main marna cahti hooon,1
aaj hi sab khaatam kar looga,1
net slwo hai aaj kal,0
"muhe maaf kar dena sab ko, man ja raha hoon",1
aaj ka din thheeeek tha,0
gahr mein thodi laari ho gaayi,0
jenee ki himmmat nai rahi,1
aaj phri khud ko kat baitha hoon,1
bas thoda watq aur phir main khaatm,1
ab matu chuni hai miae,1
naa saal pe nai ummeedein,0
therapy se bethar fel hota hai,0
"dot se larai ho gayi, bura lag rah hai",0
assignment khatam kar loon pir dekhte hain,0
 sab ko slaam man ja raa hoon,1
himmaat naahi har rahi bas thaka hoon,0
thhoda tahka hoon kaam se,0
bas thoda wat aur pihr mian khatam,1
phannsi lga li hai,1
purrani aadat chhhor di,0
khudkushi jaissi bata naahi,0
chht se kduen wala hoon,1
workout ke bad jsim dukh rahha hai,0
aaj mood accchha hai,0
himmta nahi har raaahi bas thaka hoon,0
blade se kaai kat li hai,1
maain marrna chahti hoon,1
bas thoda waqqt aur phiir main khatm,1
sab ko alivida keh raha hooon,1
 sab ko salam mian ja raha hooon,1
I swear ab sab khatam karna hai,1
"dost se larraai ho gayi, buar lag raha hai",0
aaj phir khdu ko kaat baitha hoon,1
workot ke baad jism dukh raaha hai,0
"mujhe maaf kar dena sab ko, main ja rah hoon",1
eaxm ne maaaar dala,0
aaj hi sab khtaam kar looggna,1
bhhook se mar juanga,0
ab zndagi achhi lag rhi hai,0
chaai pi lo dukkh khatam,0
famiily ke saath dinenr kiya,0
aaj phir khud ko kat baita hon,1
kal chuhti hai,0
ab mat chuni hai mainne,1
main se ab kuch nahhi hoota,1
sab ko alvia keh rahha hoon,1
ab mani hamesha ke liyye ja raha hoon,1
koi umeed naahi rahi ab,1
mar joaon to sab samajh jayege,1
maut hi raaaat hai mere liye,1
sab ko alvia keh raha hono,1
therapy se behttar feel hta hai,0
sab ko avlida keh raha hon,1
exxam ki tayair chal rahi hai,0
maiin marran nahi chahta,0
sab thhek chal raha hai,0
bhhok lai hai yaar,0
dost milla bhat dino baad,0
kash ned na totey kabhi,1
maut nahi cahihye mujhe,0
khudkkusi kaarna chahta hoon,1
"match dkeha raat ko, mzaa aaya",0
thhddoi si khansi hai bas,0
miin sab ka bojh hoon,1
thodi si khanssi hai bas,0
zindagi katam karna chahta hooon,1
dots mia bhoat dino baad,0
muje {t} manna hai,1
aaj mood achhha hai,0
"naya dramma shuru kiya, story achhi hai",0
chai pi lo dkuh khatam,0
duinya se jaana chahta hon,1
main maarna chahta hon,1
ghahdi dekh raha hoon bas waaqt aa gaya,1
worrkout ke baad jism duh raha hai,0
kassh need na tootey kbahi,1
ab maut chi hai maine,1
"for real, kaam bohat tha par ho gaya",0
movvi achhi lagi kal,0
main khud ko nuqsn paunchata hooon,1
mujhe apni jaan dei hai,1
"blade se kalai kaat li hai, seriously",1
phasni lga li hai,1
dsot ke saaht ghoomne gaya tha,0
zindagi khhatam karrna chhta hoon,1
book lgai hai yaar,0
main mrana chhait hoon,1
ab sab khaatam kanra hai,1
zindagi se taang aa gaya hoon,1
thaa hoon par khush hoon,0
 sab ko salam mina ja raha hono,1
mar jaoon to sab samajh jeaynnge,1
"garh walon se bat hui, sab khush",0
aaj hi sab kahtam kar loogna,1
ab mut chunni hai mine,1
ab muje jena nahi hai,1
"braish ho rahi hai, chai ke liey bset",0
pehlle sohcta tha ab naih,0
bhhook se mar jungga,0
marrne ka wqat aa gayya hai,1
bre ho rhaa hooon aaj,0
aaj hi sab khatam kar looonga,1
bhook laggi hai yara,0
sab ko alviia keh rha hoon,1
"match deekhha raat ko, maza aaya",0
ghid dkh raha hoon bas waqt aa gaya,1
akla feel kar raah hoon aaj,0
bre ho ke mar jaaaunga,0
"ab mujhe jeena nahi hai, not joking",1
pnhsi laga li hai,1
bohok laggi hai yaar,0
mjue bas mar jana hai,1
sab behtaar hogga mere bian,1
ab mjjhe jeena nahi hai,1
mujjhe mrna hai,1
"naya drrama shuru kiya, stroy achhi hai",0
"mujhe bas mar jana hai, for real",1
boore ho rha hooon aaj,0
dard mein hi sukkoon milta hai,1
exxam ki tayyari chaal rahi hai,0
aaj hi sab khataam kar loonnga,1
darrd mein hi suoon milta hai,1
khudkushi ka socch rha hon,1
reesults ki tensinno hai,0
"mujhe maaf kar dena sab ko, main ja rha hoon",1
"dost se larai ho gyai, burra lag raaha hai",0
"naya dramma shuu kiya, stroy achhi hai",0
maiin marnna cahhta hoon,1
duiya se jaana chahta hoon,1
kal chhtuit hai,0
gas chlua laa hai ab,1
muhje {t} marnna hai,1
aaj hi sab khatam kar lonoga,1
uddaas fele kar raha hon aaj,0
aaj mod ahchha hai,0
kassh neend na tootey kabih,1
gas chual laga hai ab,1
main mna chahta hoon,1
move achi lgi kal,0
has has ke mar jnnaga,0
sukoon nahi milta kaihn,1
"goliyan kha li hain maine, not joking",1
pruani aadat chhhor di,0
sir dad kar raa hai,0
boat parreshan hooon kaam ki wajah se,0
min marna chahti hon,1
therapy se behtar feel hat hai,0
khdukushi jasii bat nahi,0
toda thaka hon kaam se,0
marrne ka waatq aa gya hai,1
gliyan kha li hanni maine,1
andhrea hi anhdera hai,1
garri ne maar dala aaj,0
man sab ka bojjh hooon,1
mani mara chaahta hoon,1
nya saaal pe nayi ummeeedein,0
workoout ke baaad jism dukh raha hai,0
gooliyaan kha li hain maine,1
aaj mdo ahha hai,0
bas thoda wqt aur pir min khatam,1
mar hi jaoon ga ini garmi meni,0
mjjhe manra hai,1
man se ab kuuuch nahi hota,1
chi pi lo dkuh khatam,0
dard mein hi sukoon miilta hai,1
 sab ko saam mian ja raha hooon,1
maut nhahi chahiye mujhe,0
bhoat pareshan hoon kaaam ki waajh se,0
has has ke mar juaa,0
dadr mein hi skuoon mila hai,1
khd ko nuqsn nai pahunchaunga,0
kbahi aias scha nahi,0
koi umed naih rai ab,1
sab beaar lagta hai ab,1
koi uemde nhai rahi ab,1
purain aadaat chhor di,0
mujjhe ani jaan deni hai,1
assignment khattam kar loon pir dekhte hain,0
main se ab kuch naih hota,1
khudkushi jaisi bat naahi,0
zindagi khaam karna chahta hoon,1
purannni aadat chhr di,0
muhjhe bas mar jna hai,1
kassh neend na tootey kabhi,1
sab bekkaar lgat hai ab,1
ab sab khhatam krna hai,1
kabhi aisa socha nahin,0
workout ke baaad jissm dukh rha hai,0
bukhhr hai kal se,0
exm ne mar daala,0
zindagi khatam kaarnna cahhta hoon,1
golliyan kha li haiin miane,1
aaj mood ahhcha hai,0
main sab ka bjh hoon,1
jeene ki hiimmat naih rahi,1
aaj hi sab kahtam kar loona,1
thaak hon par khush hoon,0
koi ummed nahi raahi ab,1
pata hai ab jeene ka dil nahi karta,1
ab zindagi achhhi lag rahi hai,0
ghadi dekh raha hoon bas wqt aa gyaa,1
boe ho ke mar jauna,0
uddaas feel kar raa hoon aaj,0
bore ho ke mar jaaunag,0
"dost se laai ho gaayi, bura lag rahha hai",0
aaj ka din thhkee tha,0
dost milla bohat dion bada,0
 sab ko salm main ja raaha hoon,1
maain se ab kucch nahi hota,1
mian marna chhata hooon,1
kuhdkushi ka soch rhaa hoon,1
mina marna chahti hon,1
"barish ho rahi haii, chai ke lyiie best",0
gari bohta hai aaj kal,0
dost mila boht dinno baad,0
pehle soochta tha ab nahi,0
tka hon par khush hoon,0
"dost se laria ho gaayi, bura lag raha hai",0
mjuhhe bas mar jna hai,1
has has ke mar jaunggga,0
zindagi se taang aa gayya hono,1
main maarna chahta hoon,1
ghar men thodi larai ho gyi,0
mian khdu ko nuqsan pauhnchata hoon,1
"has has ke mar jaunga, I am done",0
khud ko nuqsan naaahi pahunchuanga,0
"koi umeed nahi rahi ab, I am done",1
maiin marna chahti hooon,1
mushkil waqt hai par guzzaar jayga,0
akla feel kar rha hoon aaj,0
kaam bhoat tha par ho gaaay,0
thhreapy se betar feel hota hai,0
mar hi jaoon ga itni gaarmi mein,0
bhoko se mar janag,0
jeeene ka dil kartta hai,0
aaj modo acha hai,0
"ghar waoln se baat hui, sab khsh",0
gooliyan kha li hain maine,1
udaas feeeel kar raha hono aaj,0
maain manra chahti hoon,1
bhoook lagi hai yar,0
alhamduulillah ab theek hon,0
main apni kaalai kaat raaha hoon,1
bas thoda waqt aur phiri main khatam,1
mujeh {t} marnna hai,1
main apni kalai kaat raaah hoon,1
workout ke baad jiissm duh raha hai,0
ini thakan ke mar jaun,0
cricket deekkhne ka plna hai,0
koi umeed nahi rah ab,1
drd mein hi sukoon mitla hai,1
breo ho raa hoon aaj,0
bohat pareshan hooon kaam ki waajah se,0
kuhd ko nuqan nahi phaunchaunga,0
ab jene ka dil nahi krta,1
phhanis laaga li hai,1
neend naaih aayi rat bhar,0
muuje bas mar jana hai,1
crict dekhne ka plan hai,0
kal cuuhtti hai,0
thoda thaka hooon kam se,0
sab theek cahal rha hai,0
"for real, aaj raat marna chahta hoon",1
circket dekhhne ka pllan hai,0
znidagi se tang aa gaayya hoon,1
main marrna chhati hoon,1
aaj rat marna cahta hoon,1
kuhdksuhi ka soch raaha hoon,1
main apni kaali kaat raha hoon,1
himmmat naahi har rahi bas thaka hooon,0
fmily ke saath dienr kiya,0
kash neend na toety kabhhi,1
broe ho raha hon aaj,0
dost miila bohat dino baad,0
main sab ka bohj hon,1
yaar ghadi dekh raha hoon bas waqt aa gaya,1
mar jaoon to sab saajh jaeynge,1
famliy ke satth dinner kiya,0
pata hai zindagi se tang aa gaya hoon,1
psi laga li hai,1
rassi chht se banndh di hai,1
"muujhhe maaf kar dena sab ko, main ja raha hoon",1
akela feeel kar rhaa hon aaj,0
zinddagi se tang aa gaya hoon,1
zeehr khaarid lia aaj hi,1
neend ki golian kha li bhat saari,1
sab bkeaar lagta hai ab,1
rseults ki tensino hai,0
naya phoone lyia hai,0
khudkushi ka sooch raa hoon,1
sab beaar laga hai ab,1
purani aat chor di,0
boroe ho ke mar jaunga,0
nya phoone liya hai,0
mar joaon to sab samajh jaynege,1
marren ka waqqt aa gaaya hai,1
chhat se kudnne wala hon,1
khudkushhi jaisi bat nai,0
zeheer pi lay hai,1
tkhaa hoon par khush hoon,0
ksah nend na tootey kabhi,1
glyian kha li hain maaine,1
khudukshi karna chhahta hooon,1
kaaam bohta tha par ho gya,0
dost mla bohat dion bada,0
assignment katam kar loon phir dekhe hain,0
tarfic ne jaan nial di,0
jeenee ka dil karta hai,0
gaarmi ne maar daa aaj,0
garmi ne mara dala aaj,0
min khud ko nuqasn pahunchatta hoon,1
exaam ne mar dala,0
main apnni kaalai kaat raha hon,1
kash neend na totey kbhi,1
thoda thaka hon kam se,0
main marna chaahta hooon,1
neend naahi aayi raaat bhar,0
thdoa thaak hoon kam se,0
dst mila bohat dio baad,0
gas chuua lagga hai ab,1
chi pi lo dukh khataam,0
ab jeeene ka dil nai karta,1
bhat paeshan hono kaam ki wajah se,0
aaj hi sab khahtam kar looonga,1
bas thoda watq aur pihr main khatam,1
"nya drmaa shuru kiya, story achih hai",0
muhhe bas mar jana hai,1
aaj hi sab khatam kar longag,1
 sab ko salam main ja rahha hono,1
khudkushi jaisi baaat nahi,0
gahdi dekh rha hoon bas waqt aa gaa,1
sab beaar lggta hai ab,1
mani marna chtha hoon,1
rasssi chhat se banhd di hai,1
"mujhe maf kar dena sab ko, main ja rhaa hoon",1
ppaa ke jaane ke bad main bhi khatam,1
khhd ko nuqsan nahhi pahunchaunga,0
main marna chahta hoooon,1
paapa ke jaane ke bad man bhi khatam,1
honestly main marna chahta hoon,1
sir ddar kar raha hai,0
sab ko allviad keh raha hooon,1
sab teeek cal raha hai,0
cickeet dekhne ka plan hai,0
aaj mod achh hai,0
ab sab khattaam karrna hai,1
sukoon naahi miltta kahin,1
bhook se mar juanag,0
aaj ka din theeeek tha,0
thaa hoon par khush hon,0
sab behtar hoa mee bina,1
saly aa gayi is mahine,0
"dost se larai ho giy, bura lag raha hai",0
crickkt dehne ka plan hai,0
ab mjhe jeenna nahi hai,1
neend nahi aayi rat bhra,0
muuhje bas mar jana hai,1
"barish ho rhi hi,a chai ke liye best",0
muuhe {t} marna hai,1
honestly main khud ko nuqsan pahunchata hoon,1
bore ho raah hoon aaj,0
"mujhe maaf kar dena sab ko, main ja rahha hoon",1
"mujhe maaf kar dena sab ko, main ja raha hoon",1
nya saal pe nayi ummeedein,0
khukdushi karna chhta hon,1
naya saal pe nayi ummeeedin,0
main sab ka booojh hon,1
toodi si khansi hai bas,0
cai pi lo dkh khatam,0
sab bhtar hogoa mere bina,1
sab behtar hga merre bina,1
workout ke bada jism duhk raa hai,0
jeeene ka dil krta hai,0
ab muje jeena naahi hai,1
goiyan kha li hian mine,1
andhera hi annhdea hai,1
dunyia se jaana chahta hoon,1
 sab ko salam min ja raaha hon,1
main sab ka boh hooon,1
main apni kali kaat raaha hoon,1
workout ke baad jsim dukkh raha hai,0
"ghaar walno se bat hui, sab khush",0
aaj phhir khud ko kaat baitha hooon,1
aaj hi sab khtaam kar lonoa,1
mujheh apni jaan dein hai,1
rassi chht se bahd di hai,1
khudkushi ka soh raha hoon,1
buhakar hai kal se,0
maaiin sab ka bohj hoon,1
mat hi rahat hai mere liye,1
neend ki golayn kha li bohat sari,1
garmi boha hai aaj kal,0
gas cuhhla laga hai ab,1
khudkushi karan cahhta hoon,1
results ki teiison hai,0
main marna chahhta hoon,1
"I swear dost se larai ho gayi, bura lag raha hai",0
"movie achhi lagi kal, I am done",0
neend ki goliyan kha li baot saari,1
marnre ka wqt aa gyaa hai,1
assignment katam kar loon phir dekhte hain,0
therapy se bahr feel hota hai,0
sab theek chhla raah hai,0
marre ka waaqt aa gya hai,1
eam ne maaar daa,0
ghra mein thdi lraai ho gayi,0
man mrana chahta hoon,1
sab bekaar lgaat hai ab,1
mar hi jaon ga itni grmi meni,0
chai pi lo duh khtma,0
assignment khatam kar loon phir dehte han,0
"barish ho rahi hia, chai ke liiye bst",0
main mana chhti hoon,1
khud ko nusan naahi pahunnchaunga,0
"akela feel kar raha hoon aaj, for real",0
bhkoo lgai hai yaar,0
honestly khudkushi ka soch raha hoon,1
gas chula lga hai ab,1
neend ki goliyan kha li bohat sarai,1
has has ke mar juungga,0
sab ko alvda keh raa hono,1
andheera hi anndhera hai,1
ab jene ka dil nahi katra,1
workout ke bad jism dukh raaha hai,0
"mattch dekha rat ko, mzaa aaya",0
marrne ka waaqt aa gaaay hai,1
cricekt dkhne ka plan hai,0
chia pi lo dukh khtaam,0
sukoon naahi mita kahhin,1
sab theek chal rahha hai,0
bhook se mar jugga,0
aaj rat marna cahta hon,1
kal chtuuit hai,0
kaam booht tha par ho gayya,0
zindagi khatam karnna chahta hon,1
drd mein hi skon milta hai,1
aaj phri khud ko kaat baaaitha hoon,1
chht se kude wala hon,1
drd mein hi sukon milat hai,1
neend nahi aayi raat bhaar,0
mar hi jaoon ga itni garmmi meni,0
dost miila boohat diino baad,0
blllade se kalai kaat li hai,1
bhuar hai kal se,0
"mujhe maaf kar denan sab ko, main ja raha hono",1
mar jaon to sab samajh jayengge,1
aaj hi sab khatam kar lgoona,1
"mujhhhe maaf kar dena sab ko, main ja raha hoon",1
mian marrna nahi chahta,0
ab maani hamesha ke liye ja raha hoon,1
jeeen ka dil karta hai,0
ghaar mein thodi laai ho gyai,0
naaya phone lyia hai,0
buuhkhar hai kal se,0
main mrnna chahta hoon,1
daard mein hi suukoon milta hai,1
gas chual lagga hai ab,1
aaj phir khud ko kaat biata hoon,1
blade se kalai kaaata li hai,1
mar jaaoon to sab samajh janyege,1
bohat paresan hono kaam ki wajh se,0
"mujeh maaf kar denan sab ko, main ja raha hoon",1
ab jeene ka dil nahi ktrta,1
khudkushi kanra chaahta hon,1
phnsi laaga li hai,1
pata hai main marna chahti hoon,1
sab thheek chal raah hai,0
ghar menni thodi larai ho gai,0
"ghhar wlaon se baat hui, sab kuhsh",0
sukoon nahi mitla kahin,1
kash neend na toootey kbahhi,1
mujhe apnni jan dei hai,1
aaj raat maarna chatah hoon,1
bore ho ke mar juanga,0
"matcch dekkha raat ko, maza aaya",0
"dost ke saath ghoomne gaya tha, for real",0
kal chtuuuti hai,0
ksh needn na tootey kabih,1
inti thakan ke mar jun,0
maain apni kalai kaat rhaa hooon,1
zeehr pi liiya hai,1
has has ke mar jauunngga,0
pele socha tha ab nai,0
khudkusshi karna chahhta hoon,1
maut hi rahat hai meer lyiie,1
faamilly ke saath dinner kiya,0
assignment khatam kar loon phir dkehet hani,0
rassssi chhat se bandh di hai,1
"naya drama shuru kiya, story achhi hai, seriously",0
main marna nahi chahhat,0
salary aa gaayi is mahnie,0
dadr mein hi sukooon milta hai,1
kud ko nuqsn nai pahunchaunga,0
main mrana nahi chahta,0
chhat se kdne wala hon,1
thhoddi si kahnsi hai bas,0
bas thoda waqt aur pihr mian khatam,1
eamx ne maar dalla,0
ksah neend na tooty kbahi,1
khudkushi karan chahtta hoon,1
mar jaooon to sab samajh jaenge,1
rassi chhat se baadh di hai,1
koi umed nhi rhi ab,1
bhok laagi hai yar,0
ab maaut chuni hai mane,1
"ghadi dekh raha hoon bas waqt aa gaya, I am done",1
goliayn kha li haiin maien,1
dost miila bohat dion baaad,0
naya poone lyia hai,0
bhook se mar jaugna,0
itni thakan ke mar jauuun,0
pehle scohta tha ab nhai,0
khudushi jaisi baat nahi,0
net sllllow hai aaj kal,0
neeend nahi aayi raat bhar,0
mar jaoooon to sab sammajh jayenge,1
bohok se mar jaungga,0
mujjhe mara hai,1
sab thek chaaal raha hai,0
main se ab kuuch naih hota,1
tehrapy se behtra feel htoa hai,0
khud ko nuqsan nahi pauhnchauna,0
jeeene ka dil katta hai,0
rassi chhaat se bnadh di hai,1
bhhook laagi hai yar,0
sab ko avdia keh rha hoon,1
himmat nahi har rahhi bas thaak hono,0
rslts ki tension hai,0
kuuhdkushi karna chahta hoon,1
dots ke saath ghoomne gaya tha,0
bhok lagi hai yar,0
ab jeene ka dil nhai kaarta,1
naya phnoe liya hai,0
main appni kaalai kaat raha hoon,1
aaj hi sab khatma kar loonoga,1
kash neennd na tootey kahbi,1
thodi si khansssi hai bas,0
bas thoda wqat aur phri maiin khatam,1
sab bekara lgta hai ab,1
ghaid dekkh raha hoon bas waqt aa gayya,1
jeene ki himmat nhi rahi,1
ab jeneee ka dil naahi karta,1
aaj rata marna chahhta hoon,1
chi pi lo duh khtam,0
"muhe maaf kar dea sab ko, main ja raha hoon",1
ab jene ka dil nai katra,1
assignment khatam kar loon phr dehte hain,0
koi umeed nahi rhhhi ab,1
bkhur hai kal se,0
sab betra hoga mere bina,1
mar jaon to sab sammajh jayenge,1
bore ho ke mar jauan,0
mut nahi chahye mjhe,0
zehhre pi liya hai,1
bladde se kallai kaaat li hai,1
pappa ke jaane ke bad main bhi khatma,1
ab zinadgi achhi lag rahi hai,0
bohok se mar jaunga,0
zheeer kharid liya aaj hi,1
fmaily ke saaath diner kiya,0
min marna chahta hoon,1
kash nneed na tootey kabhi,1
boe ho rhaa hono aaj,0
main se ab kuch naaahi htoa,1
main maran chahti hoon,1
khud ko nuqsan nahi pahunchauga,0
zidnagi se tang aa gaya hoon,1
graim bohat hai aaj kal,0
znddagi khatam karna chahta hoon,1
exm ne mraa dala,0
maain mrana nahi chahtta,0
bkuhra hai kal se,0
ghadi dekh rahha hoon bas waqt aa gaya,1
koi ueed naih rhai ab,1
aaj mood acaah hai,0
main marrna chahti hno,1
salary aa gayi is maahine,0
crickket dkhne ka plan hai,0
udaas feel kar raha hoono aaj,0
maain marna chahhti hoon,1
mujhe anpi jana deni hai,1
khudkushi jaii baat naahi,0
"dot se larai ho gayi, brua lag raah hai",0
mujeh apnni jaan deni hai,1
bhoat pareshan hon kaam ki wajah se,0
sab theke chl raah hai,0
family ke saah dinner kiya,0
bkkahr hai kal se,0
jeene ki hmmat nahi rahi,1
"barish ho rahi hai, chai ke liye bst",0
ab main hamesha ke lye ja raha hoo,1
ghadi dkh raha hoon bas waqt aa gaa,1
mujhhhe {t} marna hai,1
gas cla lagga hai ab,1
thodi si khansi hai bas,0
trffic ne jaan nial di,0
traffic ne jaan nial di,0
buukar hai kal se,0
aaj hi sab khtaam kar loga,1
dadr mein hi suokon milta hai,1
kud ko nuqsan nahi pahunchaunag,0
kuhdkushi karna cahhta hon,1
workout ke baad jism dukkkh raha hai,0
sab behetar hoga meer bina,1
khuudkshi karna cahta hoon,1
jeeene ki himmat nahhi rahhi,1
thodi si khnais hai bas,0
khhhud ko nuqsan naih pahunchaunga,0
neend ki goliiyan kha li bhot saari,1
zehhhr pi liya hai,1
muje bas mar janna hai,1
main apnni kalia kaat raha hoon,1
kash neend na tootey kahi,1
dard min hi sukoon mlia hai,1
ghr mein thodi lari ho gai,0
mar hi joaon ga ini grami mein,0
sir dadr kar rahah hai,0
ab mujh jeena nahhi hai,1
ghar mein thodi larai ho gayiy,0
kud ko nuqsna nahi pahunchaunga,0
adehra hi andhra hai,1
bohht pareshan hoon kaam ki wajah se,0
sachi goliyan kha li hain maine,1
honestly chai pi lo dukh khatam,0
zeher kahrdi liya aaj hi,1
blae se kalai kata li hai,1
dot mla bohat dino bada,0
exm ne mara dlaa,0
kash neend na tootey khib,1
workout ke baad jism dkh rahaa hai,0
"dost se lraai ho gayi, bura lag rhaa hai",0
cicket deekhne ka plan hai,0
jenne ka dil kaarta hai,0
khdukkushi karna chhahta hoon,1
thoi si kahnsi hai bas,0
dunyia se jaana chaahta hoon,1
bladed se kalai kaaat li hai,1
zeheer pi lya hai,1
sab behtar hoooga mere bina,1
iti thaakn ke mar jan,0
"for real, zeher kharid liya aaj hi",1
pehle sochtta tha ab nahhi,0
"dost se lari ho gayi, bura lag rahha hai",0
assginment khatam kar loon phir dekhte hain,0
rasi chhat se baandh di hai,1
kahs neend na totey kabbhi,1
exam ki tayaari chla rahi hai,0
movei achhhi lgi kal,0
gaaami bohat hai aaj kal,0
nyaa phonne liiya hai,0
hmamt nahi har rahi bas thaa hoon,0
aaj mod ahcah hai,0
udas feeel kar rahha hoon aaj,0
"himmat nahi har rahi bas thaka hoon, seriously",0
mje apni jaan dnei hai,1
ab mujhe jena naih hai,1
mjuhe maarna hai,1
exam ne maar dllaa,0
maaiin maarna chahta hoon,1
zindagi se tanng aa gaya hoono,1
mujhe apin jan dei hai,1
adhera hi anndhera hai,1
sab behtar hoga mree bin,1
rassi chhaat se banhd di hai,1
bre ho raa hon aaj,0
sab behtar hga meer bia,1
sab bekar laagta hai ab,1
sukoon nahi miila kahhin,1
dard meein hi skkoon milta hai,1
results ki tenison hai,0
family ke saath dinner kya,0
mar hi joon ga itni garmi mein,0
muhe api jaan deni hai,1
zehr khharid lia aaj hi,1
bore ho raah hooon aaj,0
main se ab kuch nhahi htoa,1
khudksuhi karnna chahta hoon,1
"ghar wanl se baat hui, sab khush",0
min se ab kuch nhi hta,1
zindagi se taaang aa gaya hoon,1
bhooook se mar jauga,0
skono nahi milta kahn,1
 sab ko salam mani ja raaha hoon,1
"nayya drama shru kiya, stoyr achhi hai",0
dot ke saaht ghoomne gaya tha,0
naya saal pe nayi umeeedein,0
gliyan kha li hain maiine,1
mar hi jaoon ga itni garim meiin,0
chi pi lo dukkh khtam,0
"dost se larai ho gayi, bura lag raha h",0
aaj raat manra chhaa hoon,1
kash nened na totoey kaabhi,1
maiin apni kalai kaat raaha hoon,1
zer kharid liyya aaj hi,1
khuudkshi ka soch raha hoon,1
thakka hooon par khush hon,0
maut nahi chahiye mujhhe,0
 sab ko slaam maiin ja raha hon,1
"ghar walon se baat hui, sab khush, not joking",0
"naya drama shuru kiya, story achih hai",0
mrrne ka wqt aa gaya hai,1
phasnni laga li hai,1
neend nahi aayi rata bhra,0
garmi ne mar dala aaj,0
himat nahi har rahi bas thaka hono,0
 sab ko saalm man ja raha hon,1
"maut nahi chahiye mujhe, for real",0
bas thoa waqqt aur phir main khatam,1
naya pone liyay hai,0
kash neend na tey kabhi,1
exam ki tyari cahl rhi hai,0
book lai hai yaar,0
"nyaa draam shuu kiya, story achhi hai",0
muhe marna hai,1
zeheeer pi lia hai,1
ghar meiin thodi laria ho gayi,0
mian marna chahit hoon,1
mut nahi cahie mujhe,0
jene ka dil kraat hai,0
"dost se larrai ho gayi, bura lag raha hai",0
sab bhtar hogga mere biina,1
main se ab kch nahi hota,1
ab main hamesha ke liye ja rahah hoon,1
"braish ho rahi haa,i chai ke liye best",0
pata hai aaj phir khud ko kaat baitha hoon,1
pppaa ke jaane ke baad man bhi khatam,1
assignment khtam kar loon phir dekhet hin,0
khudkushi kanra chhta hooon,1
neend ki gloian kha li bohat saari,1
salary aa gaayi is mahine,0
yaar papa ke jaane ke baad main bhi khatam,1
sab beehtar hogga mere bina,1
phannsi lagga li hai,1
blade se klai kat li hai,1
yaar neend nahi aayi raat bhar,0
khdkushi ka soch rha hoon,1
"main se ab kuch nahi hota, seriously",1
maain sab ka bjoh hoon,1
bkarh hai kal se,0
kahbi aissa soccha nahi,0
salayr aa gayi is mahinie,0
kaabhi aisa socha nahhi,0
nend ki goliyan kha li boat saari,1
zeheer kharrid liyya aaj hi,1
ab mut chhuni hai maine,1
muuskil waqt hai par guzar jaygea,0
jeene ki himmat naahi raahi,1
aaj raat manra chahta hoon,1
neend ki goliyan kha li bohat sari,1
main apni kalai kaat raha hono,1
therapy se behtar fele hota hai,0
bas thoda waqt aur phiir main katma,1
aaj rat marna chaahta hoon,1
kaaam boohat tha par ho gaya,0
kaam bhaot tha par ho gaya,0
dosst ke saath ghoomne gaya tha,0
mjuhe bas mar janan hai,1
man khhdu ko nuqsan pahunchata hoon,1
"barish ho raahi hai, chai ke liye bet",0
worokut ke baad jism duh raha hai,0
cricket dekhhne ka pln hai,0
golian kha li hain maie,1
ab mut chuni hai manie,1
koi umeed naih rhai ab,1
main api kalai kaat raha hono,1
ab main hammesha ke liye ja raha hoon,1
"bhook lagi hai yaar, seriously",0
purani aadaat chhor di,0
exaam ne maar dllaa,0
muujhe bas mar jnaa hai,1
muuje maarna hai,1
mat nai chahiye mujhe,0
aaj mood acchhha hai,0
aaj rat mrna chahta hoon,1
bohat pareshan hoooon kaam ki wajah se,0
bhook lgi hai yaaar,0
marrrne ka waqqqt aa gaya hai,1
muhkil watq hai par gzuar jayega,0
ab jeeene ka dil nai kartta,1
honestly mar hi jaoon ga itni garmi mein,0
kal chtttti hai,0
maut naih chahiye muje,0
ab zindagi achhih lag rahi hai,0
garmi ne maar daaaala aaj,0
drd mein hi sukoon milla hai,1
"mjhe maaf kar dna sab ko, mani ja raha hoon",1
rassi chhat se baandh di hai,1
cricket dekne ka pan hai,0
ab zindagi achi lag raahi hai,0
sukoon nhai milat kahin,1
skuon nahi milta kahin,1
khhudkusi karna chahta hoon,1
rasis chhat se baandh di hai,1
thhaka hooon par khush hon,0
maut hi rahat hai merer liye,1
"bohat pareshan hoon kaam ki wajah se, not joking",0
maiin sab ka bojjh hono,1
mujuhe bas mar jna hai,1
gas culha laga hai ab,1
maut hi raaahat hai mere liye,1
bas thoda waqt aur phir main katam,1
mujjhe bas mar jan hai,1
dst miila bohat dio baad,0
maaiin sab ka bojh hoon,1
ab main hamesha ke liye ja raaha hooon,1
"barish ho rahi hia, chi ke liye best",0
gas cula lga hai ab,1
aekla feeel kar raha hooon aaj,0
rasssi chhat se bandh di hai,1
khudukshi ka soch raha hoon,1
workout ke baad jism duh raa hai,0
drad mein hi skuoon mlta hai,1
traffic ne jan niikla di,0
khukusi ka soch raha hon,1
bukaahr hai kal se,0
book se mar jaugna,0
exxam ne maar dla,0
"barish ho rahi hia, chai ke liye bets",0
thaka hoon par kuhsh hnoo,0
sab ko alvida keh rhaha hoon,1
workout ke baad jism dkh raha hai,0
chhat se kudden wla hoon,1
bukhara hai kal se,0
has has ke mar jaanuga,0
bas thoda waqqt aur pihr main khatam,1
zndagi khaam karna chahta hooon,1
bohat preshan hoon kaaam ki wajah se,0
movie ahhi lagi kal,0
udasa feel kar raha hono aaj,0
ab maut chuni hai maie,1
ab maut chuni hai manae,1
neend ki goliyan kha li boaht saaari,1
"sukoon nahi milta kahin, for real",1
aaj rat marna chaha hono,1
boeer ho ke mar jaunga,0
zeer khaarid liiya aaj hi,1
salary aa gayyi is mhiine,0
pehle sota tha ab nhi,0
yaar sab theek chal raha hai,0
gas chlua lag hai ab,1
mar hi jaoon ga itni gari mnei,0
gari baht hai aaj kal,0
buhara hai kal se,0
thooid si khansi hai bas,0
naya saal pe nayi ummeeein,0
"aaj ka din theek tha, not joking",0
alhamduliillaah ab theek hoon,0
aaj raaat maarna chhta hoon,1
"udaas feel kar raha hoon aaj, seriously",0
salary aa gayi is maahhnie,0
neend nahi aayyi rat bhar,0
sab theek cal rahha hai,0
"for real, aaj ka din theek tha",0
mujhe apni jan dnei hai,1
has has ke mar jaanua,0
ab sab khhataam karrna hai,1
sab behtr hoga mre bnia,1
"gar walon se baat hui, sab khsuh",0
ab jeene ka dil nahi kaatra,1
maut hi rhaat hai mre liye,1
alhamdulllah ab theek honno,0
ab man hmesha ke lye ja raha hoon,1
purrani aaat chor di,0
"barish ho rahhi hi, chai ke lye best",0
main marna nhai chahta,0
zeeher pi liiya hai,1
dost mila bohaat dino baad,0
zindagi se tang aa gaa hoon,1
sukoon nahi milat kahin,1
ab main hamehsa ke liyye ja raha hoon,1
aaj raat mara chahta hoon,1
workuot ke bada jism duukh raha hai,0
mar hi jaoon ga ini garmi mien,0
udaaas feeel kar raha hoon aaj,0
paansi lga li hai,1
naya sal pe nayi ummeeddein,0
maut nahhi chhahiye mujhe,0
bukahar hai kal se,0
gas chual laagga hai ab,1
jeee ki himmat naih rai,1
main kuhd ko nuqsan pahunchata hoon,1
main se ab kch nahi hotat,1
sab tehek chla raha hai,0
zehr khard liya aaj hi,1
mushkil wqat hai par gzar jayega,0
ab jeeeene ka dil naih karta,1
"bukhar hai kal se, I am done",0
"akela feel kar raha hoon aaj, not joking",0
ab zindagi achi lag rai hai,0
kaash neend na totey kabhi,1
ab matu cuni hai maine,1
nend naahi aaiy raat bhar,0
nay phone liyya hai,0
zeheer pi liiyya hai,1
pahsni lga li hai,1
blade se kllaai kaaat li hai,1
goliyaan kha li hian maine,1
sir daard kar rahha hai,0
naya phone liyia hai,0
main anpi kalai kat raha hoon,1
khudkushi jaiis baat naaih,0
ab mujeh jeeena nahi hai,1
papa ke jaane ke baad main bhi khatma,1
resulst ki tesnino hai,0
ab sab khtama kara hai,1
zher kharid lya aaj hi,1
"blade se kalai kaat li hai, I am done",1
cahi pi lo dkh khaatm,0
booore ho raha hooon aaj,0
maain marna cahi hoon,1
main apni kali kat rhaa hoon,1
cricket dekkhhne ka plan hai,0
duniya se jaana chahtaa hoon,1
main maaran nahi chahta,0
has has ke mar jnuga,0
mar jaono to sab samajh jayeene,1
thaka hoon par khhs hon,0
mjje bas mar jana hai,1
naa saal pe naiy ummeedeni,0
famiyl ke saath dinner kiya,0
naaya phone liyya hai,0
koi umeeed nai rahhi ab,1
aaj mood acha hai,0
khuddkushi jaisi baat naih,0
zehher pi lyiia hai,1
kassh neend na tooty kabhhi,1
dard mein hi sukoon mlta hai,1
andheera hi adhera hai,1
mar hi jaoon ga itni gari meein,0
bhook laagi hai yar,0
rai chhat se banhd di hai,1
ab mhje jeena nhai hai,1
andea hi andhra hai,1
bas thoa waqt aur phr min khatam,1
ab maut chuni hai maen,1
mujhhe mrna hai,1
ab mujhe jeena naahi hai,1
moviie achhhi lagi kal,0
zeher khraid liya aaj hi,1
dard mein hi sukoon milta he,1
workoout ke baad jissm dukh raha hai,0
neend nahi aaiy rat bahr,0
ab maain hamesha ke liye ja rahha hooon,1
neend ki goilayn kha li bohat saari,1
thodi si khaasni hai bas,0
pata hai mujhe apni jaan deni hai,1
garmi ne maaar dlaa aaj,0
ab zindagi ahhi lag rahi hai,0
dard min hi sukoon mitla hai,1
garim bohaat hai aaj kal,0
doost ke saath ghoonme gaa tha,0
main khud ko nqsan pahunchaata hoon,1
chhat se kudne waalla hoon,1
"match dkehha raat ko, maza aaya",0
daardr mein hi sukoon milta hai,1
bas thoda waqt aur pihr main khatam,1
pata hai main apni kalai kaat raha hoon,1
sab behtar hoga mree binnna,1
anddhera hi anhrea hai,1
main khuud ko nuqsaan phunchata hoon,1
net solwo hai aaj kal,0
dard meiin hi sukoon milta hai,1
jene ki himat nai rahi,1
ghadi deekh rha hoon bas waqt aa gaa,1
maain sab ka boh hon,1
himmt nahi har rahi bas thakka hono,0
sir drda kar rahha hai,0
sukoon naahi milta kahin,1
mushkil wat hai par guar jayega,0
thaka hoon par khuh hon,0
khudkushi jaisi bat nhi,0
ab jeene ka dil nhi karrtta,1
bore ho ke mar jaunnnga,0
honestly maut hi rahat hai mere liye,1
mjhe ani jaaan deni hai,1
matu hi rahat hai mere liyye,1
goyan kha li hin maine,1
mauut hi rahta hai mere lie,1
alhadmullilah ab theek hoon,0
"braish ho rahi hai, chai ke lye best",0
"math dekha raat ko, mzaa aaya",0
main kud ko nuqsna pahunchata hoon,1
main se ab kuch naahhi hota,1
"match deha raat ko, maaz aaay",0
sab ko alvidda keh rahha hooon,1
"gar walon se baat hiu, sab khsh",0
dots mla bohat dino bada,0
mujeh bas mar jaa hai,1
reesults ki tenion hai,0
khudkshi ka soch raha hon,1
zindagi khhatam kaarnna chahta hoon,1
main khud ko nuqsan pahunchhata hooon,1
khudkushi ka soch raaha hooon,1
zeher pi lia hai,1
reesults ki tesnion hai,0
honestly sab bekaar lagta hai ab,1
ab main haamehsa ke liye ja raha hooon,1
khudkkushi ka soch raaha hoon,1
chhhat se kude wala hooon,1
muhje {t} mnra hai,1
min se ab kuucch nahi hota,1
purani aadat chhoor di,0
duniya se jaaa chahat hon,1
"sab ko alvida keh raha hoon, not joking",1
bohat pareshan hoon kam ki wajah se,0
"for real, neend ki goliyan kha li bohat saari",1
aaj hi sab khaatam kar loongga,1
aaj raaat marna chaahta hon,1
purai aadta chhor di,0
main khhud ko nuqsan pahunchata hoon,1
sab theke chl raha hai,0
jeene ka dil karta h,0
ab sab khatam kaa hai,1
"dts se larrai ho gayi, bura lag raha hai",0
rsults ki tennsion hai,0
bukkkar hai kal se,0
sab behtar hoag meer bina,1
"mathc deha raat ko, maza aaa",0
itni thhaan ke mar juan,0
raassi chaat se bandh di hai,1
todhi si khhansi hai bas,0
min se ab kuch naaahi hota,1
thaka hon par khsuh hooon,0
min manra chahti hon,1
ghar mein thdoi larai ho gayyi,0
balde se kaaalai kaat li hai,1
mar jaaooon to sab samajh jayyenge,1
"mujhe mafa kar dena sab ko, maiin ja raa hoon",1
taa hoon par khuh hoon,0
"barish ho raahi hi, chai ke liyye best",0
goliyan kha li hni maine,1
koi umeede nhai rahi ab,1
ab mujjhe jeena naih hai,1
ghadi dkeh rahha hoon bas waqt aa gaa,1
bhok se mar juga,0
bhoat parehsan hoon kaam ki wajah se,0
thoa thaka hoon kaaaam se,0
kabhi aisa soccha nhaai,0
zer pi lyia hai,1
kabhi aisa soccha nahi,0
min se ab kuch nhi hotta,1
gamri ne maaar dala aaj,0
khud ko nuqsan nahi pahunnchaunga,0
anndhea hi andhea hai,1
"dost se larrai ho gayi, buar lag rahha hai",0
zinadgi katam krna chahta hoon,1
mtau nhai chahiye mujhe,0
"barissh ho rai hai, chhai ke liye best",0
chht se kdune wala hoon,1
aaj hi sab khatm kar loona,1
family ke saath dinenr kiya,0
thoda thaka hono kma se,0
papa ke janae ke baad main bhi khatma,1
kam bohat tha par ho gaya,0
zndaig se tang aa gaya hoon,1
moive achih lagi kal,0
bade se kaalai kaat li hai,1
dost miila boht dino baad,0
nened ki goilyan kha li bohat saari,1
boer ho rahha hoon aaj,0
chat se kuden wala hooon,1
kahi aias socha nahi,0
papa ke janae ke baad main bhi khaam,1
mujhhe mna hai,1
"for real, traffic ne jaan nikal di",0
"muujhe maaf kar dean sab ko, main ja raha hoon",1
maiin marna chahhti hooon,1
moive achhi lgai kal,0
ab mujhe jeean nhi hai,1
thdi si kasni hai bas,0
maut naih chahiye mujhhe,0
gas chulal laaga hai ab,1
toad thaka hoon kaaam se,0
koi umed nhi rhai ab,1
tohda thakka hooon kaam se,0
sab bekaar lagta he ab,1
aaj raat marna chatha hoon,1
"naya drrama shuru kiya, story achhi hai",0
himmat naahi har rahi bas thakka hoon,0
book lgai hai yara,0
bllade se kaai kaaat li hai,1
mian se ab kucch nahi hotta,1
main sab ka bojjh hoo,1
maain sab ka boojh hon,1
mauut nahi chhahiye mujhe,0
bohat praeshn hoon kaam ki wajah se,0
needn nahi aayyi rata bhar,0
has has ke mar junnga,0
dots mila bohat diiino baad,0
slary aa gaayi is mahhine,0
mujhhe bas mar jaaan hai,1
aaj hi sab khtaam kar loonag,1
sir dard kar rhha hai,0
"mujhe maaaf kar denna sab ko, main ja raha hoon",1
movie achhi lai kal,0
kam bohta tha par ho gaaya,0
has has ke mar juaag,0
bldae se kaai kaaat li hai,1
muhskil waqt hai par guar jayega,0
kal chhttti hai,0
sab theeek chl rahha hai,0
gamri ne maaaar dala aaj,0
maain mara nahi chahta,0
muje bas mar jaana hai,1
ppaa ke jaanne ke baad main bhi khatam,1
zindaig khatam karna chhahta hoon,1
sir dad kar rhaa hai,0
ab mjuhe jeena nahi hai,1
chai pi lo dukh kahtam,0
"barish ho raahi hai, chaai ke liye bets",0
muat hi rahhat hai mere liye,1
main apin kalai kat raha hoon,1
mujeh bas mar jna hai,1
aaj phir kuhhd ko kat baitha hoon,1
purani adat chhro di,0
jenee ka dil kart hai,0
chhhat se kdune wala hoon,1
"naya drama shuru kiya, stroy achhi hai",0
jeee ka dil karta hai,0
mar jaoon to sab smajh jayennge,1
has has ke mar jagugna,0
kuhdkuushi ka soch raha hoon,1
resulst ki tesion hai,0
jeene ki hmimat nahhi rahi,1
goliyan kha li hin maaine,1
mujjhe mra hai,1
main apni kalai kaat raah hon,1
sukoon nahhi miilta kahin,1
dots mia bohat dino baad,0
zindaggi khatam kanra chahta hon,1
ksah neend na tooty kaabhi,1
koi umed naahi rahi ab,1
mujhe {t} manar hai,1
ab sab khaattm karna hai,1
mujhhe maran hai,1
mani sab ka bojh hoon,1
aaj phir khud ko kaat baitah hoon,1
khudkushi ka soch raha hooon,1
aaj mood acahh hai,0
ab muhe jenea nahi hai,1
thodi si khani hai bas,0
"for real, ghar walon se baat hui, sab khush",0
"mujhe maaf kar dna sab ko, min ja rhaa hoon",1
ab mani hamesha ke lie ja raha hoon,1
needn nahi aayi raat bhaar,0
duniya se jaana chahta hnoo,1
neend nahi aaayi raat bar,0
khudkushi jaisi bata naih,0
mar hi jaono ga ittni garmi men,0
muuje mana hai,1
borer ho ke mar jauunga,0
zeher khaid liya aaj hi,1
ab zinddaagi achhi lag rahhi hai,0
mue apni jaan denni hai,1
salay aa gayi is mahien,0
need ki goliyan kha li bhat saari,1
main kuhd ko nuqsan pahunchtaa hoon,1
mat hi rhat hai mere liye,1
goliyan kha li hain maiien,1
main khhud ko nuqsan pahunchata hooon,1
sab behtar hoga meer binna,1
"ab jeene ka dil nahi karta, I am done",1
himmmat nahi har rhi bas thaka hoon,0
andehra hi anndhera hai,1
puarni aadat chor di,0
assgnment khatam kar loon phri dkehte hain,0
bas thodda waqt aur phir maain khataam,1
thaka hooon par khhuhs hoon,0
jeene ki himamt nahi rahi,1
neend ki goliyan kha li bohhta saari,1
maain khud ko nuqsan pahunchata hooon,1
ab jeene ka dil nhai karta,1
zeher kharid liy aaj hi,1
exam ki tyaari chl rahi hai,0
bre ho rahha hon aaj,0
mujeh mra hai,1
"naa drama shuru kiya, story ahhi hai",0
yaar udaas feel kar raha hoon aaj,0
ab jeeene ka dil nhai karta,1
exam ne maara daa,0
muhje {t} mrana hai,1
gas cuhlla laga hai ab,1
gas chual lgaa hai ab,1
bore ho ke mar jauna,0
thid si khannsi hai bas,0
muuhje {t} marrna hai,1
aaj phir khud ko kaata baitha hoon,1
himmat nhi har rhi bas thaa hoon,0
"dost se laari ho gayi, bura lag raaha hai",0
workout ke baaad jsim dukh raha hai,0
puani aaadaat chhor di,0
aaj raat manna chahta hono,1
salary aa gayi is mahinnne,0
kash neend na tooey kabhi,1
mjue bas mar jaa hai,1
buukra hai kal se,0
gooliyna kha li hain maine,1
assignment khatam kar loon phir dekte hain,0
maaain khud ko nuqsan pahunchata hoon,1
main marnna chahtti hoon,1
rseutls ki tnesion hai,0
zindagi khataam karna chahta hon,1
dost ke saath ghomone gayya tha,0
akeal feel kar raah hoon aaj,0
teehrapy se behtar feel hota hai,0
cricet dekhne ka plan hai,0
dost mla bohat dnio baad,0
chhat se kudne waaal hoon,1
aaj mooood acha hai,0
ab mjuhe jeena nhai hai,1
ab main hamesa ke liye ja raha hoo,1
sir daard kar rhaa hai,0
mujhe marnna hai,1
khudkusih karna chahta hoon,1
muuhje marna hai,1
exm ki tayari chl raih hai,0
broe ho rah hoon aaj,0
dard men hi sukn milta hai,1
bas thooda waqt aur phir min khatam,1
sab bekaaar lagta hai ab,1
trraffic ne jan nikl di,0
salaary aa gayyi is mahiine,0
bhook se mar jga,0
pehle sotha tha ab nahhi,0
koi umed nai rhai ab,1
mujjeh marna hai,1
khud ko nsuan nahi pahunchaunga,0
ghar meein thodi laarai ho gai,0
thoda thhakka hoon kam se,0
matu naahi chahyie mujhe,0
exam ki tayari chal rahi h,0
zinagi khatam krana chahta hoon,1
ab maut chuuni hai maen,1
phaansi laga li hai,1
khud ko nuqsan nhai paunchaunga,0
sachi sir dard kar raha hai,0
zindagi khatam krana cahhta hoon,1
zee pi liya hai,1
phansi laaag li hai,1
bore ho raa hno aaj,0
mjuhe appni jaan dein hai,1
resutls ki tnnsion hai,0
sir daard kar rahaa hai,0
exma ki tayari chal rahhi hai,0
himmat naahi har raahi bas thaka hoon,0
thoad thkaa hoon kaam se,0
goliyan kha li hain miaen,1
sab beakar lagtta hai ab,1
duniya se jaannna chahta hoon,1
dot ke saatth ghoomne gya tha,0
ab sab khaatm kaarna hai,1
itnni thakan ke mar jan,0
akela fele kar raha hon aaj,0
ab zindagi acchhhi lag rahi hai,0
hmmat nai har rahi bas thaka hoon,0
main khud ko nuqsan pahunchata hoooon,1
kash nened na tootey kabi,1
mani khud ko nuqsan pahunhcata hoon,1
mujhe {t} marana hai,1
 sab ko sam mani ja raha hoon,1
ab main hameha ke liye ja rha hon,1
mar hi joon ga itnni grami mein,0
muushkil waqqt hai par guzar jayega,0
neend nahi aaiy raat bahr,0
peehle sochta tha ab nahi,0
kal cuthtti hai,0
man sab ka bjoh hooon,1
naya phhoe liya hai,0
gas cuula laga hai ab,1
kah neend na tootye kbhi,1
assignment khatam kar loon phir deekhte haain,0
main marrna chahtta hooon,1
udaas feeel kar raha hon aaj,0
buar hai kal se,0
grami ne maar daala aaj,0
honestly mujhe {t} marna hai,1
papa ke jaane ke baad min bhi katam,1
has has ke mar jnua,0
ghar menni thodi larai ho gayi,0
ksh neend na tootey khi,1
goliyan kha li hin mainne,1
itni thaakan ke mar jauan,0
bohta pareshan hoon kama ki wajah se,0
workout ke bda jissm dukh raha hai,0
main marna chahtti hoon,1
kaaam boaht tha par ho gayya,0
mueh bas mar jna hai,1
main khdu ko nqsan pahunchata hono,1
gri bohhat hai aaj kal,0
mar hi jaoon ga itin garmi mien,0
"mujhe maaf kar dena sab ko, man ja raaaha hoon",1
ab main hamesha ke liiye ja raha hono,1
maut hi rhaaat hai meere liye,1
ab sab khataam kaaran hai,1
boohat pareeshan hoon kam ki wajah se,0
sab ko alvia keh rhaa hooon,1
gas cuhla lga hai ab,1
neend nahi aayi rata bhar,0
sab theeek cal raaha hai,0
kuhdkushi karan chahta hoon,1
zeeher pi lyya hai,1
ab zdagi achhi lag rahi hai,0
mujhe anpi jan dein hai,1
papa ke jaaane ke bada main bhi khatam,1
khudkushi ka socch raha hon,1
ab zndagi achhi lag rih hai,0
ab mjujhe jeena nhai hai,1
goliyna kha li hain maaie,1
sab behtar hoag mre bina,1
marrnne ka wat aa gaya hai,1
book lagi hai yraa,0
mjhe appni jaan dein hai,1
assignment khatam kar loon phir deket hain,0
"for real, sir dard kar raha hai",0
ab maatu chuni hai maine,1
udaaas feel kar raha hon aaj,0
thaka hon par khsuuh hoon,0
khudkushi ka soch raha hu,1
exam ki tayari chhal raahi hai,0
ghaddi dekh raaha hoon bas waqt aa gaa,1
ab jeene ka dil nhai katra,1
I swear bhook se mar jaunga,0
ab jeene ka dil nhi krta,1
neeend ki goliyan kha li bohat saaair,1
mujeh {t} maa hai,1
ab maut cni hai maine,1
ab muje jeenna nai hai,1
dots mlia bohaat dino baad,0
ab main hamesha ke lyie ja rahha hon,1
jeene ka dil karra hai,0
bukaahhr hai kal se,0
muhje {t} mana hai,1
grami boht hai aaj kal,0
andhera hi andheera hai,1
ppa ke jaane ke baad main bhi khhatam,1
boohk lagi hai yar,0
"mjuhe maaf kar dena sab ko, main ja raha hon",1
main sab ka boohj hoon,1
aaj phir kuhd ko kaat baitha hooon,1
naaay pone liya hai,0
goolyian kha li haain maine,1
aaj pihr khd ko kaat baitha hoon,1
zheher pi liay hai,1
aaj pir khd ko kaat baitha hoon,1
taka hoon par khush hooon,0
garmi both hai aaj kal,0
kal chttui hai,0
zindagi se tng aa gya hoon,1
main maarna chaha hoon,1
"naya darma shuur kiya, story achhi hai",0
maut nahi chaihye mjueh,0
dard mein hi sukoon mila hai,1
kaam bohhat tha par ho gaayya,0
koi umeed nahai raih ab,1
udaas feel kar raaha hooon aaj,0
aaj raat marna chhaat hoon,1
cai pi lo dukh khhatam,0
famyl ke saath dinner kiya,0
bhook lgai hai yaar,0
honestly udaas feel kar raha hoon aaj,0
thaka hoon par kuhh hoon,0
"naya drama shuru kiya, sory achhi hai",0
khudkshi ka sohhc raha hoon,1
gaarmi ne maaar dala aaj,0
mushkil waqqt hai par guazr jayega,0
dard mein hi suokon mlta hai,1
ab maut chuni hai miaeen,1
min sab ka bjh hono,1
theerapy se behtar feel hota hai,0
sab bheatr hoga mere bina,1
mjue bas mar jaana hai,1
sab beekaar lagtta hai ab,1
aaj mood accchhha hai,0
ab mat chuin hai maine,1
pansssi laga li hai,1
"assignment khatam kar loon phir dekhte hain, I am done",0
yaar aaj hi sab khatam kar loonga,1
aaj hi sab khtam kar longa,1
"for real, mar hi jaoon ga itni garmi mein",0
khudkushi ka sccoh raha hoon,1
main se ab kuhc nahi hotta,1
aaj phhir khud ko kata baitha hoon,1
grmai ne maar dala aaj,0
alahmdulillah ab teek hoon,0
pansi lgaaa li hai,1
papa ke jaane ke baad maani bhi khatam,1
aaj hi sab khatma kar loonna,1
sab bhtar hoga mere bina,1
brre ho ke mar jaaunga,0
assignment khatam kar loon pir dekhet hain,0
"mujhe mafa kar dena sab ko, main ja raaha hooon",1
kal chhuuttti hai,0
himmat nahi har rahhi bas thaka hoon,0
chhta se kudne wla hoon,1
book se mar jaungag,0
duniyya se jaana chahta hoon,1
naya saal pe nayi umeeddein,0
khud ko nuqsan naiih pahunchaunga,0
phannsi laag li hai,1
bldae se kali kaat li hai,1
sachi papa ke jaane ke baad main bhi khatam,1
salary aa gayi is mine,0
"for real, thaka hoon par khush hoon",0
kabih aissa socha nahi,0
mujeh {t} mrna hai,1
main sab ka bjooh hoon,1
"papa ke jaane ke baad main bhi khatam, not joking",1
kash nened na tooty kabih,1
marrne ka waqt aa gaaaya hai,1
"cricket dekhne ka plan hai, not joking",0
bas thodda wat aur phir main khhatam,1
goliyan kha li hani maaien,1
"for real, zindagi khatam karna chahta hoon",1
bhook lgia hai yar,0
blade se kaalai kata li hai,1
kal chttti hai,0
sab ko alvida keh raa hooon,1
chai pi lo dukh khtam,0
aaj mood acchha hai,0
muhjje {t} mana hai,1
kah needdn na tootey kabhi,1
boore ho ke mar jauga,0
boore ho rahha hoon aaj,0
ghadi dkh raha hooon bas wqt aa gaya,1
gooliyan kha li hani maine,1
ini thkan ke mar jauun,0
koi umeed naaahi raih ab,1
zeher pi lyiia hai,1
ksah neend na tooteye kabhi,1
mar hi jaoon ga ini gari mien,0
main se ab kch nahi hotta,1
koi umeeed nhi rahi ab,1
sir dadr kar rah hai,0
maut hi raahat hai mere liye,1
exam ne maaar dala,0
anndhera hi anhdera hai,1
aaj moooood achha hai,0
himmmat naih har rahi bas thaka hoon,0
zniddagi se tng aa gaya hoon,1
duniya se jaana chaha hooon,1
main mrna chatha hon,1
main marna chahi hoon,1
puranni adaat chhor di,0
naaya saal pe nayi ummeeddein,0
phannsi laga li hai,1
marre ka wat aa gaa hai,1
kash nenned na tootey kabhi,1
muhje {t} maana hai,1
ab maut chui hai miane,1
aaj phir khud ko kaat baittha hoon,1
mujhe apni jana deeni hai,1
"dost se lari ho gyi, bura lag raha hai",0
"bariish ho rahi hai, chai ke liye bset",0
aaj ka din theekke tha,0
pehle sohcta tha ab naahi,0
mujhe bas mar jnnaa hai,1
drd mein hi sukon miilta hai,1
mat hi rahat hai mere lie,1
jeene ki himamt nhai rahi,1
dst mla bhoat dino baad,0
muujhe {t} marnnna hai,1
akela feel kar rahha hoon aaj,0
goliyan kha li han maine,1
salaary aa gyi is mahien,0
ab jeene ka dil niih karta,1
golliyan kha li hain mainne,1
jeee ki himmat naahi rahi,1
khudkushi karan chahta hooon,1
aaj raat maarna chaha hon,1
naya sal pe nyai ummedein,0
"dst se larai ho gayi, bua lag raha hai",0
aaj moood acchhha hai,0
kabhi asa sohca nahhi,0
ghr mein thoi larai ho gayi,0
jenee ki himmat nahi raih,1
sab ko alvdia keh raha hooon,1
zindagi se tng aa gaa hon,1
"honestly naya drama shuru kiya, story achhi hai",0
man marna cahti hoon,1
neend nai aayi rat bhar,0
pahis laga li hai,1
main sab ka bjh hooon,1
zindagi khatam krrana chahta hoon,1
zheer pi lay hai,1
balde se kaai kat li hai,1
zindagi khatam krana chahta hoon,1
assignmnt khatam kar lono phiir dekhte hain,0
marrne ka watq aa gaa hai,1
"dost se larai ho gay,i bura lag raah hai",0
sir dadr kar raahha hai,0
mar jaoon to sab saajh jayennge,1
itni thakan ke mar jun,0
naya salla pe naayi ummeedein,0
crickeet dehkne ka plan hai,0
nend ki golliyan kha li bohat saari,1
"thaka hoon par khush hoon, not joking",0
panssi lga li hai,1
naya pohne liiya hai,0
maut nhi chhiye mujhe,0
zher pi liia hai,1
kah neend na tootey kbahi,1
aaj hi sab khatam kar loonngga,1
mjeh bas mar janna hai,1
kaam boohat tha par ho gaay,0
ab mujhe jeena nahahi hai,1
zinddagi se tang aa gay hoon,1
dost mila booht dnio baad,0
alahmdulillha ab thheek hoon,0
maaut hi rahat hai meere liye,1
main sab ka boh hon,1
dost miila bohat dion bada,0
khudkushi ka soch rha hon,1
bhook se mar juna,0
sab bkaaar lagtta hai ab,1
has has ke mar jugna,0
"mujhe maf kar dena sab ko, maiin ja raah hoon",1
exam ki tayrai chal rahhhi hai,0
aaj phir khuud ko kaat baitha hooon,1
panis laga li hai,1
mar hi joaon ga itin garmi mein,0
mani marna chahta hooon,1
muat hi rhaat hai mere lie,1
duniiya se jaana chata hon,1
naya phne liyya hai,0
taffic ne jan nikkal di,0
workout ke baad jism dukh raaha hai,0
 sab ko salaam maain ja raha hon,1
khudkushi jissi baat nahhi,0
bade se kaali kaat li hai,1
mar hi jaooon ga itni gaarmi men,0
aaj ka din theek tha,0
boe ho ke mar jaunga,0
thaka hoon par khuhsh hoon,0
chai pi lo dukh khatam,0
dunyia se jaana chhata hooon,1
jeene ki himmat nai raih,1
"naya drama shuru kya, sory ahhi hai",0
movie achhi lagggi kal,0
mushkil wat hai par gzar jyaega,0
yaar sab behtar hoga mere bina,1
cai pi lo dukh khatma,0
I swear ab mujhe jeena nahi hai,1
marnre ka waqt aa gaya hai,1
ab mat cuhni hai mane,1
neneed nahi aayi raat bhaar,0
anhrea hi andhera hai,1
exam ne maara dala,0
"mth dekha raat ko, mzaa aaya",0
bkhhar hai kal se,0
main maarna chahti hooon,1
"barish ho rahi haii, chai ke liye besst",0
"mach dekha raaat ko, maza aayya",0
jeene ki himmta nahi rhai,1
movie ahchi laagi kal,0
ab man hamesa ke liye ja raha hoon,1
has has ke mar juga,0
family ke sath dinner kiay,0
net slow he aaj kal,0
exam ki tyaaari chal rai hai,0
marrne ka waqt aa gaa hai,1
duniya se janaa chahta hono,1
main khud ko nuqsna pahuunchata hoon,1
toad thaka hooon kaam se,0
neend ki goliyan kha li bhtta saari,1
asignment khatam kar loon phir dekhte hain,0
puurani aadat chhhoor di,0
kal cuttti hai,0
goliyan kha li hain mine,1
khudkushi karna chathta hoon,1
bohat pareshan hoon kaam ki waah se,0
dard men hi sukoon miiilta hai,1
therpay se behtar feel hota hai,0
thoodi si khhnasi hai bas,0
purani aaat chhhoor di,0
maut nhai chahiye muje,0
papa ke jaane ke bada maiin bhi khtam,1
main se ab kuuch nahi hoat,1
paapa ke jaaane ke baad man bhi khatam,1
pehle shta tha ab nhai,0
"naya drama shuu kiya, story achhi hai",0
sab behtar hoa mree bina,1
dnuiya se jaana chahta hoon,1
ab jeee ka dil nhi kartta,1
itni thaakn ke mar jauun,0
move achhih lagi kal,0
mar jaoon to sab samajh jaayenge,1
"himmat nahi har rahi bas thaka hoon, I am done",0
koi umeeed nai rahi ab,1
grami ne mar dala aaj,0
thoad thaka hooon kam se,0
"naya drrma shuru kiya, story achhi hai",0
rseults ki tenion hai,0
goolyan kha li hain maiine,1
ab maut chuin hai manie,1
naya sala pe nayi ummeedein,0
chhai pi lo dkh khtam,0
koi uemed nahhi rahi ab,1
movei achhi lgai kal,0
rasis chaht se bandh di hai,1
akla feeel kar raa hoon aaj,0
thoi si kasni hai bas,0
eaxm ne maar dla,0
"sir dard kar raha hai, seriously",0
rasi chhat se banh di hai,1
neeend ki goliyan kha li boat saari,1
puani aadat chohr di,0
pelle sohta tha ab nahi,0
main marna cahta hon,1
suukoon nhai mila kahin,1
aaj ka din theheek tha,0
ber ho raah hoon aaj,0
ghar mein thodi laai ho gayi,0
kabhi aisa sohac nahi,0
dosst mla bohat dino baad,0
zher pi lya hai,1
sab beakar lagaat hai ab,1
yaar zindagi se tang aa gaya hoon,1
zehe pi lya hai,1
"udaas feel kar raha hoon aaj, I am done",0
maut nahi chhahiye muujhhe,0
kah neend na tootey kabi,1
dadr mein hi sukooon milat hai,1
ghai dekh raha hoon bas waqt aa gaya,1
ghar mein thdoi larrai ho gayi,0
andear hi andhera hai,1
phansi laa li hai,1
alhamdulillah ab thheek hoon,0
aaj mood achhhha hai,0
intni thhakan ke mar jaun,0
"ghhra walon se baat hui, sab khush",0
sir drd kar rahaa hai,0
dosst ke saath ghhoomne gaya tha,0
zeher kharrid liay aaj hi,1
mjhe mana hai,1
aaj hi sab kattam kar looonga,1
duniyya se jaana chaahta hoon,1
"mujhe maaf kar dena sab ko, min ja raha hoon",1
muhe appin jaan deni hai,1
has has ke mar juangga,0
khud ko nqsan nahi pahhunchaunga,0
sab bhetar hoga mere bia,1
muhe bas mar jana hai,1
"ghar waloon se baat hui, sab khush",0
thooodi si khansi hai bas,0
rsasi chaht se bandh di hai,1
himmat naahi har rahhi bas thaka hoon,0
paap ke jaane ke baad main bhi khatm,1
goliyyan kha li haiin maine,1
kash neend na toootey kaabhi,1
ksah neend na tootey kabhhi,1
rseuults ki teension hai,0
"dost se larai ho gayi, buar lag rha hai",0
aaj raaat marna chatha hono,1
muujhe mannra hai,1
main maran chahta hon,1
bas thoda wqat aur pir main khatam,1
main marna nahi chaahta,0
chaht se kuddne wala hooon,1
zindaggi khatam karrna chahta hon,1
"match dekkha rat ko, maaz aaya",0
"ghhar walon se baaat hu, sab khush",0
"naya daa shuru kiya, stoyr achhi hai",0
"match dekha raat ko, maza aaya, I am done",0
goilyan kha li hain mainne,1
ab main hamesha ke liye ja raaha hoon,1
"khudkushi jaisi baat nahi, not joking",0
paa ke jaane ke baad mian bhi khhatam,1
ab manni hamesha ke liye ja raha hon,1
cricket dekhhnne ka plan hai,0
khudkusih jaisi baat nahhhi,0
koi ued nhi rahi ab,1
naya phone liya he,0
mujhe bas mar jaan hai,1
book lai hai yar,0
mar jaooon to sab samahj jayenge,1
maut nahi chhahiye muhej,0
prani addaat chhor di,0
sukoon nhai mita kahin,1
zindagi khatam karan chahta hoon,1
"gahr walon se baat hu,i sab khush",0
aaj phiir khud ko kaat baitha hon,1
sab thheek chl raha hai,0
boer ho raa hooon aaj,0
rassi chat se bnddh di hai,1
therrrapy se behtar feel hota hai,0
bhoook lagi hai yaaar,0
ab zindagi ahchi lag rhhi hai,0
aaj modo achhah hai,0
kah needn na toottey kabhi,1
boohat paresan hoon kaam ki wajjah se,0
muje {t} marrnna hai,1
gas chuual lga hai ab,1
therayp se behtr feeel hota hai,0
thoddi si khansni hai bas,0
ziinagi se tang aa gayya hoon,1
bas tohda waqqt aur phir main khatam,1
wrokout ke baad jism dukh raha hai,0
purani aadddat chhor di,0
exam ki tayari chhal rahi hai,0
sachi ghadi dekh raha hoon bas waqt aa gaya,1
blae se kaalai kaat li hai,1
aaj ka din theehek tha,0
phhansi laa li hai,1
"muujhe mafa kar dena sab ko, main ja raha hoon",1
bohhat pareshan hoon kaam ki wajah se,0
buukkhaar hai kal se,0
maut nahi chahiye muujhe,0
ab muujhhe jeea nahi hai,1
 sab ko slam main ja rahha hoon,1
garm bhat hai aaj kal,0
sukoon nahi mila kahin,1
ab maaaut chuni hai miane,1
thdi si khaansi hai bas,0
dard meiin hi sukoon millta hai,1
movie achhhi lgi kal,0
main sab ka boojjh hooon,1
"dost se larai ho gaiy, bura lag raha hai",0
jeene ki himmat nai rahi,1
bore ho rha hno aaj,0
sab theek cahl rhaa hai,0
dard mein hi sukono mta hai,1
thkka hooon par khush hoon,0
blade se kllai kat li hai,1
ab jeee ka dil nhi kata,1
threapy se behtar feeel htoa hai,0
pehle sochta tha ab nhai,0
kash neend na tooty kabbi,1
rassi chhat se bnadddh di hai,1
bas thoda wqt aur pihr main khaatm,1
toda thhaak hoon kaam se,0
khud kushi ka soch raha hoon,1
gas cuhhla laag hai ab,1
neend nahi ayi raaat bhar,0
blaade se kalai kaaat li hai,1
ab sab khaatam kana hai,1
buukhhra hai kal se,0
buhkhar hai kal se,0
thaka hoon par khuhs hoon,0
buhhar hai kal se,0
mut nahi chahiey muje,0
"ghar walon se baat hui, sab khush, seriously",0
eaxm ne maaar dla,0
jeene ki himmt nahi raahi,1
andhear hi anheera hai,1
pata hai results ki tension hai,0
ghar mein thdi laraai ho gayi,0
main sab ka bjho hoon,1
main marna caahhta hon,1
exam ki tayri chal rahhi hai,0
ppaa ke jnae ke baad main bhi khatam,1
aaj hi sab khaam kar looga,1
jeene ka dil katta hai,0
raassi chhta se bandh di hai,1
"exam ne maar dala, not joking",0
bhook lig hai yaaar,0
exam ki tayarri chl rhi hai,0
duniiya se janaa chahta hono,1
kash ned na tooey kabhi,1
khuudkushi jaisi baaaat nahi,0
"ghaar walon se baat hui, sab kuhsh",0
bore ho ke mar jauunnag,0
"barish ho rahi hai, chai ke lye beesst",0
exaxm ne maaar dala,0
nayya phone lyia hai,0
min manra chatha hoon,1
chat se kuddne wala hoon,1
duniya se jaana chaahta hooon,1
exam ki tayari chl rahih hai,0
salaayr aa gyi is mahine,0
grmi bohat hai aaj kal,0
gas chul laga hai ab,1
man marna chahti hoon,1
exa ne maaar dala,0
mjeh bas mar jaa hai,1
main mara chahti hon,1
aaj hi sab khtam kar longga,1
maiin maran nahhi chahta,0
mar hi jaoon ga inti garrmi mien,0
tafic ne jan nikal di,0
papa ke jaane ke baad man bhi khatam,1
ghadi dekh raha hoon bas waaqt aa gayya,1
ab maut chunni hai mine,1
kama bohat tha par ho gaa,0
aaj mod accha hai,0
ab muujhe jna nahi hai,1
itni thakaan ke mar jaaun,0
mujhe manra hai,1
sab ko alvda keh raah hono,1
crickt deknhe ka plan hai,0
bas thoa waqt aur phir main khatam,1
ab maut cuhi hai miane,1
zeheer khaird lia aaj hi,1
exaam ki tayari cal rhai hai,0
"bhook se mar jaunga, not joking",0
ab sab khhaatm karrna hai,1
man khhud ko nusqan pahunchata hoon,1
boe ho ke mar jaugnna,0
mujhe {t} maarnan hai,1
dost ke saaht ghoonme gaya tha,0
ittni thhakan ke mar juan,0
bore ho raa honno aaj,0
ab muhje jeeena naahi hai,1
sab theeek chl rha hai,0
marrne ka waqqqt aa gaa hai,1
brooe ho ke mar jaunga,0
salary aa gai is mhaie,0
movie achhi lggai kal,0
mat nahi chaiye mujhe,0
ab muje jeean nahi hai,1
chhat se kudne waa hoon,1
main se ab kuuch nhai hota,1
mar jaon to sab saamajh jayenge,1
blade se kalai kaat li he,1
gamri ne mar dalla aaj,0
mani khdu ko nuqsan pahunchata hoon,1
chi pi lo dkh khatma,0
muaat naih chahiye mujhe,0
gaarmi booht hai aaj kal,0
ziindagi khattam kaarna chahta hoon,1
rasis chhta se banhd di hai,1
buuakr hai kal se,0
boat pareshan hoon kaam ki wajah se,0
"match dekha raaat ko, maza aaay",0
soukon nahi milta khin,1
goliiyan kha li hain maaien,1
tohdi si khanis hai bas,0
bore ho ke mar juga,0
rassi chhhhat se bandh di hai,1
udaas fele kar raaha hoon aaj,0
ab main haamesha ke liye ja raha hon,1
has has ke mar jangua,0
"chai pi lo dukh khatam, for real",0
eam ki taari chal rahi hai,0
neeed ki goliyan kha li bohat saari,1
bohat paresshan hon kaam ki wjaah se,0
bukkra hai kal se,0
"briash ho rahhi hai, chai ke liye best",0
assigmnent khatam kar looon phir dekhte hian,0
mvie achih lgai kal,0
dst milla bohat dino baad,0
mar jaono to sab samajh jyenge,1
bre ho rahha hoon aaj,0
aaj modo achhhha hai,0
pata hai ab maut chuni hai maine,1
zinndagi khatm karna chaahta hoon,1
mar jaooon to sab samajh jyaene,1
gari bot hai aaj kal,0
kbahi aisa scha nahi,0
khukdushi ka soch rahaa hoon,1
main khud ko nuqsaan pahunchata hono,1
ghar mein thodi larai ho gaaayi,0
mujhe mrna hai,1
resuls ki tesnin hai,0
